Workbook

Sheet Instruções
A1: Arquivo privado do Gestor de Pessoas
A2: NÃO compartilhe com GP nem com Líder Técnico. Este arquivo existe separado por privacidade, não por organização.
A4: Ciclo ativo | B4: 2026-Q3 | D4: LISTAS
A5: Hoje | B5: =TODAY() | D5: Nível | E5: Fator | F5: Base do sinal | G5: Status retenção | H5: Tipo registro | I5: Status registro | J5: Senioridade
A6: Índice do ciclo ativo | B6: =VALUE(LEFT($B$4,4))*4+VALUE(RIGHT($B$4,1)) | D6: Baixo | E6: Remuneração | F6: Declarado pela pessoa | G6: Aberto | H6: Aspiração de carreira | I6: Em aberto | J6: Júnior
D7: Médio | E7: Alocação / projeto | F7: Observado por mim | G7: Em ação | H7: Compromisso que assumi | I7: Cumprido | J7: Pleno
A8: POR QUE ESTE ARQUIVO É SEPARADO | D8: Alto | E8: Carreira travada | F8: Terceiro reportou | G8: Encerrado — retida | H8: Feedback de terceiro | I8: Renegociado | J8: Sênior
B9: Excel não tem controle de acesso por linha. Prometer 'só o Gestor vê' dentro do arquivo que o GP abre todo dia seria falso. Separação de arquivo é o único controle de acesso que o formato paga — por isso retenção, caso de promoção e registro privado vivem aqui, e não na planilha da squad. | E9: Relação com a liderança | G9: Encerrado — continua em risco | H9: Leitura de padrão entre ciclos | I9: Não cumprido | J9: Especialista
B10: Se o GP enxergar a avaliação de risco de retenção, ele muda como aloca a pessoa. Vira profecia autorrealizável. | E10: Carga de trabalho | G10: Encerrado — saiu
A11: COMO OS DADOS CHEGAM AQUI | E11: Fora do trabalho
B12: Por cópia manual, no fechamento do ciclo. NÃO crie link externo para a planilha da squad: link externo quebra, ninguém conserta, e o Excel passa a mostrar o último valor em cache como se fosse atual. | E12: Não identificado
B13: Use sempre o ID da pessoa (P001), nunca só o nome. Nome muda; ID não.
A14: RISCO DE RETENÇÃO — AS DUAS REGRAS QUE IMPORTAM
A15: Regra 1 | B15: Risco é uma AVALIAÇÃO DATADA, nunca um atributo da pessoa. Toda linha tem data e validade de 2 ciclos. Risco não reafirmado esvazia sozinho — é a única defesa contra 'risco alto' de dois anos atrás virar cicatriz que o próximo gestor lê como fato.
A16: Regra 2 | B16: Alto desempenho × alto risco é o único quadrante com PRAZO: ação em 15 dias, com fator identificado e contrapartida concreta. Conversa vaga não conta como ação. E registre o desfecho — quem não fecha o loop nunca aprende por que perde gente.
A17: CASO DE PROMOÇÃO
B18: Promoção se sustenta em trajetória, não em um trimestre bom. No primeiro ciclo de uso o veredito é 'Sem base' — nunca 'Caso frágil'. 'Frágil' é um juízo sobre a pessoa; emiti-lo por ausência de dados que ainda não podiam existir é injusto e queima a ferramenta na primeira semana.
B19: Diversidade de evidência é o número mais subestimado da tabela: notas altas vindas todas do mesmo avaliador não são um caso, são uma opinião. Pegue o valor na coluna 'novo avaliador' da aba Ocorrências da squad.
A20: REGISTRO DO GESTOR
B21: Compromisso que você assumiu e não registrou é dívida invisível — e é a principal causa de pedido de demissão surpresa. Os que vencem em 7 dias ficam destacados no topo da aba.
A22: O QUE NÃO ENTRA AQUI, EM NENHUMA ABA
B23: Conduta, assédio, denúncia, saúde, diagnóstico, religião, orientação sexual, filiação sindical, origem racial e vida familiar. Isso corre em processo próprio do RH. 'Contexto pessoal' significa carga e disponibilidade, não intimidade.
B24: Regra prática que vale para as três abas: não escreva nada que você não sustentaria lendo em voz alta para a pessoa.

Sheet Retenção
A1: Risco de retenção — uma linha por AVALIAÇÃO, com data
A2: Nunca um atributo permanente da pessoa. A validade de 2 ciclos é o mecanismo central desta aba.
A3: Risco não reafirmado esvazia sozinho. Sem isso, 'risco alto' de dois anos atrás vira cicatriz que o próximo gestor lê como fato — e a pessoa paga por uma conversa que ninguém lembra.
A4: Data | B4: ID_PESSOA | C4: Nome | D4: Nível | E4: Fator | F4: Base do sinal | G4: Ação concreta | H4: Prazo | I4: Status | J4: Desfecho registrado | K4: Idx ciclo | L4: Válido até (idx) | M4: Vigente? | N4: Dias sem ação
A5: 46260 | B5: P003 | C5: Carla Nunes | D5: Alto | E5: Carreira travada | F5: Declarado pela pessoa | G5: Assumir a trilha técnica do Contrato B como referência de arquitetura, com escopo formalizado até 15/09. | H5: 46275 | I5: Em ação | K5: =IF($A5="","",YEAR($A5)*4+ROUNDUP(MONTH($A5)/3,0)) | L5: =IF($K5="","",$K5+2) | M5: =IF($A5="","",IF(AND(LEFT($I5,9)<>"Encerrado",$L5>=Instruções!$B$6),"Sim","Não")) | N5: =IF(OR($A5="",$M5<>"Sim"),"",IF($D5<>"Alto","",IF($I5="Em ação","em ação",Instruções!$B$5-$A5)))
K6: =IF($A6="","",YEAR($A6)*4+ROUNDUP(MONTH($A6)/3,0)) | L6: =IF($K6="","",$K6+2) | M6: =IF($A6="","",IF(AND(LEFT($I6,9)<>"Encerrado",$L6>=Instruções!$B$6),"Sim","Não")) | N6: =IF(OR($A6="",$M6<>"Sim"),"",IF($D6<>"Alto","",IF($I6="Em ação","em ação",Instruções!$B$5-$A6)))
K7: =IF($A7="","",YEAR($A7)*4+ROUNDUP(MONTH($A7)/3,0)) | L7: =IF($K7="","",$K7+2) | M7: =IF($A7="","",IF(AND(LEFT($I7,9)<>"Encerrado",$L7>=Instruções!$B$6),"Sim","Não")) | N7: =IF(OR($A7="",$M7<>"Sim"),"",IF($D7<>"Alto","",IF($I7="Em ação","em ação",Instruções!$B$5-$A7)))
K8: =IF($A8="","",YEAR($A8)*4+ROUNDUP(MONTH($A8)/3,0)) | L8: =IF($K8="","",$K8+2) | M8: =IF($A8="","",IF(AND(LEFT($I8,9)<>"Encerrado",$L8>=Instruções!$B$6),"Sim","Não")) | N8: =IF(OR($A8="",$M8<>"Sim"),"",IF($D8<>"Alto","",IF($I8="Em ação","em ação",Instruções!$B$5-$A8)))
K9: =IF($A9="","",YEAR($A9)*4+ROUNDUP(MONTH($A9)/3,0)) | L9: =IF($K9="","",$K9+2) | M9: =IF($A9="","",IF(AND(LEFT($I9,9)<>"Encerrado",$L9>=Instruções!$B$6),"Sim","Não")) | N9: =IF(OR($A9="",$M9<>"Sim"),"",IF($D9<>"Alto","",IF($I9="Em ação","em ação",Instruções!$B$5-$A9)))
K10: =IF($A10="","",YEAR($A10)*4+ROUNDUP(MONTH($A10)/3,0)) | L10: =IF($K10="","",$K10+2) | M10: =IF($A10="","",IF(AND(LEFT($I10,9)<>"Encerrado",$L10>=Instruções!$B$6),"Sim","Não")) | N10: =IF(OR($A10="",$M10<>"Sim"),"",IF($D10<>"Alto","",IF($I10="Em ação","em ação",Instruções!$B$5-$A10)))
K11: =IF($A11="","",YEAR($A11)*4+ROUNDUP(MONTH($A11)/3,0)) | L11: =IF($K11="","",$K11+2) | M11: =IF($A11="","",IF(AND(LEFT($I11,9)<>"Encerrado",$L11>=Instruções!$B$6),"Sim","Não")) | N11: =IF(OR($A11="",$M11<>"Sim"),"",IF($D11<>"Alto","",IF($I11="Em ação","em ação",Instruções!$B$5-$A11)))
K12: =IF($A12="","",YEAR($A12)*4+ROUNDUP(MONTH($A12)/3,0)) | L12: =IF($K12="","",$K12+2) | M12: =IF($A12="","",IF(AND(LEFT($I12,9)<>"Encerrado",$L12>=Instruções!$B$6),"Sim","Não")) | N12: =IF(OR($A12="",$M12<>"Sim"),"",IF($D12<>"Alto","",IF($I12="Em ação","em ação",Instruções!$B$5-$A12)))
K13: =IF($A13="","",YEAR($A13)*4+ROUNDUP(MONTH($A13)/3,0)) | L13: =IF($K13="","",$K13+2) | M13: =IF($A13="","",IF(AND(LEFT($I13,9)<>"Encerrado",$L13>=Instruções!$B$6),"Sim","Não")) | N13: =IF(OR($A13="",$M13<>"Sim"),"",IF($D13<>"Alto","",IF($I13="Em ação","em ação",Instruções!$B$5-$A13)))
K14: =IF($A14="","",YEAR($A14)*4+ROUNDUP(MONTH($A14)/3,0)) | L14: =IF($K14="","",$K14+2) | M14: =IF($A14="","",IF(AND(LEFT($I14,9)<>"Encerrado",$L14>=Instruções!$B$6),"Sim","Não")) | N14: =IF(OR($A14="",$M14<>"Sim"),"",IF($D14<>"Alto","",IF($I14="Em ação","em ação",Instruções!$B$5-$A14)))
K15: =IF($A15="","",YEAR($A15)*4+ROUNDUP(MONTH($A15)/3,0)) | L15: =IF($K15="","",$K15+2) | M15: =IF($A15="","",IF(AND(LEFT($I15,9)<>"Encerrado",$L15>=Instruções!$B$6),"Sim","Não")) | N15: =IF(OR($A15="",$M15<>"Sim"),"",IF($D15<>"Alto","",IF($I15="Em ação","em ação",Instruções!$B$5-$A15)))
K16: =IF($A16="","",YEAR($A16)*4+ROUNDUP(MONTH($A16)/3,0)) | L16: =IF($K16="","",$K16+2) | M16: =IF($A16="","",IF(AND(LEFT($I16,9)<>"Encerrado",$L16>=Instruções!$B$6),"Sim","Não")) | N16: =IF(OR($A16="",$M16<>"Sim"),"",IF($D16<>"Alto","",IF($I16="Em ação","em ação",Instruções!$B$5-$A16)))
K17: =IF($A17="","",YEAR($A17)*4+ROUNDUP(MONTH($A17)/3,0)) | L17: =IF($K17="","",$K17+2) | M17: =IF($A17="","",IF(AND(LEFT($I17,9)<>"Encerrado",$L17>=Instruções!$B$6),"Sim","Não")) | N17: =IF(OR($A17="",$M17<>"Sim"),"",IF($D17<>"Alto","",IF($I17="Em ação","em ação",Instruções!$B$5-$A17)))
... K104: =IF($A104="","",YEAR($A104)*4+ROUNDUP(MONTH($A104)/3,0)) | L104: =IF($K104="","",$K104+2) | M104: =IF($A104="","",IF(AND(LEFT($I104,9)<>"Encerrado",$L104>=Instruções!$B$6),"Sim","Não")) | N104: =IF(OR($A104="",$M104<>"Sim"),"",IF($D104<>"Alto","",IF($I104="Em ação","em ação",Instruções!$B$5-$A104)))

Sheet Caso de Promoção
A1: Caso de promoção — trajetória, não ciclo
A2: Cole os gaps do Painel da squad ao fim de cada ciclo. Promoção se sustenta em desempenho sustentado, não em um trimestre bom.
A3: Notas altas vindas todas do mesmo avaliador não são um caso, são uma opinião. Diversidade de evidência é o número mais subestimado desta tabela. | E3: =TEXT(INT((Instruções!$B$6-5-1)/4),"0000")&"-Q"&(Instruções!$B$6-5-INT((Instruções!$B$6-5-1)/4)*4) | F3: =TEXT(INT((Instruções!$B$6-4-1)/4),"0000")&"-Q"&(Instruções!$B$6-4-INT((Instruções!$B$6-4-1)/4)*4) | G3: =TEXT(INT((Instruções!$B$6-3-1)/4),"0000")&"-Q"&(Instruções!$B$6-3-INT((Instruções!$B$6-3-1)/4)*4) | H3: =TEXT(INT((Instruções!$B$6-2-1)/4),"0000")&"-Q"&(Instruções!$B$6-2-INT((Instruções!$B$6-2-1)/4)*4) | I3: =TEXT(INT((Instruções!$B$6-1-1)/4),"0000")&"-Q"&(Instruções!$B$6-1-INT((Instruções!$B$6-1-1)/4)*4) | J3: =TEXT(INT((Instruções!$B$6-1)/4),"0000")&"-Q"&(Instruções!$B$6-INT((Instruções!$B$6-1)/4)*4)
A4: ID_PESSOA | B4: Nome | C4: Senioridade | D4: Meses no nível | E4: gap -5 | F4: gap -4 | G4: gap -3 | H4: gap -2 | I4: gap -1 | J4: gap ciclo atual | K4: Gap médio (3 últimos) | L4: Ciclos consecutivos com gap ≥ 0 | M4: Ocorrências vinculadas | N4: Avaliadores distintos | O4: Evidência de escopo ampliado | P4: Caso montado? | Q4: Veredito | R4: c1 | S4: c2 | T4: c3 | U4: c4 | V4: c5 | W4: c6
A5: P001 | B5: Ana Ribeiro | C5: Pleno | H5: -0.1 | I5: 0.2 | J5: 0.375 | K5: =IF($B5="","",IF(COUNT($H5:$J5)=0,"",AVERAGE($H5:$J5))) | L5: =IF($B5="","",IF($J5<>"",$W5,IF($I5<>"",$V5,IF($H5<>"",$U5,IF($G5<>"",$T5,IF($F5<>"",$S5,$R5)))))) | M5: 2 | N5: 2 | O5: Assumiu os testes da rota de resgate como dona, com o LT como rede de proteção. | P5: =IF($B5="","",IF(AND($M5>0,$N5>1,LEN($O5)>20),"Sim","Não")) | Q5: =IF($B5="","",IF(COUNT($E5:$J5)<3,"Sem base — poucos ciclos",IF($N5<=1,"Caso frágil — um avaliador só",IF($M5=0,"Caso frágil — sem evidência",IF($L5<2,"Caso frágil — não sustentado",IF(AND($L5>=3,$K5>=0.2,$P5="Sim"),"Caso sustentado","Caso em formação")))))) | R5: =IF($E5="",0,IF($E5>=0,1,0)) | S5: =IF($F5="",0,IF($F5>=0,$R5+1,0)) | T5: =IF($G5="",0,IF($G5>=0,$S5+1,0)) | U5: =IF($H5="",0,IF($H5>=0,$T5+1,0)) | V5: =IF($I5="",0,IF($I5>=0,$U5+1,0)) | W5: =IF($J5="",0,IF($J5>=0,$V5+1,0))
K6: =IF($B6="","",IF(COUNT($H6:$J6)=0,"",AVERAGE($H6:$J6))) | L6: =IF($B6="","",IF($J6<>"",$W6,IF($I6<>"",$V6,IF($H6<>"",$U6,IF($G6<>"",$T6,IF($F6<>"",$S6,$R6)))))) | P6: =IF($B6="","",IF(AND($M6>0,$N6>1,LEN($O6)>20),"Sim","Não")) | Q6: =IF($B6="","",IF(COUNT($E6:$J6)<3,"Sem base — poucos ciclos",IF($N6<=1,"Caso frágil — um avaliador só",IF($M6=0,"Caso frágil — sem evidência",IF($L6<2,"Caso frágil — não sustentado",IF(AND($L6>=3,$K6>=0.2,$P6="Sim"),"Caso sustentado","Caso em formação")))))) | R6: =IF($E6="",0,IF($E6>=0,1,0)) | S6: =IF($F6="",0,IF($F6>=0,$R6+1,0)) | T6: =IF($G6="",0,IF($G6>=0,$S6+1,0)) | U6: =IF($H6="",0,IF($H6>=0,$T6+1,0)) | V6: =IF($I6="",0,IF($I6>=0,$U6+1,0)) | W6: =IF($J6="",0,IF($J6>=0,$V6+1,0))
K7: =IF($B7="","",IF(COUNT($H7:$J7)=0,"",AVERAGE($H7:$J7))) | L7: =IF($B7="","",IF($J7<>"",$W7,IF($I7<>"",$V7,IF($H7<>"",$U7,IF($G7<>"",$T7,IF($F7<>"",$S7,$R7)))))) | P7: =IF($B7="","",IF(AND($M7>0,$N7>1,LEN($O7)>20),"Sim","Não")) | Q7: =IF($B7="","",IF(COUNT($E7:$J7)<3,"Sem base — poucos ciclos",IF($N7<=1,"Caso frágil — um avaliador só",IF($M7=0,"Caso frágil — sem evidência",IF($L7<2,"Caso frágil — não sustentado",IF(AND($L7>=3,$K7>=0.2,$P7="Sim"),"Caso sustentado","Caso em formação")))))) | R7: =IF($E7="",0,IF($E7>=0,1,0)) | S7: =IF($F7="",0,IF($F7>=0,$R7+1,0)) | T7: =IF($G7="",0,IF($G7>=0,$S7+1,0)) | U7: =IF($H7="",0,IF($H7>=0,$T7+1,0)) | V7: =IF($I7="",0,IF($I7>=0,$U7+1,0)) | W7: =IF($J7="",0,IF($J7>=0,$V7+1,0))
K8: =IF($B8="","",IF(COUNT($H8:$J8)=0,"",AVERAGE($H8:$J8))) | L8: =IF($B8="","",IF($J8<>"",$W8,IF($I8<>"",$V8,IF($H8<>"",$U8,IF($G8<>"",$T8,IF($F8<>"",$S8,$R8)))))) | P8: =IF($B8="","",IF(AND($M8>0,$N8>1,LEN($O8)>20),"Sim","Não")) | Q8: =IF($B8="","",IF(COUNT($E8:$J8)<3,"Sem base — poucos ciclos",IF($N8<=1,"Caso frágil — um avaliador só",IF($M8=0,"Caso frágil — sem evidência",IF($L8<2,"Caso frágil — não sustentado",IF(AND($L8>=3,$K8>=0.2,$P8="Sim"),"Caso sustentado","Caso em formação")))))) | R8: =IF($E8="",0,IF($E8>=0,1,0)) | S8: =IF($F8="",0,IF($F8>=0,$R8+1,0)) | T8: =IF($G8="",0,IF($G8>=0,$S8+1,0)) | U8: =IF($H8="",0,IF($H8>=0,$T8+1,0)) | V8: =IF($I8="",0,IF($I8>=0,$U8+1,0)) | W8: =IF($J8="",0,IF($J8>=0,$V8+1,0))
K9: =IF($B9="","",IF(COUNT($H9:$J9)=0,"",AVERAGE($H9:$J9))) | L9: =IF($B9="","",IF($J9<>"",$W9,IF($I9<>"",$V9,IF($H9<>"",$U9,IF($G9<>"",$T9,IF($F9<>"",$S9,$R9)))))) | P9: =IF($B9="","",IF(AND($M9>0,$N9>1,LEN($O9)>20),"Sim","Não")) | Q9: =IF($B9="","",IF(COUNT($E9:$J9)<3,"Sem base — poucos ciclos",IF($N9<=1,"Caso frágil — um avaliador só",IF($M9=0,"Caso frágil — sem evidência",IF($L9<2,"Caso frágil — não sustentado",IF(AND($L9>=3,$K9>=0.2,$P9="Sim"),"Caso sustentado","Caso em formação")))))) | R9: =IF($E9="",0,IF($E9>=0,1,0)) | S9: =IF($F9="",0,IF($F9>=0,$R9+1,0)) | T9: =IF($G9="",0,IF($G9>=0,$S9+1,0)) | U9: =IF($H9="",0,IF($H9>=0,$T9+1,0)) | V9: =IF($I9="",0,IF($I9>=0,$U9+1,0)) | W9: =IF($J9="",0,IF($J9>=0,$V9+1,0))
K10: =IF($B10="","",IF(COUNT($H10:$J10)=0,"",AVERAGE($H10:$J10))) | L10: =IF($B10="","",IF($J10<>"",$W10,IF($I10<>"",$V10,IF($H10<>"",$U10,IF($G10<>"",$T10,IF($F10<>"",$S10,$R10)))))) | P10: =IF($B10="","",IF(AND($M10>0,$N10>1,LEN($O10)>20),"Sim","Não")) | Q10: =IF($B10="","",IF(COUNT($E10:$J10)<3,"Sem base — poucos ciclos",IF($N10<=1,"Caso frágil — um avaliador só",IF($M10=0,"Caso frágil — sem evidência",IF($L10<2,"Caso frágil — não sustentado",IF(AND($L10>=3,$K10>=0.2,$P10="Sim"),"Caso sustentado","Caso em formação")))))) | R10: =IF($E10="",0,IF($E10>=0,1,0)) | S10: =IF($F10="",0,IF($F10>=0,$R10+1,0)) | T10: =IF($G10="",0,IF($G10>=0,$S10+1,0)) | U10: =IF($H10="",0,IF($H10>=0,$T10+1,0)) | V10: =IF($I10="",0,IF($I10>=0,$U10+1,0)) | W10: =IF($J10="",0,IF($J10>=0,$V10+1,0))
K11: =IF($B11="","",IF(COUNT($H11:$J11)=0,"",AVERAGE($H11:$J11))) | L11: =IF($B11="","",IF($J11<>"",$W11,IF($I11<>"",$V11,IF($H11<>"",$U11,IF($G11<>"",$T11,IF($F11<>"",$S11,$R11)))))) | P11: =IF($B11="","",IF(AND($M11>0,$N11>1,LEN($O11)>20),"Sim","Não")) | Q11: =IF($B11="","",IF(COUNT($E11:$J11)<3,"Sem base — poucos ciclos",IF($N11<=1,"Caso frágil — um avaliador só",IF($M11=0,"Caso frágil — sem evidência",IF($L11<2,"Caso frágil — não sustentado",IF(AND($L11>=3,$K11>=0.2,$P11="Sim"),"Caso sustentado","Caso em formação")))))) | R11: =IF($E11="",0,IF($E11>=0,1,0)) | S11: =IF($F11="",0,IF($F11>=0,$R11+1,0)) | T11: =IF($G11="",0,IF($G11>=0,$S11+1,0)) | U11: =IF($H11="",0,IF($H11>=0,$T11+1,0)) | V11: =IF($I11="",0,IF($I11>=0,$U11+1,0)) | W11: =IF($J11="",0,IF($J11>=0,$V11+1,0))
K12: =IF($B12="","",IF(COUNT($H12:$J12)=0,"",AVERAGE($H12:$J12))) | L12: =IF($B12="","",IF($J12<>"",$W12,IF($I12<>"",$V12,IF($H12<>"",$U12,IF($G12<>"",$T12,IF($F12<>"",$S12,$R12)))))) | P12: =IF($B12="","",IF(AND($M12>0,$N12>1,LEN($O12)>20),"Sim","Não")) | Q12: =IF($B12="","",IF(COUNT($E12:$J12)<3,"Sem base — poucos ciclos",IF($N12<=1,"Caso frágil — um avaliador só",IF($M12=0,"Caso frágil — sem evidência",IF($L12<2,"Caso frágil — não sustentado",IF(AND($L12>=3,$K12>=0.2,$P12="Sim"),"Caso sustentado","Caso em formação")))))) | R12: =IF($E12="",0,IF($E12>=0,1,0)) | S12: =IF($F12="",0,IF($F12>=0,$R12+1,0)) | T12: =IF($G12="",0,IF($G12>=0,$S12+1,0)) | U12: =IF($H12="",0,IF($H12>=0,$T12+1,0)) | V12: =IF($I12="",0,IF($I12>=0,$U12+1,0)) | W12: =IF($J12="",0,IF($J12>=0,$V12+1,0))
K13: =IF($B13="","",IF(COUNT($H13:$J13)=0,"",AVERAGE($H13:$J13))) | L13: =IF($B13="","",IF($J13<>"",$W13,IF($I13<>"",$V13,IF($H13<>"",$U13,IF($G13<>"",$T13,IF($F13<>"",$S13,$R13)))))) | P13: =IF($B13="","",IF(AND($M13>0,$N13>1,LEN($O13)>20),"Sim","Não")) | Q13: =IF($B13="","",IF(COUNT($E13:$J13)<3,"Sem base — poucos ciclos",IF($N13<=1,"Caso frágil — um avaliador só",IF($M13=0,"Caso frágil — sem evidência",IF($L13<2,"Caso frágil — não sustentado",IF(AND($L13>=3,$K13>=0.2,$P13="Sim"),"Caso sustentado","Caso em formação")))))) | R13: =IF($E13="",0,IF($E13>=0,1,0)) | S13: =IF($F13="",0,IF($F13>=0,$R13+1,0)) | T13: =IF($G13="",0,IF($G13>=0,$S13+1,0)) | U13: =IF($H13="",0,IF($H13>=0,$T13+1,0)) | V13: =IF($I13="",0,IF($I13>=0,$U13+1,0)) | W13: =IF($J13="",0,IF($J13>=0,$V13+1,0))
K14: =IF($B14="","",IF(COUNT($H14:$J14)=0,"",AVERAGE($H14:$J14))) | L14: =IF($B14="","",IF($J14<>"",$W14,IF($I14<>"",$V14,IF($H14<>"",$U14,IF($G14<>"",$T14,IF($F14<>"",$S14,$R14)))))) | P14: =IF($B14="","",IF(AND($M14>0,$N14>1,LEN($O14)>20),"Sim","Não")) | Q14: =IF($B14="","",IF(COUNT($E14:$J14)<3,"Sem base — poucos ciclos",IF($N14<=1,"Caso frágil — um avaliador só",IF($M14=0,"Caso frágil — sem evidência",IF($L14<2,"Caso frágil — não sustentado",IF(AND($L14>=3,$K14>=0.2,$P14="Sim"),"Caso sustentado","Caso em formação")))))) | R14: =IF($E14="",0,IF($E14>=0,1,0)) | S14: =IF($F14="",0,IF($F14>=0,$R14+1,0)) | T14: =IF($G14="",0,IF($G14>=0,$S14+1,0)) | U14: =IF($H14="",0,IF($H14>=0,$T14+1,0)) | V14: =IF($I14="",0,IF($I14>=0,$U14+1,0)) | W14: =IF($J14="",0,IF($J14>=0,$V14+1,0))
K15: =IF($B15="","",IF(COUNT($H15:$J15)=0,"",AVERAGE($H15:$J15))) | L15: =IF($B15="","",IF($J15<>"",$W15,IF($I15<>"",$V15,IF($H15<>"",$U15,IF($G15<>"",$T15,IF($F15<>"",$S15,$R15)))))) | P15: =IF($B15="","",IF(AND($M15>0,$N15>1,LEN($O15)>20),"Sim","Não")) | Q15: =IF($B15="","",IF(COUNT($E15:$J15)<3,"Sem base — poucos ciclos",IF($N15<=1,"Caso frágil — um avaliador só",IF($M15=0,"Caso frágil — sem evidência",IF($L15<2,"Caso frágil — não sustentado",IF(AND($L15>=3,$K15>=0.2,$P15="Sim"),"Caso sustentado","Caso em formação")))))) | R15: =IF($E15="",0,IF($E15>=0,1,0)) | S15: =IF($F15="",0,IF($F15>=0,$R15+1,0)) | T15: =IF($G15="",0,IF($G15>=0,$S15+1,0)) | U15: =IF($H15="",0,IF($H15>=0,$T15+1,0)) | V15: =IF($I15="",0,IF($I15>=0,$U15+1,0)) | W15: =IF($J15="",0,IF($J15>=0,$V15+1,0))
K16: =IF($B16="","",IF(COUNT($H16:$J16)=0,"",AVERAGE($H16:$J16))) | L16: =IF($B16="","",IF($J16<>"",$W16,IF($I16<>"",$V16,IF($H16<>"",$U16,IF($G16<>"",$T16,IF($F16<>"",$S16,$R16)))))) | P16: =IF($B16="","",IF(AND($M16>0,$N16>1,LEN($O16)>20),"Sim","Não")) | Q16: =IF($B16="","",IF(COUNT($E16:$J16)<3,"Sem base — poucos ciclos",IF($N16<=1,"Caso frágil — um avaliador só",IF($M16=0,"Caso frágil — sem evidência",IF($L16<2,"Caso frágil — não sustentado",IF(AND($L16>=3,$K16>=0.2,$P16="Sim"),"Caso sustentado","Caso em formação")))))) | R16: =IF($E16="",0,IF($E16>=0,1,0)) | S16: =IF($F16="",0,IF($F16>=0,$R16+1,0)) | T16: =IF($G16="",0,IF($G16>=0,$S16+1,0)) | U16: =IF($H16="",0,IF($H16>=0,$T16+1,0)) | V16: =IF($I16="",0,IF($I16>=0,$U16+1,0)) | W16: =IF($J16="",0,IF($J16>=0,$V16+1,0))
K17: =IF($B17="","",IF(COUNT($H17:$J17)=0,"",AVERAGE($H17:$J17))) | L17: =IF($B17="","",IF($J17<>"",$W17,IF($I17<>"",$V17,IF($H17<>"",$U17,IF($G17<>"",$T17,IF($F17<>"",$S17,$R17)))))) | P17: =IF($B17="","",IF(AND($M17>0,$N17>1,LEN($O17)>20),"Sim","Não")) | Q17: =IF($B17="","",IF(COUNT($E17:$J17)<3,"Sem base — poucos ciclos",IF($N17<=1,"Caso frágil — um avaliador só",IF($M17=0,"Caso frágil — sem evidência",IF($L17<2,"Caso frágil — não sustentado",IF(AND($L17>=3,$K17>=0.2,$P17="Sim"),"Caso sustentado","Caso em formação")))))) | R17: =IF($E17="",0,IF($E17>=0,1,0)) | S17: =IF($F17="",0,IF($F17>=0,$R17+1,0)) | T17: =IF($G17="",0,IF($G17>=0,$S17+1,0)) | U17: =IF($H17="",0,IF($H17>=0,$T17+1,0)) | V17: =IF($I17="",0,IF($I17>=0,$U17+1,0)) | W17: =IF($J17="",0,IF($J17>=0,$V17+1,0))
... K44: =IF($B44="","",IF(COUNT($H44:$J44)=0,"",AVERAGE($H44:$J44))) | L44: =IF($B44="","",IF($J44<>"",$W44,IF($I44<>"",$V44,IF($H44<>"",$U44,IF($G44<>"",$T44,IF($F44<>"",$S44,$R44)))))) | P44: =IF($B44="","",IF(AND($M44>0,$N44>1,LEN($O44)>20),"Sim","Não")) | Q44: =IF($B44="","",IF(COUNT($E44:$J44)<3,"Sem base — poucos ciclos",IF($N44<=1,"Caso frágil — um avaliador só",IF($M44=0,"Caso frágil — sem evidência",IF($L44<2,"Caso frágil — não sustentado",IF(AND($L44>=3,$K44>=0.2,$P44="Sim"),"Caso sustentado","Caso em formação")))))) | R44: =IF($E44="",0,IF($E44>=0,1,0)) | S44: =IF($F44="",0,IF($F44>=0,$R44+1,0)) | T44: =IF($G44="",0,IF($G44>=0,$S44+1,0)) | U44: =IF($H44="",0,IF($H44>=0,$T44+1,0)) | V44: =IF($I44="",0,IF($I44>=0,$U44+1,0)) | W44: =IF($J44="",0,IF($J44>=0,$V44+1,0))

Sheet Registro do Gestor
A1: Registro privado do gestor
A2: Aspirações, compromissos que você assumiu, feedback de terceiros e padrões que só você vê.
A3: ="Compromissos vencendo em até 7 dias: "&COUNTIFS($D$6:$D$154,"Compromisso que assumi",$G$6:$G$154,"Em aberto",$F$6:$F$154,"<="&Instruções!$B$5+7,$F$6:$F$154,">="&Instruções!$B$5)&" · já vencidos: "&COUNTIFS($D$6:$D$154,"Compromisso que assumi",$G$6:$G$154,"Em aberto",$F$6:$F$154,"<"&Instruções!$B$5)
A5: Data | B5: ID_PESSOA | C5: Nome | D5: Tipo | E5: Registro | F5: Prazo | G5: Status | H5: Vence em (dias)
A6: 46254 | B6: P001 | C6: Ana Ribeiro | D6: Compromisso que assumi | E6: Prometi levar o caso dela para o comitê de calibração de outubro com a evidência do PR #812. | F6: 46310 | G6: Em aberto | H6: =IF(OR($F6="",$G6<>"Em aberto"),"",$F6-Instruções!$B$5)
A7: 46260 | B7: P003 | C7: Carla Nunes | D7: Aspiração de carreira | E7: Quer trilha técnica, não gestão. Disse que aceitou o papel de LT por falta de alternativa, não por escolha. | G7: Em aberto | H7: =IF(OR($F7="",$G7<>"Em aberto"),"",$F7-Instruções!$B$5)
A8: 46246 | B8: P002 | C8: Bruno Tavares | D8: Leitura de padrão entre ciclos | E8: Comunica bem quando o problema é técnico e trava quando o problema é político. Vale observar mais um ciclo antes de virar feedback. | G8: Em aberto | H8: =IF(OR($F8="",$G8<>"Em aberto"),"",$F8-Instruções!$B$5)
H9: =IF(OR($F9="",$G9<>"Em aberto"),"",$F9-Instruções!$B$5)
H10: =IF(OR($F10="",$G10<>"Em aberto"),"",$F10-Instruções!$B$5)
H11: =IF(OR($F11="",$G11<>"Em aberto"),"",$F11-Instruções!$B$5)
H12: =IF(OR($F12="",$G12<>"Em aberto"),"",$F12-Instruções!$B$5)
H13: =IF(OR($F13="",$G13<>"Em aberto"),"",$F13-Instruções!$B$5)
H14: =IF(OR($F14="",$G14<>"Em aberto"),"",$F14-Instruções!$B$5)
H15: =IF(OR($F15="",$G15<>"Em aberto"),"",$F15-Instruções!$B$5)
H16: =IF(OR($F16="",$G16<>"Em aberto"),"",$F16-Instruções!$B$5)
H17: =IF(OR($F17="",$G17<>"Em aberto"),"",$F17-Instruções!$B$5)
H18: =IF(OR($F18="",$G18<>"Em aberto"),"",$F18-Instruções!$B$5)
H19: =IF(OR($F19="",$G19<>"Em aberto"),"",$F19-Instruções!$B$5)
H20: =IF(OR($F20="",$G20<>"Em aberto"),"",$F20-Instruções!$B$5)
... H154: =IF(OR($F154="",$G154<>"Em aberto"),"",$F154-Instruções!$B$5)
