Workbook

Sheet Instruções
A1: Avaliação de Desempenho por Squad — GP + Líder Técnico
A2: Versão 1 · construída com as visões de RH, Gerência de Projetos e Liderança Técnica · revisar e ajustar antes de usar em produção
A4: COMO ESTA PLANILHA FUNCIONA
B5: O registro contínuo é o produto; a nota é subproduto. Se você só conseguir manter uma aba viva, mantenha 'Ocorrências'. Uma nota sem ocorrência vinculada não é avaliação, é impressão.
A6: RITMO DE USO
A7: Quando acontecer (60 segundos) | B7: Lance uma ocorrência. Meta realista: 2 a 4 por colaborador por mês, com ao menos 1 positiva a cada 2 registros.
A8: Sexta-feira (15 min / squad) | B8: Abra o 'Painel'. Olhe quem está sem registro e sem 1:1. Não avalie nada.
A9: Fim de ciclo (20 min / pessoa) | B9: Preencha 'Avaliação'. Você não escreve do zero: lê o que já foi acumulado.
A10: Antes da devolutiva | B10: Calibração GP × Líder Técnico apenas nos itens divergentes. Depois, 1:1 com a aba 'Pauta 1a1'.
A11: QUEM AVALIA O QUÊ
A12: Líder Técnico (palavra final no técnico) | B12: Qualidade da entrega, domínio técnico, design de solução, rigor operacional, colaboração e review, desenvolvimento de outros.
A13: GP (palavra final na entrega) | B13: Previsibilidade, comunicação, confiabilidade e conduta.
A14: Compartilhado | B14: Foco em valor, autonomia e ownership. Quem não tem evidência deixa em branco — em branco é resposta legítima e melhor que chute.
A15: AS SEIS REGRAS DURAS
A16: Regra 1 | B16: 3 é 'atende plenamente o esperado PARA A SENIORIDADE'. Não é nota ruim. Um Júnior 3 e um Sênior 3 são comportamentos diferentes — leia a âncora do nível na aba 'Âncoras'.
A17: Regra 2 | B17: Nota 1, 2 ou 5 exige pelo menos uma ocorrência vinculada àquela competência no ciclo. Sem lastro, a célula acusa e a avaliação não fecha.
A18: Regra 3 | B18: Nunca calcule a média entre a nota do GP e a do Líder Técnico. A divergência é a informação mais valiosa da planilha — ela é a pauta da calibração.
A19: Regra 4 | B19: Ocorrência negativa que nunca foi conversada com a pessoa não entra no ciclo. Surpresa na avaliação é falha de gestão, não do colaborador.
A20: Regra 5 | B20: O campo 'Fato observável' não aceita adjetivo de personalidade. Escreva 'Subiu hotfix sem aprovação na sexta 18h', não 'é descuidado'. O juízo vai em 'Impacto', e tem que ser defensável a partir do fato ao lado.
A21: Regra 6 | B21: Comparação e ranking usam SEMPRE o gap contra a expectativa da senioridade, nunca a nota bruta, e nunca entre squads diferentes.
A22: LGPD E CONDUTA — LEIA ANTES DE ESCREVER
B23: Não registre dado sensível: saúde, diagnóstico, religião, orientação sexual, filiação sindical, origem racial, vida familiar. Ausência registra o FATO, nunca o motivo.
B24: Caso de conduta, assédio, discriminação ou segurança da informação NÃO é apurado aqui: registre apenas 'encaminhado ao RH em <data>' e a apuração corre em processo próprio.
B25: O colaborador pode pedir acesso ao que se registrou sobre ele. Regra prática: não escreva nada que você não sustentaria lendo em voz alta para a pessoa.
B26: Arquivo único no drive corporativo, com coautoria. Nunca anexo de e-mail, nunca cópia local. Senha de planilha do Excel não é controle de acesso.
A27: LEGENDA DE CORES
A28: Fundo amarelo, texto azul | B28: Célula que VOCÊ preenche.
A29: Fundo cinza | B29: Célula calculada. Não digite por cima — você quebra o cálculo do painel.
B30: As abas 'Colaboradores', 'Competências', 'Âncoras' e 'Config' são o cadastro: ajuste-as uma vez, no começo, e não mexa mais no dia a dia.
A31: LIMITE HONESTO DESTA FERRAMENTA
B32: Excel não tem controle de acesso por linha nem trilha de auditoria confiável. Ocorrências 'RH-restrito' deveriam viver em arquivo separado, só do RH. Use esta planilha para provar o modelo em 2–3 ciclos; se funcionar, migre para um sistema.

Sheet Painel
A1: Painel do gestor — o que abrir na segunda de manhã
A2: Uma linha por alocação, no ciclo ativo definido em Config. Comparação SEMPRE por gap contra a expectativa da senioridade, nunca por nota bruta.
A3: ="Ciclo ativo: "&Config!$B$4&" · Sinal ⚠ = bloqueio de integridade (nota sem lastro ou ocorrência negativa nunca conversada). Resolva antes de fechar o ciclo."
A4: ID | B4: Colaborador | C4: Squad | D4: Papel | E4: Senioridade | F4: Situação | G4: Em rampa? | H4: Eixo A | I4: Eixo B | J4: Eixo C | K4: Eixo D | L4: Nota ponderada | M4: Expectativa | N4: Gap | O4: Faixa | P4: Ocorr. no ciclo | Q4: Positivas | R4: Atenção / Incidente | S4: Dias s/ ocorrência | T4: Dias desde 1:1 | U4: Divergências ≥2 | V4: Notas sem lastro | W4: Negativas não informadas | X4: Amplitude das notas | Y4: Sinal | AA4: aux peso A | AB4: aux peso B | AC4: aux peso C | AD4: aux peso D | AE4: aux numerador | AF4: aux denominador
A5: =IF(Colaboradores!$B5="","",Colaboradores!$A5) | B5: =IF(Colaboradores!$B5="","",Colaboradores!$B5) | C5: =IF(Colaboradores!$B5="","",Colaboradores!$F5) | D5: =IF(Colaboradores!$B5="","",Colaboradores!$D5) | E5: =IF(Colaboradores!$B5="","",Colaboradores!$E5) | F5: =IF(Colaboradores!$B5="","",Colaboradores!$O5) | G5: =IF(Colaboradores!$B5="","",Colaboradores!$P5) | H5: =IF($B5="","",IFERROR(AVERAGEIFS(Avaliação!$M:$M,Avaliação!$B:$B,$A5,Avaliação!$A:$A,Config!$B$4,Avaliação!$G:$G,Config!$A$17),"")) | I5: =IF($B5="","",IFERROR(AVERAGEIFS(Avaliação!$M:$M,Avaliação!$B:$B,$A5,Avaliação!$A:$A,Config!$B$4,Avaliação!$G:$G,Config!$A$18),"")) | J5: =IF($B5="","",IFERROR(AVERAGEIFS(Avaliação!$M:$M,Avaliação!$B:$B,$A5,Avaliação!$A:$A,Config!$B$4,Avaliação!$G:$G,Config!$A$19),"")) | K5: =IF($B5="","",IFERROR(AVERAGEIFS(Avaliação!$M:$M,Avaliação!$B:$B,$A5,Avaliação!$A:$A,Config!$B$4,Avaliação!$G:$G,Config!$A$20),"")) | L5: =IF($AF5=0,"",$AE5/$AF5) | M5: =IFERROR(INDEX(Config!$B$25:$B$28,MATCH($E5,Config!$A$25:$A$28,0)),"") | N5: =IF(OR($L5="",$M5=""),"",$L5-$M5) | O5: =IF($L5="","",IF($L5<2.5,"Abaixo",IF($L5<3.5,"Atende",IF($L5<=4.2,"Supera","Referência")))) | P5: =IF($B5="","",COUNTIFS(Ocorrências!$B:$B,$B5,Ocorrências!$N:$N,Config!$B$4)) | Q5: =IF($B5="","",COUNTIFS(Ocorrências!$B:$B,$B5,Ocorrências!$N:$N,Config!$B$4,Ocorrências!$E:$E,"Reconhecimento")+COUNTIFS(Ocorrências!$B:$B,$B5,Ocorrências!$N:$N,Config!$B$4,Ocorrências!$E:$E,"Positiva")) | R5: =IF($B5="","",COUNTIFS(Ocorrências!$B:$B,$B5,Ocorrências!$N:$N,Config!$B$4,Ocorrências!$E:$E,"Ponto de atenção")+COUNTIFS(Ocorrências!$B:$B,$B5,Ocorrências!$N:$N,Config!$B$4,Ocorrências!$E:$E,"Incidente")) | S5: =IF($B5="","",IF(COUNTIF(Ocorrências!$B:$B,$B5)=0,"",TODAY()-_xlfn.MAXIFS(Ocorrências!$A:$A,Ocorrências!$B:$B,$B5))) | T5: =IF($B5="","",IF(COUNTIF('Reuniões 1a1'!$B:$B,$B5)=0,"",TODAY()-_xlfn.MAXIFS('Reuniões 1a1'!$A:$A,'Reuniões 1a1'!$B:$B,$B5))) | U5: =IF($B5="","",COUNTIFS(Avaliação!$B:$B,$A5,Avaliação!$A:$A,Config!$B$4,Avaliação!$K:$K,">=2")) | V5: =IF($B5="","",COUNTIFS(Avaliação!$B:$B,$A5,Avaliação!$A:$A,Config!$B$4,Avaliação!$O:$O,"SEM LASTRO")) | W5: =IF($B5="","",COUNTIFS(Ocorrências!$B:$B,$B5,Ocorrências!$N:$N,Config!$B$4,Ocorrências!$K:$K,"Não",Ocorrências!$E:$E,"Ponto de atenção")+COUNTIFS(Ocorrências!$B:$B,$B5,Ocorrências!$N:$N,Config!$B$4,Ocorrências!$K:$K,"Não",Ocorrências!$E:$E,"Incidente")) | X5: =IF($L5="","",_xlfn.MAXIFS(Avaliação!$M:$M,Avaliação!$B:$B,$A5,Avaliação!$A:$A,Config!$B$4)-_xlfn.MINIFS(Avaliação!$M:$M,Avaliação!$B:$B,$A5,Avaliação!$A:$A,Config!$B$4)) | Y5: =IF($B5="","",IF(OR($V5>0,$W5>0),"BLOQUEIO",IF($L5="","Sem avaliação",IF($N5<-0.3,"Abaixo da expectativa",IF($U5>0,"Calibrar",IF($X5=0,"Nota chapada",IF(IF($T5="",0,$T5)>30,"1:1 atrasada",IF(IF($S5="",99,$S5)>45,"Sem registro","OK")))))))) | AA5: =IFERROR(INDEX(Config!$B$17:$E$20,MATCH(Config!$A$17,Config!$A$17:$A$20,0),MATCH($D5,Config!$B$16:$E$16,0)),0) | AB5: =IFERROR(INDEX(Config!$B$17:$E$20,MATCH(Config!$A$18,Config!$A$17:$A$20,0),MATCH($D5,Config!$B$16:$E$16,0)),0) | AC5: =IFERROR(INDEX(Config!$B$17:$E$20,MATCH(Config!$A$19,Config!$A$17:$A$20,0),MATCH($D5,Config!$B$16:$E$16,0)),0) | AD5: =IFERROR(INDEX(Config!$B$17:$E$20,MATCH(Config!$A$20,Config!$A$17:$A$20,0),MATCH($D5,Config!$B$16:$E$16,0)),0) | AE5: =IFERROR($H5*$AA5,0)+IFERROR($I5*$AB5,0)+IFERROR($J5*$AC5,0)+IFERROR($K5*$AD5,0) | AF5: =IF(ISNUMBER($H5),$AA5,0)+IF(ISNUMBER($I5),$AB5,0)+IF(ISNUMBER($J5),$AC5,0)+IF(ISNUMBER($K5),$AD5,0)
A6: =IF(Colaboradores!$B6="","",Colaboradores!$A6) | B6: =IF(Colaboradores!$B6="","",Colaboradores!$B6) | C6: =IF(Colaboradores!$B6="","",Colaboradores!$F6) | D6: =IF(Colaboradores!$B6="","",Colaboradores!$D6) | E6: =IF(Colaboradores!$B6="","",Colaboradores!$E6) | F6: =IF(Colaboradores!$B6="","",Colaboradores!$O6) | G6: =IF(Colaboradores!$B6="","",Colaboradores!$P6) | H6: =IF($B6="","",IFERROR(AVERAGEIFS(Avaliação!$M:$M,Avaliação!$B:$B,$A6,Avaliação!$A:$A,Config!$B$4,Avaliação!$G:$G,Config!$A$17),"")) | I6: =IF($B6="","",IFERROR(AVERAGEIFS(Avaliação!$M:$M,Avaliação!$B:$B,$A6,Avaliação!$A:$A,Config!$B$4,Avaliação!$G:$G,Config!$A$18),"")) | J6: =IF($B6="","",IFERROR(AVERAGEIFS(Avaliação!$M:$M,Avaliação!$B:$B,$A6,Avaliação!$A:$A,Config!$B$4,Avaliação!$G:$G,Config!$A$19),"")) | K6: =IF($B6="","",IFERROR(AVERAGEIFS(Avaliação!$M:$M,Avaliação!$B:$B,$A6,Avaliação!$A:$A,Config!$B$4,Avaliação!$G:$G,Config!$A$20),"")) | L6: =IF($AF6=0,"",$AE6/$AF6) | M6: =IFERROR(INDEX(Config!$B$25:$B$28,MATCH($E6,Config!$A$25:$A$28,0)),"") | N6: =IF(OR($L6="",$M6=""),"",$L6-$M6) | O6: =IF($L6="","",IF($L6<2.5,"Abaixo",IF($L6<3.5,"Atende",IF($L6<=4.2,"Supera","Referência")))) | P6: =IF($B6="","",COUNTIFS(Ocorrências!$B:$B,$B6,Ocorrências!$N:$N,Config!$B$4)) | Q6: =IF($B6="","",COUNTIFS(Ocorrências!$B:$B,$B6,Ocorrências!$N:$N,Config!$B$4,Ocorrências!$E:$E,"Reconhecimento")+COUNTIFS(Ocorrências!$B:$B,$B6,Ocorrências!$N:$N,Config!$B$4,Ocorrências!$E:$E,"Positiva")) | R6: =IF($B6="","",COUNTIFS(Ocorrências!$B:$B,$B6,Ocorrências!$N:$N,Config!$B$4,Ocorrências!$E:$E,"Ponto de atenção")+COUNTIFS(Ocorrências!$B:$B,$B6,Ocorrências!$N:$N,Config!$B$4,Ocorrências!$E:$E,"Incidente")) | S6: =IF($B6="","",IF(COUNTIF(Ocorrências!$B:$B,$B6)=0,"",TODAY()-_xlfn.MAXIFS(Ocorrências!$A:$A,Ocorrências!$B:$B,$B6))) | T6: =IF($B6="","",IF(COUNTIF('Reuniões 1a1'!$B:$B,$B6)=0,"",TODAY()-_xlfn.MAXIFS('Reuniões 1a1'!$A:$A,'Reuniões 1a1'!$B:$B,$B6))) | U6: =IF($B6="","",COUNTIFS(Avaliação!$B:$B,$A6,Avaliação!$A:$A,Config!$B$4,Avaliação!$K:$K,">=2")) | V6: =IF($B6="","",COUNTIFS(Avaliação!$B:$B,$A6,Avaliação!$A:$A,Config!$B$4,Avaliação!$O:$O,"SEM LASTRO")) | W6: =IF($B6="","",COUNTIFS(Ocorrências!$B:$B,$B6,Ocorrências!$N:$N,Config!$B$4,Ocorrências!$K:$K,"Não",Ocorrências!$E:$E,"Ponto de atenção")+COUNTIFS(Ocorrências!$B:$B,$B6,Ocorrências!$N:$N,Config!$B$4,Ocorrências!$K:$K,"Não",Ocorrências!$E:$E,"Incidente")) | X6: =IF($L6="","",_xlfn.MAXIFS(Avaliação!$M:$M,Avaliação!$B:$B,$A6,Avaliação!$A:$A,Config!$B$4)-_xlfn.MINIFS(Avaliação!$M:$M,Avaliação!$B:$B,$A6,Avaliação!$A:$A,Config!$B$4)) | Y6: =IF($B6="","",IF(OR($V6>0,$W6>0),"BLOQUEIO",IF($L6="","Sem avaliação",IF($N6<-0.3,"Abaixo da expectativa",IF($U6>0,"Calibrar",IF($X6=0,"Nota chapada",IF(IF($T6="",0,$T6)>30,"1:1 atrasada",IF(IF($S6="",99,$S6)>45,"Sem registro","OK")))))))) | AA6: =IFERROR(INDEX(Config!$B$17:$E$20,MATCH(Config!$A$17,Config!$A$17:$A$20,0),MATCH($D6,Config!$B$16:$E$16,0)),0) | AB6: =IFERROR(INDEX(Config!$B$17:$E$20,MATCH(Config!$A$18,Config!$A$17:$A$20,0),MATCH($D6,Config!$B$16:$E$16,0)),0) | AC6: =IFERROR(INDEX(Config!$B$17:$E$20,MATCH(Config!$A$19,Config!$A$17:$A$20,0),MATCH($D6,Config!$B$16:$E$16,0)),0) | AD6: =IFERROR(INDEX(Config!$B$17:$E$20,MATCH(Config!$A$20,Config!$A$17:$A$20,0),MATCH($D6,Config!$B$16:$E$16,0)),0) | AE6: =IFERROR($H6*$AA6,0)+IFERROR($I6*$AB6,0)+IFERROR($J6*$AC6,0)+IFERROR($K6*$AD6,0) | AF6: =IF(ISNUMBER($H6),$AA6,0)+IF(ISNUMBER($I6),$AB6,0)+IF(ISNUMBER($J6),$AC6,0)+IF(ISNUMBER($K6),$AD6,0)
A7: =IF(Colaboradores!$B7="","",Colaboradores!$A7) | B7: =IF(Colaboradores!$B7="","",Colaboradores!$B7) | C7: =IF(Colaboradores!$B7="","",Colaboradores!$F7) | D7: =IF(Colaboradores!$B7="","",Colaboradores!$D7) | E7: =IF(Colaboradores!$B7="","",Colaboradores!$E7) | F7: =IF(Colaboradores!$B7="","",Colaboradores!$O7) | G7: =IF(Colaboradores!$B7="","",Colaboradores!$P7) | H7: =IF($B7="","",IFERROR(AVERAGEIFS(Avaliação!$M:$M,Avaliação!$B:$B,$A7,Avaliação!$A:$A,Config!$B$4,Avaliação!$G:$G,Config!$A$17),"")) | I7: =IF($B7="","",IFERROR(AVERAGEIFS(Avaliação!$M:$M,Avaliação!$B:$B,$A7,Avaliação!$A:$A,Config!$B$4,Avaliação!$G:$G,Config!$A$18),"")) | J7: =IF($B7="","",IFERROR(AVERAGEIFS(Avaliação!$M:$M,Avaliação!$B:$B,$A7,Avaliação!$A:$A,Config!$B$4,Avaliação!$G:$G,Config!$A$19),"")) | K7: =IF($B7="","",IFERROR(AVERAGEIFS(Avaliação!$M:$M,Avaliação!$B:$B,$A7,Avaliação!$A:$A,Config!$B$4,Avaliação!$G:$G,Config!$A$20),"")) | L7: =IF($AF7=0,"",$AE7/$AF7) | M7: =IFERROR(INDEX(Config!$B$25:$B$28,MATCH($E7,Config!$A$25:$A$28,0)),"") | N7: =IF(OR($L7="",$M7=""),"",$L7-$M7) | O7: =IF($L7="","",IF($L7<2.5,"Abaixo",IF($L7<3.5,"Atende",IF($L7<=4.2,"Supera","Referência")))) | P7: =IF($B7="","",COUNTIFS(Ocorrências!$B:$B,$B7,Ocorrências!$N:$N,Config!$B$4)) | Q7: =IF($B7="","",COUNTIFS(Ocorrências!$B:$B,$B7,Ocorrências!$N:$N,Config!$B$4,Ocorrências!$E:$E,"Reconhecimento")+COUNTIFS(Ocorrências!$B:$B,$B7,Ocorrências!$N:$N,Config!$B$4,Ocorrências!$E:$E,"Positiva")) | R7: =IF($B7="","",COUNTIFS(Ocorrências!$B:$B,$B7,Ocorrências!$N:$N,Config!$B$4,Ocorrências!$E:$E,"Ponto de atenção")+COUNTIFS(Ocorrências!$B:$B,$B7,Ocorrências!$N:$N,Config!$B$4,Ocorrências!$E:$E,"Incidente")) | S7: =IF($B7="","",IF(COUNTIF(Ocorrências!$B:$B,$B7)=0,"",TODAY()-_xlfn.MAXIFS(Ocorrências!$A:$A,Ocorrências!$B:$B,$B7))) | T7: =IF($B7="","",IF(COUNTIF('Reuniões 1a1'!$B:$B,$B7)=0,"",TODAY()-_xlfn.MAXIFS('Reuniões 1a1'!$A:$A,'Reuniões 1a1'!$B:$B,$B7))) | U7: =IF($B7="","",COUNTIFS(Avaliação!$B:$B,$A7,Avaliação!$A:$A,Config!$B$4,Avaliação!$K:$K,">=2")) | V7: =IF($B7="","",COUNTIFS(Avaliação!$B:$B,$A7,Avaliação!$A:$A,Config!$B$4,Avaliação!$O:$O,"SEM LASTRO")) | W7: =IF($B7="","",COUNTIFS(Ocorrências!$B:$B,$B7,Ocorrências!$N:$N,Config!$B$4,Ocorrências!$K:$K,"Não",Ocorrências!$E:$E,"Ponto de atenção")+COUNTIFS(Ocorrências!$B:$B,$B7,Ocorrências!$N:$N,Config!$B$4,Ocorrências!$K:$K,"Não",Ocorrências!$E:$E,"Incidente")) | X7: =IF($L7="","",_xlfn.MAXIFS(Avaliação!$M:$M,Avaliação!$B:$B,$A7,Avaliação!$A:$A,Config!$B$4)-_xlfn.MINIFS(Avaliação!$M:$M,Avaliação!$B:$B,$A7,Avaliação!$A:$A,Config!$B$4)) | Y7: =IF($B7="","",IF(OR($V7>0,$W7>0),"BLOQUEIO",IF($L7="","Sem avaliação",IF($N7<-0.3,"Abaixo da expectativa",IF($U7>0,"Calibrar",IF($X7=0,"Nota chapada",IF(IF($T7="",0,$T7)>30,"1:1 atrasada",IF(IF($S7="",99,$S7)>45,"Sem registro","OK")))))))) | AA7: =IFERROR(INDEX(Config!$B$17:$E$20,MATCH(Config!$A$17,Config!$A$17:$A$20,0),MATCH($D7,Config!$B$16:$E$16,0)),0) | AB7: =IFERROR(INDEX(Config!$B$17:$E$20,MATCH(Config!$A$18,Config!$A$17:$A$20,0),MATCH($D7,Config!$B$16:$E$16,0)),0) | AC7: =IFERROR(INDEX(Config!$B$17:$E$20,MATCH(Config!$A$19,Config!$A$17:$A$20,0),MATCH($D7,Config!$B$16:$E$16,0)),0) | AD7: =IFERROR(INDEX(Config!$B$17:$E$20,MATCH(Config!$A$20,Config!$A$17:$A$20,0),MATCH($D7,Config!$B$16:$E$16,0)),0) | AE7: =IFERROR($H7*$AA7,0)+IFERROR($I7*$AB7,0)+IFERROR($J7*$AC7,0)+IFERROR($K7*$AD7,0) | AF7: =IF(ISNUMBER($H7),$AA7,0)+IF(ISNUMBER($I7),$AB7,0)+IF(ISNUMBER($J7),$AC7,0)+IF(ISNUMBER($K7),$AD7,0)
A8: =IF(Colaboradores!$B8="","",Colaboradores!$A8) | B8: =IF(Colaboradores!$B8="","",Colaboradores!$B8) | C8: =IF(Colaboradores!$B8="","",Colaboradores!$F8) | D8: =IF(Colaboradores!$B8="","",Colaboradores!$D8) | E8: =IF(Colaboradores!$B8="","",Colaboradores!$E8) | F8: =IF(Colaboradores!$B8="","",Colaboradores!$O8) | G8: =IF(Colaboradores!$B8="","",Colaboradores!$P8) | H8: =IF($B8="","",IFERROR(AVERAGEIFS(Avaliação!$M:$M,Avaliação!$B:$B,$A8,Avaliação!$A:$A,Config!$B$4,Avaliação!$G:$G,Config!$A$17),"")) | I8: =IF($B8="","",IFERROR(AVERAGEIFS(Avaliação!$M:$M,Avaliação!$B:$B,$A8,Avaliação!$A:$A,Config!$B$4,Avaliação!$G:$G,Config!$A$18),"")) | J8: =IF($B8="","",IFERROR(AVERAGEIFS(Avaliação!$M:$M,Avaliação!$B:$B,$A8,Avaliação!$A:$A,Config!$B$4,Avaliação!$G:$G,Config!$A$19),"")) | K8: =IF($B8="","",IFERROR(AVERAGEIFS(Avaliação!$M:$M,Avaliação!$B:$B,$A8,Avaliação!$A:$A,Config!$B$4,Avaliação!$G:$G,Config!$A$20),"")) | L8: =IF($AF8=0,"",$AE8/$AF8) | M8: =IFERROR(INDEX(Config!$B$25:$B$28,MATCH($E8,Config!$A$25:$A$28,0)),"") | N8: =IF(OR($L8="",$M8=""),"",$L8-$M8) | O8: =IF($L8="","",IF($L8<2.5,"Abaixo",IF($L8<3.5,"Atende",IF($L8<=4.2,"Supera","Referência")))) | P8: =IF($B8="","",COUNTIFS(Ocorrências!$B:$B,$B8,Ocorrências!$N:$N,Config!$B$4)) | Q8: =IF($B8="","",COUNTIFS(Ocorrências!$B:$B,$B8,Ocorrências!$N:$N,Config!$B$4,Ocorrências!$E:$E,"Reconhecimento")+COUNTIFS(Ocorrências!$B:$B,$B8,Ocorrências!$N:$N,Config!$B$4,Ocorrências!$E:$E,"Positiva")) | R8: =IF($B8="","",COUNTIFS(Ocorrências!$B:$B,$B8,Ocorrências!$N:$N,Config!$B$4,Ocorrências!$E:$E,"Ponto de atenção")+COUNTIFS(Ocorrências!$B:$B,$B8,Ocorrências!$N:$N,Config!$B$4,Ocorrências!$E:$E,"Incidente")) | S8: =IF($B8="","",IF(COUNTIF(Ocorrências!$B:$B,$B8)=0,"",TODAY()-_xlfn.MAXIFS(Ocorrências!$A:$A,Ocorrências!$B:$B,$B8))) | T8: =IF($B8="","",IF(COUNTIF('Reuniões 1a1'!$B:$B,$B8)=0,"",TODAY()-_xlfn.MAXIFS('Reuniões 1a1'!$A:$A,'Reuniões 1a1'!$B:$B,$B8))) | U8: =IF($B8="","",COUNTIFS(Avaliação!$B:$B,$A8,Avaliação!$A:$A,Config!$B$4,Avaliação!$K:$K,">=2")) | V8: =IF($B8="","",COUNTIFS(Avaliação!$B:$B,$A8,Avaliação!$A:$A,Config!$B$4,Avaliação!$O:$O,"SEM LASTRO")) | W8: =IF($B8="","",COUNTIFS(Ocorrências!$B:$B,$B8,Ocorrências!$N:$N,Config!$B$4,Ocorrências!$K:$K,"Não",Ocorrências!$E:$E,"Ponto de atenção")+COUNTIFS(Ocorrências!$B:$B,$B8,Ocorrências!$N:$N,Config!$B$4,Ocorrências!$K:$K,"Não",Ocorrências!$E:$E,"Incidente")) | X8: =IF($L8="","",_xlfn.MAXIFS(Avaliação!$M:$M,Avaliação!$B:$B,$A8,Avaliação!$A:$A,Config!$B$4)-_xlfn.MINIFS(Avaliação!$M:$M,Avaliação!$B:$B,$A8,Avaliação!$A:$A,Config!$B$4)) | Y8: =IF($B8="","",IF(OR($V8>0,$W8>0),"BLOQUEIO",IF($L8="","Sem avaliação",IF($N8<-0.3,"Abaixo da expectativa",IF($U8>0,"Calibrar",IF($X8=0,"Nota chapada",IF(IF($T8="",0,$T8)>30,"1:1 atrasada",IF(IF($S8="",99,$S8)>45,"Sem registro","OK")))))))) | AA8: =IFERROR(INDEX(Config!$B$17:$E$20,MATCH(Config!$A$17,Config!$A$17:$A$20,0),MATCH($D8,Config!$B$16:$E$16,0)),0) | AB8: =IFERROR(INDEX(Config!$B$17:$E$20,MATCH(Config!$A$18,Config!$A$17:$A$20,0),MATCH($D8,Config!$B$16:$E$16,0)),0) | AC8: =IFERROR(INDEX(Config!$B$17:$E$20,MATCH(Config!$A$19,Config!$A$17:$A$20,0),MATCH($D8,Config!$B$16:$E$16,0)),0) | AD8: =IFERROR(INDEX(Config!$B$17:$E$20,MATCH(Config!$A$20,Config!$A$17:$A$20,0),MATCH($D8,Config!$B$16:$E$16,0)),0) | AE8: =IFERROR($H8*$AA8,0)+IFERROR($I8*$AB8,0)+IFERROR($J8*$AC8,0)+IFERROR($K8*$AD8,0) | AF8: =IF(ISNUMBER($H8),$AA8,0)+IF(ISNUMBER($I8),$AB8,0)+IF(ISNUMBER($J8),$AC8,0)+IF(ISNUMBER($K8),$AD8,0)
A9: =IF(Colaboradores!$B9="","",Colaboradores!$A9) | B9: =IF(Colaboradores!$B9="","",Colaboradores!$B9) | C9: =IF(Colaboradores!$B9="","",Colaboradores!$F9) | D9: =IF(Colaboradores!$B9="","",Colaboradores!$D9) | E9: =IF(Colaboradores!$B9="","",Colaboradores!$E9) | F9: =IF(Colaboradores!$B9="","",Colaboradores!$O9) | G9: =IF(Colaboradores!$B9="","",Colaboradores!$P9) | H9: =IF($B9="","",IFERROR(AVERAGEIFS(Avaliação!$M:$M,Avaliação!$B:$B,$A9,Avaliação!$A:$A,Config!$B$4,Avaliação!$G:$G,Config!$A$17),"")) | I9: =IF($B9="","",IFERROR(AVERAGEIFS(Avaliação!$M:$M,Avaliação!$B:$B,$A9,Avaliação!$A:$A,Config!$B$4,Avaliação!$G:$G,Config!$A$18),"")) | J9: =IF($B9="","",IFERROR(AVERAGEIFS(Avaliação!$M:$M,Avaliação!$B:$B,$A9,Avaliação!$A:$A,Config!$B$4,Avaliação!$G:$G,Config!$A$19),"")) | K9: =IF($B9="","",IFERROR(AVERAGEIFS(Avaliação!$M:$M,Avaliação!$B:$B,$A9,Avaliação!$A:$A,Config!$B$4,Avaliação!$G:$G,Config!$A$20),"")) | L9: =IF($AF9=0,"",$AE9/$AF9) | M9: =IFERROR(INDEX(Config!$B$25:$B$28,MATCH($E9,Config!$A$25:$A$28,0)),"") | N9: =IF(OR($L9="",$M9=""),"",$L9-$M9) | O9: =IF($L9="","",IF($L9<2.5,"Abaixo",IF($L9<3.5,"Atende",IF($L9<=4.2,"Supera","Referência")))) | P9: =IF($B9="","",COUNTIFS(Ocorrências!$B:$B,$B9,Ocorrências!$N:$N,Config!$B$4)) | Q9: =IF($B9="","",COUNTIFS(Ocorrências!$B:$B,$B9,Ocorrências!$N:$N,Config!$B$4,Ocorrências!$E:$E,"Reconhecimento")+COUNTIFS(Ocorrências!$B:$B,$B9,Ocorrências!$N:$N,Config!$B$4,Ocorrências!$E:$E,"Positiva")) | R9: =IF($B9="","",COUNTIFS(Ocorrências!$B:$B,$B9,Ocorrências!$N:$N,Config!$B$4,Ocorrências!$E:$E,"Ponto de atenção")+COUNTIFS(Ocorrências!$B:$B,$B9,Ocorrências!$N:$N,Config!$B$4,Ocorrências!$E:$E,"Incidente")) | S9: =IF($B9="","",IF(COUNTIF(Ocorrências!$B:$B,$B9)=0,"",TODAY()-_xlfn.MAXIFS(Ocorrências!$A:$A,Ocorrências!$B:$B,$B9))) | T9: =IF($B9="","",IF(COUNTIF('Reuniões 1a1'!$B:$B,$B9)=0,"",TODAY()-_xlfn.MAXIFS('Reuniões 1a1'!$A:$A,'Reuniões 1a1'!$B:$B,$B9))) | U9: =IF($B9="","",COUNTIFS(Avaliação!$B:$B,$A9,Avaliação!$A:$A,Config!$B$4,Avaliação!$K:$K,">=2")) | V9: =IF($B9="","",COUNTIFS(Avaliação!$B:$B,$A9,Avaliação!$A:$A,Config!$B$4,Avaliação!$O:$O,"SEM LASTRO")) | W9: =IF($B9="","",COUNTIFS(Ocorrências!$B:$B,$B9,Ocorrências!$N:$N,Config!$B$4,Ocorrências!$K:$K,"Não",Ocorrências!$E:$E,"Ponto de atenção")+COUNTIFS(Ocorrências!$B:$B,$B9,Ocorrências!$N:$N,Config!$B$4,Ocorrências!$K:$K,"Não",Ocorrências!$E:$E,"Incidente")) | X9: =IF($L9="","",_xlfn.MAXIFS(Avaliação!$M:$M,Avaliação!$B:$B,$A9,Avaliação!$A:$A,Config!$B$4)-_xlfn.MINIFS(Avaliação!$M:$M,Avaliação!$B:$B,$A9,Avaliação!$A:$A,Config!$B$4)) | Y9: =IF($B9="","",IF(OR($V9>0,$W9>0),"BLOQUEIO",IF($L9="","Sem avaliação",IF($N9<-0.3,"Abaixo da expectativa",IF($U9>0,"Calibrar",IF($X9=0,"Nota chapada",IF(IF($T9="",0,$T9)>30,"1:1 atrasada",IF(IF($S9="",99,$S9)>45,"Sem registro","OK")))))))) | AA9: =IFERROR(INDEX(Config!$B$17:$E$20,MATCH(Config!$A$17,Config!$A$17:$A$20,0),MATCH($D9,Config!$B$16:$E$16,0)),0) | AB9: =IFERROR(INDEX(Config!$B$17:$E$20,MATCH(Config!$A$18,Config!$A$17:$A$20,0),MATCH($D9,Config!$B$16:$E$16,0)),0) | AC9: =IFERROR(INDEX(Config!$B$17:$E$20,MATCH(Config!$A$19,Config!$A$17:$A$20,0),MATCH($D9,Config!$B$16:$E$16,0)),0) | AD9: =IFERROR(INDEX(Config!$B$17:$E$20,MATCH(Config!$A$20,Config!$A$17:$A$20,0),MATCH($D9,Config!$B$16:$E$16,0)),0) | AE9: =IFERROR($H9*$AA9,0)+IFERROR($I9*$AB9,0)+IFERROR($J9*$AC9,0)+IFERROR($K9*$AD9,0) | AF9: =IF(ISNUMBER($H9),$AA9,0)+IF(ISNUMBER($I9),$AB9,0)+IF(ISNUMBER($J9),$AC9,0)+IF(ISNUMBER($K9),$AD9,0)
A10: =IF(Colaboradores!$B10="","",Colaboradores!$A10) | B10: =IF(Colaboradores!$B10="","",Colaboradores!$B10) | C10: =IF(Colaboradores!$B10="","",Colaboradores!$F10) | D10: =IF(Colaboradores!$B10="","",Colaboradores!$D10) | E10: =IF(Colaboradores!$B10="","",Colaboradores!$E10) | F10: =IF(Colaboradores!$B10="","",Colaboradores!$O10) | G10: =IF(Colaboradores!$B10="","",Colaboradores!$P10) | H10: =IF($B10="","",IFERROR(AVERAGEIFS(Avaliação!$M:$M,Avaliação!$B:$B,$A10,Avaliação!$A:$A,Config!$B$4,Avaliação!$G:$G,Config!$A$17),"")) | I10: =IF($B10="","",IFERROR(AVERAGEIFS(Avaliação!$M:$M,Avaliação!$B:$B,$A10,Avaliação!$A:$A,Config!$B$4,Avaliação!$G:$G,Config!$A$18),"")) | J10: =IF($B10="","",IFERROR(AVERAGEIFS(Avaliação!$M:$M,Avaliação!$B:$B,$A10,Avaliação!$A:$A,Config!$B$4,Avaliação!$G:$G,Config!$A$19),"")) | K10: =IF($B10="","",IFERROR(AVERAGEIFS(Avaliação!$M:$M,Avaliação!$B:$B,$A10,Avaliação!$A:$A,Config!$B$4,Avaliação!$G:$G,Config!$A$20),"")) | L10: =IF($AF10=0,"",$AE10/$AF10) | M10: =IFERROR(INDEX(Config!$B$25:$B$28,MATCH($E10,Config!$A$25:$A$28,0)),"") | N10: =IF(OR($L10="",$M10=""),"",$L10-$M10) | O10: =IF($L10="","",IF($L10<2.5,"Abaixo",IF($L10<3.5,"Atende",IF($L10<=4.2,"Supera","Referência")))) | P10: =IF($B10="","",COUNTIFS(Ocorrências!$B:$B,$B10,Ocorrências!$N:$N,Config!$B$4)) | Q10: =IF($B10="","",COUNTIFS(Ocorrências!$B:$B,$B10,Ocorrências!$N:$N,Config!$B$4,Ocorrências!$E:$E,"Reconhecimento")+COUNTIFS(Ocorrências!$B:$B,$B10,Ocorrências!$N:$N,Config!$B$4,Ocorrências!$E:$E,"Positiva")) | R10: =IF($B10="","",COUNTIFS(Ocorrências!$B:$B,$B10,Ocorrências!$N:$N,Config!$B$4,Ocorrências!$E:$E,"Ponto de atenção")+COUNTIFS(Ocorrências!$B:$B,$B10,Ocorrências!$N:$N,Config!$B$4,Ocorrências!$E:$E,"Incidente")) | S10: =IF($B10="","",IF(COUNTIF(Ocorrências!$B:$B,$B10)=0,"",TODAY()-_xlfn.MAXIFS(Ocorrências!$A:$A,Ocorrências!$B:$B,$B10))) | T10: =IF($B10="","",IF(COUNTIF('Reuniões 1a1'!$B:$B,$B10)=0,"",TODAY()-_xlfn.MAXIFS('Reuniões 1a1'!$A:$A,'Reuniões 1a1'!$B:$B,$B10))) | U10: =IF($B10="","",COUNTIFS(Avaliação!$B:$B,$A10,Avaliação!$A:$A,Config!$B$4,Avaliação!$K:$K,">=2")) | V10: =IF($B10="","",COUNTIFS(Avaliação!$B:$B,$A10,Avaliação!$A:$A,Config!$B$4,Avaliação!$O:$O,"SEM LASTRO")) | W10: =IF($B10="","",COUNTIFS(Ocorrências!$B:$B,$B10,Ocorrências!$N:$N,Config!$B$4,Ocorrências!$K:$K,"Não",Ocorrências!$E:$E,"Ponto de atenção")+COUNTIFS(Ocorrências!$B:$B,$B10,Ocorrências!$N:$N,Config!$B$4,Ocorrências!$K:$K,"Não",Ocorrências!$E:$E,"Incidente")) | X10: =IF($L10="","",_xlfn.MAXIFS(Avaliação!$M:$M,Avaliação!$B:$B,$A10,Avaliação!$A:$A,Config!$B$4)-_xlfn.MINIFS(Avaliação!$M:$M,Avaliação!$B:$B,$A10,Avaliação!$A:$A,Config!$B$4)) | Y10: =IF($B10="","",IF(OR($V10>0,$W10>0),"BLOQUEIO",IF($L10="","Sem avaliação",IF($N10<-0.3,"Abaixo da expectativa",IF($U10>0,"Calibrar",IF($X10=0,"Nota chapada",IF(IF($T10="",0,$T10)>30,"1:1 atrasada",IF(IF($S10="",99,$S10)>45,"Sem registro","OK")))))))) | AA10: =IFERROR(INDEX(Config!$B$17:$E$20,MATCH(Config!$A$17,Config!$A$17:$A$20,0),MATCH($D10,Config!$B$16:$E$16,0)),0) | AB10: =IFERROR(INDEX(Config!$B$17:$E$20,MATCH(Config!$A$18,Config!$A$17:$A$20,0),MATCH($D10,Config!$B$16:$E$16,0)),0) | AC10: =IFERROR(INDEX(Config!$B$17:$E$20,MATCH(Config!$A$19,Config!$A$17:$A$20,0),MATCH($D10,Config!$B$16:$E$16,0)),0) | AD10: =IFERROR(INDEX(Config!$B$17:$E$20,MATCH(Config!$A$20,Config!$A$17:$A$20,0),MATCH($D10,Config!$B$16:$E$16,0)),0) | AE10: =IFERROR($H10*$AA10,0)+IFERROR($I10*$AB10,0)+IFERROR($J10*$AC10,0)+IFERROR($K10*$AD10,0) | AF10: =IF(ISNUMBER($H10),$AA10,0)+IF(ISNUMBER($I10),$AB10,0)+IF(ISNUMBER($J10),$AC10,0)+IF(ISNUMBER($K10),$AD10,0)
A11: =IF(Colaboradores!$B11="","",Colaboradores!$A11) | B11: =IF(Colaboradores!$B11="","",Colaboradores!$B11) | C11: =IF(Colaboradores!$B11="","",Colaboradores!$F11) | D11: =IF(Colaboradores!$B11="","",Colaboradores!$D11) | E11: =IF(Colaboradores!$B11="","",Colaboradores!$E11) | F11: =IF(Colaboradores!$B11="","",Colaboradores!$O11) | G11: =IF(Colaboradores!$B11="","",Colaboradores!$P11) | H11: =IF($B11="","",IFERROR(AVERAGEIFS(Avaliação!$M:$M,Avaliação!$B:$B,$A11,Avaliação!$A:$A,Config!$B$4,Avaliação!$G:$G,Config!$A$17),"")) | I11: =IF($B11="","",IFERROR(AVERAGEIFS(Avaliação!$M:$M,Avaliação!$B:$B,$A11,Avaliação!$A:$A,Config!$B$4,Avaliação!$G:$G,Config!$A$18),"")) | J11: =IF($B11="","",IFERROR(AVERAGEIFS(Avaliação!$M:$M,Avaliação!$B:$B,$A11,Avaliação!$A:$A,Config!$B$4,Avaliação!$G:$G,Config!$A$19),"")) | K11: =IF($B11="","",IFERROR(AVERAGEIFS(Avaliação!$M:$M,Avaliação!$B:$B,$A11,Avaliação!$A:$A,Config!$B$4,Avaliação!$G:$G,Config!$A$20),"")) | L11: =IF($AF11=0,"",$AE11/$AF11) | M11: =IFERROR(INDEX(Config!$B$25:$B$28,MATCH($E11,Config!$A$25:$A$28,0)),"") | N11: =IF(OR($L11="",$M11=""),"",$L11-$M11) | O11: =IF($L11="","",IF($L11<2.5,"Abaixo",IF($L11<3.5,"Atende",IF($L11<=4.2,"Supera","Referência")))) | P11: =IF($B11="","",COUNTIFS(Ocorrências!$B:$B,$B11,Ocorrências!$N:$N,Config!$B$4)) | Q11: =IF($B11="","",COUNTIFS(Ocorrências!$B:$B,$B11,Ocorrências!$N:$N,Config!$B$4,Ocorrências!$E:$E,"Reconhecimento")+COUNTIFS(Ocorrências!$B:$B,$B11,Ocorrências!$N:$N,Config!$B$4,Ocorrências!$E:$E,"Positiva")) | R11: =IF($B11="","",COUNTIFS(Ocorrências!$B:$B,$B11,Ocorrências!$N:$N,Config!$B$4,Ocorrências!$E:$E,"Ponto de atenção")+COUNTIFS(Ocorrências!$B:$B,$B11,Ocorrências!$N:$N,Config!$B$4,Ocorrências!$E:$E,"Incidente")) | S11: =IF($B11="","",IF(COUNTIF(Ocorrências!$B:$B,$B11)=0,"",TODAY()-_xlfn.MAXIFS(Ocorrências!$A:$A,Ocorrências!$B:$B,$B11))) | T11: =IF($B11="","",IF(COUNTIF('Reuniões 1a1'!$B:$B,$B11)=0,"",TODAY()-_xlfn.MAXIFS('Reuniões 1a1'!$A:$A,'Reuniões 1a1'!$B:$B,$B11))) | U11: =IF($B11="","",COUNTIFS(Avaliação!$B:$B,$A11,Avaliação!$A:$A,Config!$B$4,Avaliação!$K:$K,">=2")) | V11: =IF($B11="","",COUNTIFS(Avaliação!$B:$B,$A11,Avaliação!$A:$A,Config!$B$4,Avaliação!$O:$O,"SEM LASTRO")) | W11: =IF($B11="","",COUNTIFS(Ocorrências!$B:$B,$B11,Ocorrências!$N:$N,Config!$B$4,Ocorrências!$K:$K,"Não",Ocorrências!$E:$E,"Ponto de atenção")+COUNTIFS(Ocorrências!$B:$B,$B11,Ocorrências!$N:$N,Config!$B$4,Ocorrências!$K:$K,"Não",Ocorrências!$E:$E,"Incidente")) | X11: =IF($L11="","",_xlfn.MAXIFS(Avaliação!$M:$M,Avaliação!$B:$B,$A11,Avaliação!$A:$A,Config!$B$4)-_xlfn.MINIFS(Avaliação!$M:$M,Avaliação!$B:$B,$A11,Avaliação!$A:$A,Config!$B$4)) | Y11: =IF($B11="","",IF(OR($V11>0,$W11>0),"BLOQUEIO",IF($L11="","Sem avaliação",IF($N11<-0.3,"Abaixo da expectativa",IF($U11>0,"Calibrar",IF($X11=0,"Nota chapada",IF(IF($T11="",0,$T11)>30,"1:1 atrasada",IF(IF($S11="",99,$S11)>45,"Sem registro","OK")))))))) | AA11: =IFERROR(INDEX(Config!$B$17:$E$20,MATCH(Config!$A$17,Config!$A$17:$A$20,0),MATCH($D11,Config!$B$16:$E$16,0)),0) | AB11: =IFERROR(INDEX(Config!$B$17:$E$20,MATCH(Config!$A$18,Config!$A$17:$A$20,0),MATCH($D11,Config!$B$16:$E$16,0)),0) | AC11: =IFERROR(INDEX(Config!$B$17:$E$20,MATCH(Config!$A$19,Config!$A$17:$A$20,0),MATCH($D11,Config!$B$16:$E$16,0)),0) | AD11: =IFERROR(INDEX(Config!$B$17:$E$20,MATCH(Config!$A$20,Config!$A$17:$A$20,0),MATCH($D11,Config!$B$16:$E$16,0)),0) | AE11: =IFERROR($H11*$AA11,0)+IFERROR($I11*$AB11,0)+IFERROR($J11*$AC11,0)+IFERROR($K11*$AD11,0) | AF11: =IF(ISNUMBER($H11),$AA11,0)+IF(ISNUMBER($I11),$AB11,0)+IF(ISNUMBER($J11),$AC11,0)+IF(ISNUMBER($K11),$AD11,0)
A12: =IF(Colaboradores!$B12="","",Colaboradores!$A12) | B12: =IF(Colaboradores!$B12="","",Colaboradores!$B12) | C12: =IF(Colaboradores!$B12="","",Colaboradores!$F12) | D12: =IF(Colaboradores!$B12="","",Colaboradores!$D12) | E12: =IF(Colaboradores!$B12="","",Colaboradores!$E12) | F12: =IF(Colaboradores!$B12="","",Colaboradores!$O12) | G12: =IF(Colaboradores!$B12="","",Colaboradores!$P12) | H12: =IF($B12="","",IFERROR(AVERAGEIFS(Avaliação!$M:$M,Avaliação!$B:$B,$A12,Avaliação!$A:$A,Config!$B$4,Avaliação!$G:$G,Config!$A$17),"")) | I12: =IF($B12="","",IFERROR(AVERAGEIFS(Avaliação!$M:$M,Avaliação!$B:$B,$A12,Avaliação!$A:$A,Config!$B$4,Avaliação!$G:$G,Config!$A$18),"")) | J12: =IF($B12="","",IFERROR(AVERAGEIFS(Avaliação!$M:$M,Avaliação!$B:$B,$A12,Avaliação!$A:$A,Config!$B$4,Avaliação!$G:$G,Config!$A$19),"")) | K12: =IF($B12="","",IFERROR(AVERAGEIFS(Avaliação!$M:$M,Avaliação!$B:$B,$A12,Avaliação!$A:$A,Config!$B$4,Avaliação!$G:$G,Config!$A$20),"")) | L12: =IF($AF12=0,"",$AE12/$AF12) | M12: =IFERROR(INDEX(Config!$B$25:$B$28,MATCH($E12,Config!$A$25:$A$28,0)),"") | N12: =IF(OR($L12="",$M12=""),"",$L12-$M12) | O12: =IF($L12="","",IF($L12<2.5,"Abaixo",IF($L12<3.5,"Atende",IF($L12<=4.2,"Supera","Referência")))) | P12: =IF($B12="","",COUNTIFS(Ocorrências!$B:$B,$B12,Ocorrências!$N:$N,Config!$B$4)) | Q12: =IF($B12="","",COUNTIFS(Ocorrências!$B:$B,$B12,Ocorrências!$N:$N,Config!$B$4,Ocorrências!$E:$E,"Reconhecimento")+COUNTIFS(Ocorrências!$B:$B,$B12,Ocorrências!$N:$N,Config!$B$4,Ocorrências!$E:$E,"Positiva")) | R12: =IF($B12="","",COUNTIFS(Ocorrências!$B:$B,$B12,Ocorrências!$N:$N,Config!$B$4,Ocorrências!$E:$E,"Ponto de atenção")+COUNTIFS(Ocorrências!$B:$B,$B12,Ocorrências!$N:$N,Config!$B$4,Ocorrências!$E:$E,"Incidente")) | S12: =IF($B12="","",IF(COUNTIF(Ocorrências!$B:$B,$B12)=0,"",TODAY()-_xlfn.MAXIFS(Ocorrências!$A:$A,Ocorrências!$B:$B,$B12))) | T12: =IF($B12="","",IF(COUNTIF('Reuniões 1a1'!$B:$B,$B12)=0,"",TODAY()-_xlfn.MAXIFS('Reuniões 1a1'!$A:$A,'Reuniões 1a1'!$B:$B,$B12))) | U12: =IF($B12="","",COUNTIFS(Avaliação!$B:$B,$A12,Avaliação!$A:$A,Config!$B$4,Avaliação!$K:$K,">=2")) | V12: =IF($B12="","",COUNTIFS(Avaliação!$B:$B,$A12,Avaliação!$A:$A,Config!$B$4,Avaliação!$O:$O,"SEM LASTRO")) | W12: =IF($B12="","",COUNTIFS(Ocorrências!$B:$B,$B12,Ocorrências!$N:$N,Config!$B$4,Ocorrências!$K:$K,"Não",Ocorrências!$E:$E,"Ponto de atenção")+COUNTIFS(Ocorrências!$B:$B,$B12,Ocorrências!$N:$N,Config!$B$4,Ocorrências!$K:$K,"Não",Ocorrências!$E:$E,"Incidente")) | X12: =IF($L12="","",_xlfn.MAXIFS(Avaliação!$M:$M,Avaliação!$B:$B,$A12,Avaliação!$A:$A,Config!$B$4)-_xlfn.MINIFS(Avaliação!$M:$M,Avaliação!$B:$B,$A12,Avaliação!$A:$A,Config!$B$4)) | Y12: =IF($B12="","",IF(OR($V12>0,$W12>0),"BLOQUEIO",IF($L12="","Sem avaliação",IF($N12<-0.3,"Abaixo da expectativa",IF($U12>0,"Calibrar",IF($X12=0,"Nota chapada",IF(IF($T12="",0,$T12)>30,"1:1 atrasada",IF(IF($S12="",99,$S12)>45,"Sem registro","OK")))))))) | AA12: =IFERROR(INDEX(Config!$B$17:$E$20,MATCH(Config!$A$17,Config!$A$17:$A$20,0),MATCH($D12,Config!$B$16:$E$16,0)),0) | AB12: =IFERROR(INDEX(Config!$B$17:$E$20,MATCH(Config!$A$18,Config!$A$17:$A$20,0),MATCH($D12,Config!$B$16:$E$16,0)),0) | AC12: =IFERROR(INDEX(Config!$B$17:$E$20,MATCH(Config!$A$19,Config!$A$17:$A$20,0),MATCH($D12,Config!$B$16:$E$16,0)),0) | AD12: =IFERROR(INDEX(Config!$B$17:$E$20,MATCH(Config!$A$20,Config!$A$17:$A$20,0),MATCH($D12,Config!$B$16:$E$16,0)),0) | AE12: =IFERROR($H12*$AA12,0)+IFERROR($I12*$AB12,0)+IFERROR($J12*$AC12,0)+IFERROR($K12*$AD12,0) | AF12: =IF(ISNUMBER($H12),$AA12,0)+IF(ISNUMBER($I12),$AB12,0)+IF(ISNUMBER($J12),$AC12,0)+IF(ISNUMBER($K12),$AD12,0)
A13: =IF(Colaboradores!$B13="","",Colaboradores!$A13) | B13: =IF(Colaboradores!$B13="","",Colaboradores!$B13) | C13: =IF(Colaboradores!$B13="","",Colaboradores!$F13) | D13: =IF(Colaboradores!$B13="","",Colaboradores!$D13) | E13: =IF(Colaboradores!$B13="","",Colaboradores!$E13) | F13: =IF(Colaboradores!$B13="","",Colaboradores!$O13) | G13: =IF(Colaboradores!$B13="","",Colaboradores!$P13) | H13: =IF($B13="","",IFERROR(AVERAGEIFS(Avaliação!$M:$M,Avaliação!$B:$B,$A13,Avaliação!$A:$A,Config!$B$4,Avaliação!$G:$G,Config!$A$17),"")) | I13: =IF($B13="","",IFERROR(AVERAGEIFS(Avaliação!$M:$M,Avaliação!$B:$B,$A13,Avaliação!$A:$A,Config!$B$4,Avaliação!$G:$G,Config!$A$18),"")) | J13: =IF($B13="","",IFERROR(AVERAGEIFS(Avaliação!$M:$M,Avaliação!$B:$B,$A13,Avaliação!$A:$A,Config!$B$4,Avaliação!$G:$G,Config!$A$19),"")) | K13: =IF($B13="","",IFERROR(AVERAGEIFS(Avaliação!$M:$M,Avaliação!$B:$B,$A13,Avaliação!$A:$A,Config!$B$4,Avaliação!$G:$G,Config!$A$20),"")) | L13: =IF($AF13=0,"",$AE13/$AF13) | M13: =IFERROR(INDEX(Config!$B$25:$B$28,MATCH($E13,Config!$A$25:$A$28,0)),"") | N13: =IF(OR($L13="",$M13=""),"",$L13-$M13) | O13: =IF($L13="","",IF($L13<2.5,"Abaixo",IF($L13<3.5,"Atende",IF($L13<=4.2,"Supera","Referência")))) | P13: =IF($B13="","",COUNTIFS(Ocorrências!$B:$B,$B13,Ocorrências!$N:$N,Config!$B$4)) | Q13: =IF($B13="","",COUNTIFS(Ocorrências!$B:$B,$B13,Ocorrências!$N:$N,Config!$B$4,Ocorrências!$E:$E,"Reconhecimento")+COUNTIFS(Ocorrências!$B:$B,$B13,Ocorrências!$N:$N,Config!$B$4,Ocorrências!$E:$E,"Positiva")) | R13: =IF($B13="","",COUNTIFS(Ocorrências!$B:$B,$B13,Ocorrências!$N:$N,Config!$B$4,Ocorrências!$E:$E,"Ponto de atenção")+COUNTIFS(Ocorrências!$B:$B,$B13,Ocorrências!$N:$N,Config!$B$4,Ocorrências!$E:$E,"Incidente")) | S13: =IF($B13="","",IF(COUNTIF(Ocorrências!$B:$B,$B13)=0,"",TODAY()-_xlfn.MAXIFS(Ocorrências!$A:$A,Ocorrências!$B:$B,$B13))) | T13: =IF($B13="","",IF(COUNTIF('Reuniões 1a1'!$B:$B,$B13)=0,"",TODAY()-_xlfn.MAXIFS('Reuniões 1a1'!$A:$A,'Reuniões 1a1'!$B:$B,$B13))) | U13: =IF($B13="","",COUNTIFS(Avaliação!$B:$B,$A13,Avaliação!$A:$A,Config!$B$4,Avaliação!$K:$K,">=2")) | V13: =IF($B13="","",COUNTIFS(Avaliação!$B:$B,$A13,Avaliação!$A:$A,Config!$B$4,Avaliação!$O:$O,"SEM LASTRO")) | W13: =IF($B13="","",COUNTIFS(Ocorrências!$B:$B,$B13,Ocorrências!$N:$N,Config!$B$4,Ocorrências!$K:$K,"Não",Ocorrências!$E:$E,"Ponto de atenção")+COUNTIFS(Ocorrências!$B:$B,$B13,Ocorrências!$N:$N,Config!$B$4,Ocorrências!$K:$K,"Não",Ocorrências!$E:$E,"Incidente")) | X13: =IF($L13="","",_xlfn.MAXIFS(Avaliação!$M:$M,Avaliação!$B:$B,$A13,Avaliação!$A:$A,Config!$B$4)-_xlfn.MINIFS(Avaliação!$M:$M,Avaliação!$B:$B,$A13,Avaliação!$A:$A,Config!$B$4)) | Y13: =IF($B13="","",IF(OR($V13>0,$W13>0),"BLOQUEIO",IF($L13="","Sem avaliação",IF($N13<-0.3,"Abaixo da expectativa",IF($U13>0,"Calibrar",IF($X13=0,"Nota chapada",IF(IF($T13="",0,$T13)>30,"1:1 atrasada",IF(IF($S13="",99,$S13)>45,"Sem registro","OK")))))))) | AA13: =IFERROR(INDEX(Config!$B$17:$E$20,MATCH(Config!$A$17,Config!$A$17:$A$20,0),MATCH($D13,Config!$B$16:$E$16,0)),0) | AB13: =IFERROR(INDEX(Config!$B$17:$E$20,MATCH(Config!$A$18,Config!$A$17:$A$20,0),MATCH($D13,Config!$B$16:$E$16,0)),0) | AC13: =IFERROR(INDEX(Config!$B$17:$E$20,MATCH(Config!$A$19,Config!$A$17:$A$20,0),MATCH($D13,Config!$B$16:$E$16,0)),0) | AD13: =IFERROR(INDEX(Config!$B$17:$E$20,MATCH(Config!$A$20,Config!$A$17:$A$20,0),MATCH($D13,Config!$B$16:$E$16,0)),0) | AE13: =IFERROR($H13*$AA13,0)+IFERROR($I13*$AB13,0)+IFERROR($J13*$AC13,0)+IFERROR($K13*$AD13,0) | AF13: =IF(ISNUMBER($H13),$AA13,0)+IF(ISNUMBER($I13),$AB13,0)+IF(ISNUMBER($J13),$AC13,0)+IF(ISNUMBER($K13),$AD13,0)
A14: =IF(Colaboradores!$B14="","",Colaboradores!$A14) | B14: =IF(Colaboradores!$B14="","",Colaboradores!$B14) | C14: =IF(Colaboradores!$B14="","",Colaboradores!$F14) | D14: =IF(Colaboradores!$B14="","",Colaboradores!$D14) | E14: =IF(Colaboradores!$B14="","",Colaboradores!$E14) | F14: =IF(Colaboradores!$B14="","",Colaboradores!$O14) | G14: =IF(Colaboradores!$B14="","",Colaboradores!$P14) | H14: =IF($B14="","",IFERROR(AVERAGEIFS(Avaliação!$M:$M,Avaliação!$B:$B,$A14,Avaliação!$A:$A,Config!$B$4,Avaliação!$G:$G,Config!$A$17),"")) | I14: =IF($B14="","",IFERROR(AVERAGEIFS(Avaliação!$M:$M,Avaliação!$B:$B,$A14,Avaliação!$A:$A,Config!$B$4,Avaliação!$G:$G,Config!$A$18),"")) | J14: =IF($B14="","",IFERROR(AVERAGEIFS(Avaliação!$M:$M,Avaliação!$B:$B,$A14,Avaliação!$A:$A,Config!$B$4,Avaliação!$G:$G,Config!$A$19),"")) | K14: =IF($B14="","",IFERROR(AVERAGEIFS(Avaliação!$M:$M,Avaliação!$B:$B,$A14,Avaliação!$A:$A,Config!$B$4,Avaliação!$G:$G,Config!$A$20),"")) | L14: =IF($AF14=0,"",$AE14/$AF14) | M14: =IFERROR(INDEX(Config!$B$25:$B$28,MATCH($E14,Config!$A$25:$A$28,0)),"") | N14: =IF(OR($L14="",$M14=""),"",$L14-$M14) | O14: =IF($L14="","",IF($L14<2.5,"Abaixo",IF($L14<3.5,"Atende",IF($L14<=4.2,"Supera","Referência")))) | P14: =IF($B14="","",COUNTIFS(Ocorrências!$B:$B,$B14,Ocorrências!$N:$N,Config!$B$4)) | Q14: =IF($B14="","",COUNTIFS(Ocorrências!$B:$B,$B14,Ocorrências!$N:$N,Config!$B$4,Ocorrências!$E:$E,"Reconhecimento")+COUNTIFS(Ocorrências!$B:$B,$B14,Ocorrências!$N:$N,Config!$B$4,Ocorrências!$E:$E,"Positiva")) | R14: =IF($B14="","",COUNTIFS(Ocorrências!$B:$B,$B14,Ocorrências!$N:$N,Config!$B$4,Ocorrências!$E:$E,"Ponto de atenção")+COUNTIFS(Ocorrências!$B:$B,$B14,Ocorrências!$N:$N,Config!$B$4,Ocorrências!$E:$E,"Incidente")) | S14: =IF($B14="","",IF(COUNTIF(Ocorrências!$B:$B,$B14)=0,"",TODAY()-_xlfn.MAXIFS(Ocorrências!$A:$A,Ocorrências!$B:$B,$B14))) | T14: =IF($B14="","",IF(COUNTIF('Reuniões 1a1'!$B:$B,$B14)=0,"",TODAY()-_xlfn.MAXIFS('Reuniões 1a1'!$A:$A,'Reuniões 1a1'!$B:$B,$B14))) | U14: =IF($B14="","",COUNTIFS(Avaliação!$B:$B,$A14,Avaliação!$A:$A,Config!$B$4,Avaliação!$K:$K,">=2")) | V14: =IF($B14="","",COUNTIFS(Avaliação!$B:$B,$A14,Avaliação!$A:$A,Config!$B$4,Avaliação!$O:$O,"SEM LASTRO")) | W14: =IF($B14="","",COUNTIFS(Ocorrências!$B:$B,$B14,Ocorrências!$N:$N,Config!$B$4,Ocorrências!$K:$K,"Não",Ocorrências!$E:$E,"Ponto de atenção")+COUNTIFS(Ocorrências!$B:$B,$B14,Ocorrências!$N:$N,Config!$B$4,Ocorrências!$K:$K,"Não",Ocorrências!$E:$E,"Incidente")) | X14: =IF($L14="","",_xlfn.MAXIFS(Avaliação!$M:$M,Avaliação!$B:$B,$A14,Avaliação!$A:$A,Config!$B$4)-_xlfn.MINIFS(Avaliação!$M:$M,Avaliação!$B:$B,$A14,Avaliação!$A:$A,Config!$B$4)) | Y14: =IF($B14="","",IF(OR($V14>0,$W14>0),"BLOQUEIO",IF($L14="","Sem avaliação",IF($N14<-0.3,"Abaixo da expectativa",IF($U14>0,"Calibrar",IF($X14=0,"Nota chapada",IF(IF($T14="",0,$T14)>30,"1:1 atrasada",IF(IF($S14="",99,$S14)>45,"Sem registro","OK")))))))) | AA14: =IFERROR(INDEX(Config!$B$17:$E$20,MATCH(Config!$A$17,Config!$A$17:$A$20,0),MATCH($D14,Config!$B$16:$E$16,0)),0) | AB14: =IFERROR(INDEX(Config!$B$17:$E$20,MATCH(Config!$A$18,Config!$A$17:$A$20,0),MATCH($D14,Config!$B$16:$E$16,0)),0) | AC14: =IFERROR(INDEX(Config!$B$17:$E$20,MATCH(Config!$A$19,Config!$A$17:$A$20,0),MATCH($D14,Config!$B$16:$E$16,0)),0) | AD14: =IFERROR(INDEX(Config!$B$17:$E$20,MATCH(Config!$A$20,Config!$A$17:$A$20,0),MATCH($D14,Config!$B$16:$E$16,0)),0) | AE14: =IFERROR($H14*$AA14,0)+IFERROR($I14*$AB14,0)+IFERROR($J14*$AC14,0)+IFERROR($K14*$AD14,0) | AF14: =IF(ISNUMBER($H14),$AA14,0)+IF(ISNUMBER($I14),$AB14,0)+IF(ISNUMBER($J14),$AC14,0)+IF(ISNUMBER($K14),$AD14,0)
A15: =IF(Colaboradores!$B15="","",Colaboradores!$A15) | B15: =IF(Colaboradores!$B15="","",Colaboradores!$B15) | C15: =IF(Colaboradores!$B15="","",Colaboradores!$F15) | D15: =IF(Colaboradores!$B15="","",Colaboradores!$D15) | E15: =IF(Colaboradores!$B15="","",Colaboradores!$E15) | F15: =IF(Colaboradores!$B15="","",Colaboradores!$O15) | G15: =IF(Colaboradores!$B15="","",Colaboradores!$P15) | H15: =IF($B15="","",IFERROR(AVERAGEIFS(Avaliação!$M:$M,Avaliação!$B:$B,$A15,Avaliação!$A:$A,Config!$B$4,Avaliação!$G:$G,Config!$A$17),"")) | I15: =IF($B15="","",IFERROR(AVERAGEIFS(Avaliação!$M:$M,Avaliação!$B:$B,$A15,Avaliação!$A:$A,Config!$B$4,Avaliação!$G:$G,Config!$A$18),"")) | J15: =IF($B15="","",IFERROR(AVERAGEIFS(Avaliação!$M:$M,Avaliação!$B:$B,$A15,Avaliação!$A:$A,Config!$B$4,Avaliação!$G:$G,Config!$A$19),"")) | K15: =IF($B15="","",IFERROR(AVERAGEIFS(Avaliação!$M:$M,Avaliação!$B:$B,$A15,Avaliação!$A:$A,Config!$B$4,Avaliação!$G:$G,Config!$A$20),"")) | L15: =IF($AF15=0,"",$AE15/$AF15) | M15: =IFERROR(INDEX(Config!$B$25:$B$28,MATCH($E15,Config!$A$25:$A$28,0)),"") | N15: =IF(OR($L15="",$M15=""),"",$L15-$M15) | O15: =IF($L15="","",IF($L15<2.5,"Abaixo",IF($L15<3.5,"Atende",IF($L15<=4.2,"Supera","Referência")))) | P15: =IF($B15="","",COUNTIFS(Ocorrências!$B:$B,$B15,Ocorrências!$N:$N,Config!$B$4)) | Q15: =IF($B15="","",COUNTIFS(Ocorrências!$B:$B,$B15,Ocorrências!$N:$N,Config!$B$4,Ocorrências!$E:$E,"Reconhecimento")+COUNTIFS(Ocorrências!$B:$B,$B15,Ocorrências!$N:$N,Config!$B$4,Ocorrências!$E:$E,"Positiva")) | R15: =IF($B15="","",COUNTIFS(Ocorrências!$B:$B,$B15,Ocorrências!$N:$N,Config!$B$4,Ocorrências!$E:$E,"Ponto de atenção")+COUNTIFS(Ocorrências!$B:$B,$B15,Ocorrências!$N:$N,Config!$B$4,Ocorrências!$E:$E,"Incidente")) | S15: =IF($B15="","",IF(COUNTIF(Ocorrências!$B:$B,$B15)=0,"",TODAY()-_xlfn.MAXIFS(Ocorrências!$A:$A,Ocorrências!$B:$B,$B15))) | T15: =IF($B15="","",IF(COUNTIF('Reuniões 1a1'!$B:$B,$B15)=0,"",TODAY()-_xlfn.MAXIFS('Reuniões 1a1'!$A:$A,'Reuniões 1a1'!$B:$B,$B15))) | U15: =IF($B15="","",COUNTIFS(Avaliação!$B:$B,$A15,Avaliação!$A:$A,Config!$B$4,Avaliação!$K:$K,">=2")) | V15: =IF($B15="","",COUNTIFS(Avaliação!$B:$B,$A15,Avaliação!$A:$A,Config!$B$4,Avaliação!$O:$O,"SEM LASTRO")) | W15: =IF($B15="","",COUNTIFS(Ocorrências!$B:$B,$B15,Ocorrências!$N:$N,Config!$B$4,Ocorrências!$K:$K,"Não",Ocorrências!$E:$E,"Ponto de atenção")+COUNTIFS(Ocorrências!$B:$B,$B15,Ocorrências!$N:$N,Config!$B$4,Ocorrências!$K:$K,"Não",Ocorrências!$E:$E,"Incidente")) | X15: =IF($L15="","",_xlfn.MAXIFS(Avaliação!$M:$M,Avaliação!$B:$B,$A15,Avaliação!$A:$A,Config!$B$4)-_xlfn.MINIFS(Avaliação!$M:$M,Avaliação!$B:$B,$A15,Avaliação!$A:$A,Config!$B$4)) | Y15: =IF($B15="","",IF(OR($V15>0,$W15>0),"BLOQUEIO",IF($L15="","Sem avaliação",IF($N15<-0.3,"Abaixo da expectativa",IF($U15>0,"Calibrar",IF($X15=0,"Nota chapada",IF(IF($T15="",0,$T15)>30,"1:1 atrasada",IF(IF($S15="",99,$S15)>45,"Sem registro","OK")))))))) | AA15: =IFERROR(INDEX(Config!$B$17:$E$20,MATCH(Config!$A$17,Config!$A$17:$A$20,0),MATCH($D15,Config!$B$16:$E$16,0)),0) | AB15: =IFERROR(INDEX(Config!$B$17:$E$20,MATCH(Config!$A$18,Config!$A$17:$A$20,0),MATCH($D15,Config!$B$16:$E$16,0)),0) | AC15: =IFERROR(INDEX(Config!$B$17:$E$20,MATCH(Config!$A$19,Config!$A$17:$A$20,0),MATCH($D15,Config!$B$16:$E$16,0)),0) | AD15: =IFERROR(INDEX(Config!$B$17:$E$20,MATCH(Config!$A$20,Config!$A$17:$A$20,0),MATCH($D15,Config!$B$16:$E$16,0)),0) | AE15: =IFERROR($H15*$AA15,0)+IFERROR($I15*$AB15,0)+IFERROR($J15*$AC15,0)+IFERROR($K15*$AD15,0) | AF15: =IF(ISNUMBER($H15),$AA15,0)+IF(ISNUMBER($I15),$AB15,0)+IF(ISNUMBER($J15),$AC15,0)+IF(ISNUMBER($K15),$AD15,0)
A16: =IF(Colaboradores!$B16="","",Colaboradores!$A16) | B16: =IF(Colaboradores!$B16="","",Colaboradores!$B16) | C16: =IF(Colaboradores!$B16="","",Colaboradores!$F16) | D16: =IF(Colaboradores!$B16="","",Colaboradores!$D16) | E16: =IF(Colaboradores!$B16="","",Colaboradores!$E16) | F16: =IF(Colaboradores!$B16="","",Colaboradores!$O16) | G16: =IF(Colaboradores!$B16="","",Colaboradores!$P16) | H16: =IF($B16="","",IFERROR(AVERAGEIFS(Avaliação!$M:$M,Avaliação!$B:$B,$A16,Avaliação!$A:$A,Config!$B$4,Avaliação!$G:$G,Config!$A$17),"")) | I16: =IF($B16="","",IFERROR(AVERAGEIFS(Avaliação!$M:$M,Avaliação!$B:$B,$A16,Avaliação!$A:$A,Config!$B$4,Avaliação!$G:$G,Config!$A$18),"")) | J16: =IF($B16="","",IFERROR(AVERAGEIFS(Avaliação!$M:$M,Avaliação!$B:$B,$A16,Avaliação!$A:$A,Config!$B$4,Avaliação!$G:$G,Config!$A$19),"")) | K16: =IF($B16="","",IFERROR(AVERAGEIFS(Avaliação!$M:$M,Avaliação!$B:$B,$A16,Avaliação!$A:$A,Config!$B$4,Avaliação!$G:$G,Config!$A$20),"")) | L16: =IF($AF16=0,"",$AE16/$AF16) | M16: =IFERROR(INDEX(Config!$B$25:$B$28,MATCH($E16,Config!$A$25:$A$28,0)),"") | N16: =IF(OR($L16="",$M16=""),"",$L16-$M16) | O16: =IF($L16="","",IF($L16<2.5,"Abaixo",IF($L16<3.5,"Atende",IF($L16<=4.2,"Supera","Referência")))) | P16: =IF($B16="","",COUNTIFS(Ocorrências!$B:$B,$B16,Ocorrências!$N:$N,Config!$B$4)) | Q16: =IF($B16="","",COUNTIFS(Ocorrências!$B:$B,$B16,Ocorrências!$N:$N,Config!$B$4,Ocorrências!$E:$E,"Reconhecimento")+COUNTIFS(Ocorrências!$B:$B,$B16,Ocorrências!$N:$N,Config!$B$4,Ocorrências!$E:$E,"Positiva")) | R16: =IF($B16="","",COUNTIFS(Ocorrências!$B:$B,$B16,Ocorrências!$N:$N,Config!$B$4,Ocorrências!$E:$E,"Ponto de atenção")+COUNTIFS(Ocorrências!$B:$B,$B16,Ocorrências!$N:$N,Config!$B$4,Ocorrências!$E:$E,"Incidente")) | S16: =IF($B16="","",IF(COUNTIF(Ocorrências!$B:$B,$B16)=0,"",TODAY()-_xlfn.MAXIFS(Ocorrências!$A:$A,Ocorrências!$B:$B,$B16))) | T16: =IF($B16="","",IF(COUNTIF('Reuniões 1a1'!$B:$B,$B16)=0,"",TODAY()-_xlfn.MAXIFS('Reuniões 1a1'!$A:$A,'Reuniões 1a1'!$B:$B,$B16))) | U16: =IF($B16="","",COUNTIFS(Avaliação!$B:$B,$A16,Avaliação!$A:$A,Config!$B$4,Avaliação!$K:$K,">=2")) | V16: =IF($B16="","",COUNTIFS(Avaliação!$B:$B,$A16,Avaliação!$A:$A,Config!$B$4,Avaliação!$O:$O,"SEM LASTRO")) | W16: =IF($B16="","",COUNTIFS(Ocorrências!$B:$B,$B16,Ocorrências!$N:$N,Config!$B$4,Ocorrências!$K:$K,"Não",Ocorrências!$E:$E,"Ponto de atenção")+COUNTIFS(Ocorrências!$B:$B,$B16,Ocorrências!$N:$N,Config!$B$4,Ocorrências!$K:$K,"Não",Ocorrências!$E:$E,"Incidente")) | X16: =IF($L16="","",_xlfn.MAXIFS(Avaliação!$M:$M,Avaliação!$B:$B,$A16,Avaliação!$A:$A,Config!$B$4)-_xlfn.MINIFS(Avaliação!$M:$M,Avaliação!$B:$B,$A16,Avaliação!$A:$A,Config!$B$4)) | Y16: =IF($B16="","",IF(OR($V16>0,$W16>0),"BLOQUEIO",IF($L16="","Sem avaliação",IF($N16<-0.3,"Abaixo da expectativa",IF($U16>0,"Calibrar",IF($X16=0,"Nota chapada",IF(IF($T16="",0,$T16)>30,"1:1 atrasada",IF(IF($S16="",99,$S16)>45,"Sem registro","OK")))))))) | AA16: =IFERROR(INDEX(Config!$B$17:$E$20,MATCH(Config!$A$17,Config!$A$17:$A$20,0),MATCH($D16,Config!$B$16:$E$16,0)),0) | AB16: =IFERROR(INDEX(Config!$B$17:$E$20,MATCH(Config!$A$18,Config!$A$17:$A$20,0),MATCH($D16,Config!$B$16:$E$16,0)),0) | AC16: =IFERROR(INDEX(Config!$B$17:$E$20,MATCH(Config!$A$19,Config!$A$17:$A$20,0),MATCH($D16,Config!$B$16:$E$16,0)),0) | AD16: =IFERROR(INDEX(Config!$B$17:$E$20,MATCH(Config!$A$20,Config!$A$17:$A$20,0),MATCH($D16,Config!$B$16:$E$16,0)),0) | AE16: =IFERROR($H16*$AA16,0)+IFERROR($I16*$AB16,0)+IFERROR($J16*$AC16,0)+IFERROR($K16*$AD16,0) | AF16: =IF(ISNUMBER($H16),$AA16,0)+IF(ISNUMBER($I16),$AB16,0)+IF(ISNUMBER($J16),$AC16,0)+IF(ISNUMBER($K16),$AD16,0)
... A64: =IF(Colaboradores!$B64="","",Colaboradores!$A64) | B64: =IF(Colaboradores!$B64="","",Colaboradores!$B64) | C64: =IF(Colaboradores!$B64="","",Colaboradores!$F64) | D64: =IF(Colaboradores!$B64="","",Colaboradores!$D64) | E64: =IF(Colaboradores!$B64="","",Colaboradores!$E64) | F64: =IF(Colaboradores!$B64="","",Colaboradores!$O64) | G64: =IF(Colaboradores!$B64="","",Colaboradores!$P64) | H64: =IF($B64="","",IFERROR(AVERAGEIFS(Avaliação!$M:$M,Avaliação!$B:$B,$A64,Avaliação!$A:$A,Config!$B$4,Avaliação!$G:$G,Config!$A$17),"")) | I64: =IF($B64="","",IFERROR(AVERAGEIFS(Avaliação!$M:$M,Avaliação!$B:$B,$A64,Avaliação!$A:$A,Config!$B$4,Avaliação!$G:$G,Config!$A$18),"")) | J64: =IF($B64="","",IFERROR(AVERAGEIFS(Avaliação!$M:$M,Avaliação!$B:$B,$A64,Avaliação!$A:$A,Config!$B$4,Avaliação!$G:$G,Config!$A$19),"")) | K64: =IF($B64="","",IFERROR(AVERAGEIFS(Avaliação!$M:$M,Avaliação!$B:$B,$A64,Avaliação!$A:$A,Config!$B$4,Avaliação!$G:$G,Config!$A$20),"")) | L64: =IF($AF64=0,"",$AE64/$AF64) | M64: =IFERROR(INDEX(Config!$B$25:$B$28,MATCH($E64,Config!$A$25:$A$28,0)),"") | N64: =IF(OR($L64="",$M64=""),"",$L64-$M64) | O64: =IF($L64="","",IF($L64<2.5,"Abaixo",IF($L64<3.5,"Atende",IF($L64<=4.2,"Supera","Referência")))) | P64: =IF($B64="","",COUNTIFS(Ocorrências!$B:$B,$B64,Ocorrências!$N:$N,Config!$B$4)) | Q64: =IF($B64="","",COUNTIFS(Ocorrências!$B:$B,$B64,Ocorrências!$N:$N,Config!$B$4,Ocorrências!$E:$E,"Reconhecimento")+COUNTIFS(Ocorrências!$B:$B,$B64,Ocorrências!$N:$N,Config!$B$4,Ocorrências!$E:$E,"Positiva")) | R64: =IF($B64="","",COUNTIFS(Ocorrências!$B:$B,$B64,Ocorrências!$N:$N,Config!$B$4,Ocorrências!$E:$E,"Ponto de atenção")+COUNTIFS(Ocorrências!$B:$B,$B64,Ocorrências!$N:$N,Config!$B$4,Ocorrências!$E:$E,"Incidente")) | S64: =IF($B64="","",IF(COUNTIF(Ocorrências!$B:$B,$B64)=0,"",TODAY()-_xlfn.MAXIFS(Ocorrências!$A:$A,Ocorrências!$B:$B,$B64))) | T64: =IF($B64="","",IF(COUNTIF('Reuniões 1a1'!$B:$B,$B64)=0,"",TODAY()-_xlfn.MAXIFS('Reuniões 1a1'!$A:$A,'Reuniões 1a1'!$B:$B,$B64))) | U64: =IF($B64="","",COUNTIFS(Avaliação!$B:$B,$A64,Avaliação!$A:$A,Config!$B$4,Avaliação!$K:$K,">=2")) | V64: =IF($B64="","",COUNTIFS(Avaliação!$B:$B,$A64,Avaliação!$A:$A,Config!$B$4,Avaliação!$O:$O,"SEM LASTRO")) | W64: =IF($B64="","",COUNTIFS(Ocorrências!$B:$B,$B64,Ocorrências!$N:$N,Config!$B$4,Ocorrências!$K:$K,"Não",Ocorrências!$E:$E,"Ponto de atenção")+COUNTIFS(Ocorrências!$B:$B,$B64,Ocorrências!$N:$N,Config!$B$4,Ocorrências!$K:$K,"Não",Ocorrências!$E:$E,"Incidente")) | X64: =IF($L64="","",_xlfn.MAXIFS(Avaliação!$M:$M,Avaliação!$B:$B,$A64,Avaliação!$A:$A,Config!$B$4)-_xlfn.MINIFS(Avaliação!$M:$M,Avaliação!$B:$B,$A64,Avaliação!$A:$A,Config!$B$4)) | Y64: =IF($B64="","",IF(OR($V64>0,$W64>0),"BLOQUEIO",IF($L64="","Sem avaliação",IF($N64<-0.3,"Abaixo da expectativa",IF($U64>0,"Calibrar",IF($X64=0,"Nota chapada",IF(IF($T64="",0,$T64)>30,"1:1 atrasada",IF(IF($S64="",99,$S64)>45,"Sem registro","OK")))))))) | AA64: =IFERROR(INDEX(Config!$B$17:$E$20,MATCH(Config!$A$17,Config!$A$17:$A$20,0),MATCH($D64,Config!$B$16:$E$16,0)),0) | AB64: =IFERROR(INDEX(Config!$B$17:$E$20,MATCH(Config!$A$18,Config!$A$17:$A$20,0),MATCH($D64,Config!$B$16:$E$16,0)),0) | AC64: =IFERROR(INDEX(Config!$B$17:$E$20,MATCH(Config!$A$19,Config!$A$17:$A$20,0),MATCH($D64,Config!$B$16:$E$16,0)),0) | AD64: =IFERROR(INDEX(Config!$B$17:$E$20,MATCH(Config!$A$20,Config!$A$17:$A$20,0),MATCH($D64,Config!$B$16:$E$16,0)),0) | AE64: =IFERROR($H64*$AA64,0)+IFERROR($I64*$AB64,0)+IFERROR($J64*$AC64,0)+IFERROR($K64*$AD64,0) | AF64: =IF(ISNUMBER($H64),$AA64,0)+IF(ISNUMBER($I64),$AB64,0)+IF(ISNUMBER($J64),$AC64,0)+IF(ISNUMBER($K64),$AD64,0)

Sheet Ocorrências
A1: Ocorrências — o registro contínuo
A2: Alvo: 60 segundos por lançamento. Registro mais recente no topo. Meta: pelo menos 1 registro positivo a cada 2 negativos.
A3: Regra de escrita: o FATO não aceita adjetivo. 'Subiu hotfix sem aprovação na sexta 18h' ✔ · 'É descuidado' ✘. O juízo vai em Consequência, e precisa ser defensável a partir do fato ao lado. Nada de saúde, vida pessoal ou motivo de ausência.
A4: Data do fato | B4: Colaborador | C4: Registrado por | D4: Papel do autor | E4: Tipo | F4: Competência | G4: Fato observável (sem adjetivo de personalidade) | H4: Impacto | I4: Consequência observada | J4: Ação tomada pelo gestor | K4: Informado ao colaborador? | L4: Link / evidência | M4: Confidencialidade | N4: Ciclo | O4: Registro válido? | P4: Seq. p/ pauta
A5: 46212 | B5: Ana Ribeiro | C5: Rafael Souza | D5: Líder Técnico | E5: Positiva | F5: Colaboração e review | G5: No PR #812 apontou uma condição de corrida no resgate de cupom antes do merge, com o trecho e a sugestão de UPDATE atômico. | H5: Alto | I5: Evitou um bug de duplicidade de resgate que teria ido para produção no contrato A. | J5: Reconhecido na retro do dia 10/07. | K5: Sim | L5: PR #812 | M5: Squad | N5: =IF($A5="","",YEAR($A5)&"-Q"&ROUNDUP(MONTH($A5)/3,0)) | O5: =IF($A5="","",IF(OR($B5="",$E5="",$F5="",$G5="",$I5="",$K5=""),"Faltam campos","OK")) | P5: =IF(OR($B5="",$B5<>'Pauta 1a1'!$B$4,$N5<>'Pauta 1a1'!$B$5),"",COUNTIFS($B$5:$B5,'Pauta 1a1'!$B$4,$N$5:$N5,'Pauta 1a1'!$B$5))
A6: 46225 | B6: Bruno Tavares | C6: Marcos Lima | D6: GP | E6: Ponto de atenção | F6: Previsibilidade | G6: Card CB-118 ficou 4 dias sem atualização e o bloqueio (falta de credencial de homologação) só foi comunicado na review. | H6: Médio | I6: A sprint fechou com o item em carry over e o PO replanejou a demo com o cliente em cima da hora. | J6: Feedback na 1:1 de 23/07; combinado avisar bloqueio na daily do mesmo dia. | K6: Sim | L6: CB-118 | M6: Squad | N6: =IF($A6="","",YEAR($A6)&"-Q"&ROUNDUP(MONTH($A6)/3,0)) | O6: =IF($A6="","",IF(OR($B6="",$E6="",$F6="",$G6="",$I6="",$K6=""),"Faltam campos","OK")) | P6: =IF(OR($B6="",$B6<>'Pauta 1a1'!$B$4,$N6<>'Pauta 1a1'!$B$5),"",COUNTIFS($B$5:$B6,'Pauta 1a1'!$B$4,$N$5:$N6,'Pauta 1a1'!$B$5))
A7: 46238 | B7: Bruno Tavares | C7: Marcos Lima | D7: GP | E7: Positiva | F7: Comunicação | G7: Na daily de 04/08 avisou no mesmo dia que a integração de pagamento estava fora do ar, com print do erro e a alternativa de mockar. | H7: Médio | I7: O time replanejou a sprint no mesmo dia, sem perda de entrega. | J7: Reconhecido na daily. | K7: Sim | M7: Squad | N7: =IF($A7="","",YEAR($A7)&"-Q"&ROUNDUP(MONTH($A7)/3,0)) | O7: =IF($A7="","",IF(OR($B7="",$E7="",$F7="",$G7="",$I7="",$K7=""),"Faltam campos","OK")) | P7: =IF(OR($B7="",$B7<>'Pauta 1a1'!$B$4,$N7<>'Pauta 1a1'!$B$5),"",COUNTIFS($B$5:$B7,'Pauta 1a1'!$B$4,$N$5:$N7,'Pauta 1a1'!$B$5))
A8: 46246 | B8: Carla Nunes | C8: Marcos Lima | D8: GP | E8: Contexto atenuante | F8: Previsibilidade | G8: Assumiu o on-call do Contrato B por duas semanas cobrindo férias, além dos 50% de alocação no Motor de Cobrança. | H8: Alto | I8: Reduziu em ~40% o tempo disponível para o roadmap no período. | J8: Registrado para a calibração; escopo da sprint 14 reduzido. | K8: Sim | M8: Squad | N8: =IF($A8="","",YEAR($A8)&"-Q"&ROUNDUP(MONTH($A8)/3,0)) | O8: =IF($A8="","",IF(OR($B8="",$E8="",$F8="",$G8="",$I8="",$K8=""),"Faltam campos","OK")) | P8: =IF(OR($B8="",$B8<>'Pauta 1a1'!$B$4,$N8<>'Pauta 1a1'!$B$5),"",COUNTIFS($B$5:$B8,'Pauta 1a1'!$B$4,$N$5:$N8,'Pauta 1a1'!$B$5))
A9: 46253 | B9: Ana Ribeiro | C9: Rafael Souza | D9: Líder Técnico | E9: Ponto de atenção | F9: Qualidade da entrega | G9: PR #857 voltou em 3 rodadas: nas duas primeiras faltava teste do caminho de erro na rota de resgate. | H9: Médio | I9: Atrasou o merge em 2 dias e consumiu 3 rodadas de review do time. | J9: Combinado no 1:1 de 20/08: incluir teste de erro antes de abrir o PR. | K9: Sim | L9: PR #857 | M9: Squad | N9: =IF($A9="","",YEAR($A9)&"-Q"&ROUNDUP(MONTH($A9)/3,0)) | O9: =IF($A9="","",IF(OR($B9="",$E9="",$F9="",$G9="",$I9="",$K9=""),"Faltam campos","OK")) | P9: =IF(OR($B9="",$B9<>'Pauta 1a1'!$B$4,$N9<>'Pauta 1a1'!$B$5),"",COUNTIFS($B$5:$B9,'Pauta 1a1'!$B$4,$N$5:$N9,'Pauta 1a1'!$B$5))
A10: 46259 | B10: Carla Nunes | C10: Rafael Souza | D10: Líder Técnico | E10: Reconhecimento | F10: Desenvolvimento de outros | G10: Escreveu a ADR-07 sobre o advisory lock no cooldown e conduziu a sessão de 40 min com as squads Alfa e Beta. | H10: Alto | I10: Duas squads passaram a usar o mesmo padrão; a discussão não voltou nos refinamentos seguintes. | J10: Levado ao comitê de calibração como evidência de atuação de Especialista. | K10: Sim | L10: ADR-07 | M10: Gestão | N10: =IF($A10="","",YEAR($A10)&"-Q"&ROUNDUP(MONTH($A10)/3,0)) | O10: =IF($A10="","",IF(OR($B10="",$E10="",$F10="",$G10="",$I10="",$K10=""),"Faltam campos","OK")) | P10: =IF(OR($B10="",$B10<>'Pauta 1a1'!$B$4,$N10<>'Pauta 1a1'!$B$5),"",COUNTIFS($B$5:$B10,'Pauta 1a1'!$B$4,$N$5:$N10,'Pauta 1a1'!$B$5))
N11: =IF($A11="","",YEAR($A11)&"-Q"&ROUNDUP(MONTH($A11)/3,0)) | O11: =IF($A11="","",IF(OR($B11="",$E11="",$F11="",$G11="",$I11="",$K11=""),"Faltam campos","OK")) | P11: =IF(OR($B11="",$B11<>'Pauta 1a1'!$B$4,$N11<>'Pauta 1a1'!$B$5),"",COUNTIFS($B$5:$B11,'Pauta 1a1'!$B$4,$N$5:$N11,'Pauta 1a1'!$B$5))
N12: =IF($A12="","",YEAR($A12)&"-Q"&ROUNDUP(MONTH($A12)/3,0)) | O12: =IF($A12="","",IF(OR($B12="",$E12="",$F12="",$G12="",$I12="",$K12=""),"Faltam campos","OK")) | P12: =IF(OR($B12="",$B12<>'Pauta 1a1'!$B$4,$N12<>'Pauta 1a1'!$B$5),"",COUNTIFS($B$5:$B12,'Pauta 1a1'!$B$4,$N$5:$N12,'Pauta 1a1'!$B$5))
N13: =IF($A13="","",YEAR($A13)&"-Q"&ROUNDUP(MONTH($A13)/3,0)) | O13: =IF($A13="","",IF(OR($B13="",$E13="",$F13="",$G13="",$I13="",$K13=""),"Faltam campos","OK")) | P13: =IF(OR($B13="",$B13<>'Pauta 1a1'!$B$4,$N13<>'Pauta 1a1'!$B$5),"",COUNTIFS($B$5:$B13,'Pauta 1a1'!$B$4,$N$5:$N13,'Pauta 1a1'!$B$5))
N14: =IF($A14="","",YEAR($A14)&"-Q"&ROUNDUP(MONTH($A14)/3,0)) | O14: =IF($A14="","",IF(OR($B14="",$E14="",$F14="",$G14="",$I14="",$K14=""),"Faltam campos","OK")) | P14: =IF(OR($B14="",$B14<>'Pauta 1a1'!$B$4,$N14<>'Pauta 1a1'!$B$5),"",COUNTIFS($B$5:$B14,'Pauta 1a1'!$B$4,$N$5:$N14,'Pauta 1a1'!$B$5))
N15: =IF($A15="","",YEAR($A15)&"-Q"&ROUNDUP(MONTH($A15)/3,0)) | O15: =IF($A15="","",IF(OR($B15="",$E15="",$F15="",$G15="",$I15="",$K15=""),"Faltam campos","OK")) | P15: =IF(OR($B15="",$B15<>'Pauta 1a1'!$B$4,$N15<>'Pauta 1a1'!$B$5),"",COUNTIFS($B$5:$B15,'Pauta 1a1'!$B$4,$N$5:$N15,'Pauta 1a1'!$B$5))
N16: =IF($A16="","",YEAR($A16)&"-Q"&ROUNDUP(MONTH($A16)/3,0)) | O16: =IF($A16="","",IF(OR($B16="",$E16="",$F16="",$G16="",$I16="",$K16=""),"Faltam campos","OK")) | P16: =IF(OR($B16="",$B16<>'Pauta 1a1'!$B$4,$N16<>'Pauta 1a1'!$B$5),"",COUNTIFS($B$5:$B16,'Pauta 1a1'!$B$4,$N$5:$N16,'Pauta 1a1'!$B$5))
N17: =IF($A17="","",YEAR($A17)&"-Q"&ROUNDUP(MONTH($A17)/3,0)) | O17: =IF($A17="","",IF(OR($B17="",$E17="",$F17="",$G17="",$I17="",$K17=""),"Faltam campos","OK")) | P17: =IF(OR($B17="",$B17<>'Pauta 1a1'!$B$4,$N17<>'Pauta 1a1'!$B$5),"",COUNTIFS($B$5:$B17,'Pauta 1a1'!$B$4,$N$5:$N17,'Pauta 1a1'!$B$5))
N18: =IF($A18="","",YEAR($A18)&"-Q"&ROUNDUP(MONTH($A18)/3,0)) | O18: =IF($A18="","",IF(OR($B18="",$E18="",$F18="",$G18="",$I18="",$K18=""),"Faltam campos","OK")) | P18: =IF(OR($B18="",$B18<>'Pauta 1a1'!$B$4,$N18<>'Pauta 1a1'!$B$5),"",COUNTIFS($B$5:$B18,'Pauta 1a1'!$B$4,$N$5:$N18,'Pauta 1a1'!$B$5))
N19: =IF($A19="","",YEAR($A19)&"-Q"&ROUNDUP(MONTH($A19)/3,0)) | O19: =IF($A19="","",IF(OR($B19="",$E19="",$F19="",$G19="",$I19="",$K19=""),"Faltam campos","OK")) | P19: =IF(OR($B19="",$B19<>'Pauta 1a1'!$B$4,$N19<>'Pauta 1a1'!$B$5),"",COUNTIFS($B$5:$B19,'Pauta 1a1'!$B$4,$N$5:$N19,'Pauta 1a1'!$B$5))
N20: =IF($A20="","",YEAR($A20)&"-Q"&ROUNDUP(MONTH($A20)/3,0)) | O20: =IF($A20="","",IF(OR($B20="",$E20="",$F20="",$G20="",$I20="",$K20=""),"Faltam campos","OK")) | P20: =IF(OR($B20="",$B20<>'Pauta 1a1'!$B$4,$N20<>'Pauta 1a1'!$B$5),"",COUNTIFS($B$5:$B20,'Pauta 1a1'!$B$4,$N$5:$N20,'Pauta 1a1'!$B$5))
N21: =IF($A21="","",YEAR($A21)&"-Q"&ROUNDUP(MONTH($A21)/3,0)) | O21: =IF($A21="","",IF(OR($B21="",$E21="",$F21="",$G21="",$I21="",$K21=""),"Faltam campos","OK")) | P21: =IF(OR($B21="",$B21<>'Pauta 1a1'!$B$4,$N21<>'Pauta 1a1'!$B$5),"",COUNTIFS($B$5:$B21,'Pauta 1a1'!$B$4,$N$5:$N21,'Pauta 1a1'!$B$5))
N22: =IF($A22="","",YEAR($A22)&"-Q"&ROUNDUP(MONTH($A22)/3,0)) | O22: =IF($A22="","",IF(OR($B22="",$E22="",$F22="",$G22="",$I22="",$K22=""),"Faltam campos","OK")) | P22: =IF(OR($B22="",$B22<>'Pauta 1a1'!$B$4,$N22<>'Pauta 1a1'!$B$5),"",COUNTIFS($B$5:$B22,'Pauta 1a1'!$B$4,$N$5:$N22,'Pauta 1a1'!$B$5))
... N404: =IF($A404="","",YEAR($A404)&"-Q"&ROUNDUP(MONTH($A404)/3,0)) | O404: =IF($A404="","",IF(OR($B404="",$E404="",$F404="",$G404="",$I404="",$K404=""),"Faltam campos","OK")) | P404: =IF(OR($B404="",$B404<>'Pauta 1a1'!$B$4,$N404<>'Pauta 1a1'!$B$5),"",COUNTIFS($B$5:$B404,'Pauta 1a1'!$B$4,$N$5:$N404,'Pauta 1a1'!$B$5))

Sheet Avaliação
A1: Avaliação e calibração — uma linha por colaborador × competência × ciclo
A2: GP e Líder Técnico preenchem na MESMA aba. Duas planilhas separadas viram duas verdades e ninguém concilia.
A3: Quem não tem evidência deixa em branco — em branco é resposta legítima e melhor que chute. Divergência de 2+ pontos é obrigatoriamente pauta de calibração, e cada lado traz uma ocorrência que sustenta a nota.
A4: Ciclo | B4: ID | C4: Colaborador | D4: Senioridade | E4: Papel | F4: Competência | G4: Eixo | H4: Avaliador dono | I4: Nota GP | J4: Nota LT | K4: Divergência | L4: Sugestão | M4: Nota final | N4: Ocorr. vinculadas | O4: Lastro | P4: Justificativa da nota final (1 frase) | Q4: Data da calibração
A5: 2026-Q3 | B5: 1 | C5: =IFERROR(INDEX(Colaboradores!$B:$B,MATCH($B5,Colaboradores!$A:$A,0)),"") | D5: =IFERROR(INDEX(Colaboradores!$E:$E,MATCH($B5,Colaboradores!$A:$A,0)),"") | E5: =IFERROR(INDEX(Colaboradores!$D:$D,MATCH($B5,Colaboradores!$A:$A,0)),"") | F5: Previsibilidade | G5: =IFERROR(INDEX(Competências!$B:$B,MATCH($F5,Competências!$C:$C,0)),"") | H5: =IFERROR(INDEX(Competências!$E:$E,MATCH($F5,Competências!$C:$C,0)),"") | I5: 3 | K5: =IF(AND(ISNUMBER($I5),ISNUMBER($J5)),ABS($I5-$J5),"") | L5: =IF(AND(NOT(ISNUMBER($I5)),NOT(ISNUMBER($J5))),"",IF(NOT(ISNUMBER($J5)),$I5,IF(NOT(ISNUMBER($I5)),$J5,IF($K5=0,$I5,IF($K5=1,IF($H5="Líder Técnico",$J5,IF($H5="GP",$I5,"CALIBRAR")),"CALIBRAR"))))) | M5: 3 | N5: =IF($C5="","",COUNTIFS(Ocorrências!$B:$B,$C5,Ocorrências!$F:$F,$F5,Ocorrências!$N:$N,$A5)) | O5: =IF($M5="","",IF(OR($M5=1,$M5=2,$M5=5),IF($N5>0,"OK","SEM LASTRO"),"OK"))
A6: 2026-Q3 | B6: 1 | C6: =IFERROR(INDEX(Colaboradores!$B:$B,MATCH($B6,Colaboradores!$A:$A,0)),"") | D6: =IFERROR(INDEX(Colaboradores!$E:$E,MATCH($B6,Colaboradores!$A:$A,0)),"") | E6: =IFERROR(INDEX(Colaboradores!$D:$D,MATCH($B6,Colaboradores!$A:$A,0)),"") | F6: Qualidade da entrega | G6: =IFERROR(INDEX(Competências!$B:$B,MATCH($F6,Competências!$C:$C,0)),"") | H6: =IFERROR(INDEX(Competências!$E:$E,MATCH($F6,Competências!$C:$C,0)),"") | J6: 2 | K6: =IF(AND(ISNUMBER($I6),ISNUMBER($J6)),ABS($I6-$J6),"") | L6: =IF(AND(NOT(ISNUMBER($I6)),NOT(ISNUMBER($J6))),"",IF(NOT(ISNUMBER($J6)),$I6,IF(NOT(ISNUMBER($I6)),$J6,IF($K6=0,$I6,IF($K6=1,IF($H6="Líder Técnico",$J6,IF($H6="GP",$I6,"CALIBRAR")),"CALIBRAR"))))) | M6: 2 | N6: =IF($C6="","",COUNTIFS(Ocorrências!$B:$B,$C6,Ocorrências!$F:$F,$F6,Ocorrências!$N:$N,$A6)) | O6: =IF($M6="","",IF(OR($M6=1,$M6=2,$M6=5),IF($N6>0,"OK","SEM LASTRO"),"OK")) | P6: PR #857 voltou 3 rodadas por teste de erro ausente; é o padrão do ciclo, não um caso isolado. | Q6: 46295
A7: 2026-Q3 | B7: 1 | C7: =IFERROR(INDEX(Colaboradores!$B:$B,MATCH($B7,Colaboradores!$A:$A,0)),"") | D7: =IFERROR(INDEX(Colaboradores!$E:$E,MATCH($B7,Colaboradores!$A:$A,0)),"") | E7: =IFERROR(INDEX(Colaboradores!$D:$D,MATCH($B7,Colaboradores!$A:$A,0)),"") | F7: Foco em valor | G7: =IFERROR(INDEX(Competências!$B:$B,MATCH($F7,Competências!$C:$C,0)),"") | H7: =IFERROR(INDEX(Competências!$E:$E,MATCH($F7,Competências!$C:$C,0)),"") | I7: 3 | J7: 3 | K7: =IF(AND(ISNUMBER($I7),ISNUMBER($J7)),ABS($I7-$J7),"") | L7: =IF(AND(NOT(ISNUMBER($I7)),NOT(ISNUMBER($J7))),"",IF(NOT(ISNUMBER($J7)),$I7,IF(NOT(ISNUMBER($I7)),$J7,IF($K7=0,$I7,IF($K7=1,IF($H7="Líder Técnico",$J7,IF($H7="GP",$I7,"CALIBRAR")),"CALIBRAR"))))) | M7: 3 | N7: =IF($C7="","",COUNTIFS(Ocorrências!$B:$B,$C7,Ocorrências!$F:$F,$F7,Ocorrências!$N:$N,$A7)) | O7: =IF($M7="","",IF(OR($M7=1,$M7=2,$M7=5),IF($N7>0,"OK","SEM LASTRO"),"OK"))
A8: 2026-Q3 | B8: 1 | C8: =IFERROR(INDEX(Colaboradores!$B:$B,MATCH($B8,Colaboradores!$A:$A,0)),"") | D8: =IFERROR(INDEX(Colaboradores!$E:$E,MATCH($B8,Colaboradores!$A:$A,0)),"") | E8: =IFERROR(INDEX(Colaboradores!$D:$D,MATCH($B8,Colaboradores!$A:$A,0)),"") | F8: Domínio técnico | G8: =IFERROR(INDEX(Competências!$B:$B,MATCH($F8,Competências!$C:$C,0)),"") | H8: =IFERROR(INDEX(Competências!$E:$E,MATCH($F8,Competências!$C:$C,0)),"") | J8: 3 | K8: =IF(AND(ISNUMBER($I8),ISNUMBER($J8)),ABS($I8-$J8),"") | L8: =IF(AND(NOT(ISNUMBER($I8)),NOT(ISNUMBER($J8))),"",IF(NOT(ISNUMBER($J8)),$I8,IF(NOT(ISNUMBER($I8)),$J8,IF($K8=0,$I8,IF($K8=1,IF($H8="Líder Técnico",$J8,IF($H8="GP",$I8,"CALIBRAR")),"CALIBRAR"))))) | M8: 3 | N8: =IF($C8="","",COUNTIFS(Ocorrências!$B:$B,$C8,Ocorrências!$F:$F,$F8,Ocorrências!$N:$N,$A8)) | O8: =IF($M8="","",IF(OR($M8=1,$M8=2,$M8=5),IF($N8>0,"OK","SEM LASTRO"),"OK"))
A9: 2026-Q3 | B9: 1 | C9: =IFERROR(INDEX(Colaboradores!$B:$B,MATCH($B9,Colaboradores!$A:$A,0)),"") | D9: =IFERROR(INDEX(Colaboradores!$E:$E,MATCH($B9,Colaboradores!$A:$A,0)),"") | E9: =IFERROR(INDEX(Colaboradores!$D:$D,MATCH($B9,Colaboradores!$A:$A,0)),"") | F9: Design de solução | G9: =IFERROR(INDEX(Competências!$B:$B,MATCH($F9,Competências!$C:$C,0)),"") | H9: =IFERROR(INDEX(Competências!$E:$E,MATCH($F9,Competências!$C:$C,0)),"") | J9: 3 | K9: =IF(AND(ISNUMBER($I9),ISNUMBER($J9)),ABS($I9-$J9),"") | L9: =IF(AND(NOT(ISNUMBER($I9)),NOT(ISNUMBER($J9))),"",IF(NOT(ISNUMBER($J9)),$I9,IF(NOT(ISNUMBER($I9)),$J9,IF($K9=0,$I9,IF($K9=1,IF($H9="Líder Técnico",$J9,IF($H9="GP",$I9,"CALIBRAR")),"CALIBRAR"))))) | M9: 3 | N9: =IF($C9="","",COUNTIFS(Ocorrências!$B:$B,$C9,Ocorrências!$F:$F,$F9,Ocorrências!$N:$N,$A9)) | O9: =IF($M9="","",IF(OR($M9=1,$M9=2,$M9=5),IF($N9>0,"OK","SEM LASTRO"),"OK"))
A10: 2026-Q3 | B10: 1 | C10: =IFERROR(INDEX(Colaboradores!$B:$B,MATCH($B10,Colaboradores!$A:$A,0)),"") | D10: =IFERROR(INDEX(Colaboradores!$E:$E,MATCH($B10,Colaboradores!$A:$A,0)),"") | E10: =IFERROR(INDEX(Colaboradores!$D:$D,MATCH($B10,Colaboradores!$A:$A,0)),"") | F10: Rigor operacional | G10: =IFERROR(INDEX(Competências!$B:$B,MATCH($F10,Competências!$C:$C,0)),"") | H10: =IFERROR(INDEX(Competências!$E:$E,MATCH($F10,Competências!$C:$C,0)),"") | J10: 3 | K10: =IF(AND(ISNUMBER($I10),ISNUMBER($J10)),ABS($I10-$J10),"") | L10: =IF(AND(NOT(ISNUMBER($I10)),NOT(ISNUMBER($J10))),"",IF(NOT(ISNUMBER($J10)),$I10,IF(NOT(ISNUMBER($I10)),$J10,IF($K10=0,$I10,IF($K10=1,IF($H10="Líder Técnico",$J10,IF($H10="GP",$I10,"CALIBRAR")),"CALIBRAR"))))) | M10: 3 | N10: =IF($C10="","",COUNTIFS(Ocorrências!$B:$B,$C10,Ocorrências!$F:$F,$F10,Ocorrências!$N:$N,$A10)) | O10: =IF($M10="","",IF(OR($M10=1,$M10=2,$M10=5),IF($N10>0,"OK","SEM LASTRO"),"OK"))
A11: 2026-Q3 | B11: 1 | C11: =IFERROR(INDEX(Colaboradores!$B:$B,MATCH($B11,Colaboradores!$A:$A,0)),"") | D11: =IFERROR(INDEX(Colaboradores!$E:$E,MATCH($B11,Colaboradores!$A:$A,0)),"") | E11: =IFERROR(INDEX(Colaboradores!$D:$D,MATCH($B11,Colaboradores!$A:$A,0)),"") | F11: Comunicação | G11: =IFERROR(INDEX(Competências!$B:$B,MATCH($F11,Competências!$C:$C,0)),"") | H11: =IFERROR(INDEX(Competências!$E:$E,MATCH($F11,Competências!$C:$C,0)),"") | I11: 4 | K11: =IF(AND(ISNUMBER($I11),ISNUMBER($J11)),ABS($I11-$J11),"") | L11: =IF(AND(NOT(ISNUMBER($I11)),NOT(ISNUMBER($J11))),"",IF(NOT(ISNUMBER($J11)),$I11,IF(NOT(ISNUMBER($I11)),$J11,IF($K11=0,$I11,IF($K11=1,IF($H11="Líder Técnico",$J11,IF($H11="GP",$I11,"CALIBRAR")),"CALIBRAR"))))) | M11: 4 | N11: =IF($C11="","",COUNTIFS(Ocorrências!$B:$B,$C11,Ocorrências!$F:$F,$F11,Ocorrências!$N:$N,$A11)) | O11: =IF($M11="","",IF(OR($M11=1,$M11=2,$M11=5),IF($N11>0,"OK","SEM LASTRO"),"OK"))
A12: 2026-Q3 | B12: 1 | C12: =IFERROR(INDEX(Colaboradores!$B:$B,MATCH($B12,Colaboradores!$A:$A,0)),"") | D12: =IFERROR(INDEX(Colaboradores!$E:$E,MATCH($B12,Colaboradores!$A:$A,0)),"") | E12: =IFERROR(INDEX(Colaboradores!$D:$D,MATCH($B12,Colaboradores!$A:$A,0)),"") | F12: Colaboração e review | G12: =IFERROR(INDEX(Competências!$B:$B,MATCH($F12,Competências!$C:$C,0)),"") | H12: =IFERROR(INDEX(Competências!$E:$E,MATCH($F12,Competências!$C:$C,0)),"") | J12: 5 | K12: =IF(AND(ISNUMBER($I12),ISNUMBER($J12)),ABS($I12-$J12),"") | L12: =IF(AND(NOT(ISNUMBER($I12)),NOT(ISNUMBER($J12))),"",IF(NOT(ISNUMBER($J12)),$I12,IF(NOT(ISNUMBER($I12)),$J12,IF($K12=0,$I12,IF($K12=1,IF($H12="Líder Técnico",$J12,IF($H12="GP",$I12,"CALIBRAR")),"CALIBRAR"))))) | M12: 5 | N12: =IF($C12="","",COUNTIFS(Ocorrências!$B:$B,$C12,Ocorrências!$F:$F,$F12,Ocorrências!$N:$N,$A12)) | O12: =IF($M12="","",IF(OR($M12=1,$M12=2,$M12=5),IF($N12>0,"OK","SEM LASTRO"),"OK")) | P12: Review do PR #812 pegou condição de corrida antes do merge — review dela mudou a decisão técnica do time. | Q12: 46295
A13: 2026-Q3 | B13: 1 | C13: =IFERROR(INDEX(Colaboradores!$B:$B,MATCH($B13,Colaboradores!$A:$A,0)),"") | D13: =IFERROR(INDEX(Colaboradores!$E:$E,MATCH($B13,Colaboradores!$A:$A,0)),"") | E13: =IFERROR(INDEX(Colaboradores!$D:$D,MATCH($B13,Colaboradores!$A:$A,0)),"") | F13: Confiabilidade e conduta | G13: =IFERROR(INDEX(Competências!$B:$B,MATCH($F13,Competências!$C:$C,0)),"") | H13: =IFERROR(INDEX(Competências!$E:$E,MATCH($F13,Competências!$C:$C,0)),"") | I13: 4 | K13: =IF(AND(ISNUMBER($I13),ISNUMBER($J13)),ABS($I13-$J13),"") | L13: =IF(AND(NOT(ISNUMBER($I13)),NOT(ISNUMBER($J13))),"",IF(NOT(ISNUMBER($J13)),$I13,IF(NOT(ISNUMBER($I13)),$J13,IF($K13=0,$I13,IF($K13=1,IF($H13="Líder Técnico",$J13,IF($H13="GP",$I13,"CALIBRAR")),"CALIBRAR"))))) | M13: 4 | N13: =IF($C13="","",COUNTIFS(Ocorrências!$B:$B,$C13,Ocorrências!$F:$F,$F13,Ocorrências!$N:$N,$A13)) | O13: =IF($M13="","",IF(OR($M13=1,$M13=2,$M13=5),IF($N13>0,"OK","SEM LASTRO"),"OK"))
A14: 2026-Q3 | B14: 1 | C14: =IFERROR(INDEX(Colaboradores!$B:$B,MATCH($B14,Colaboradores!$A:$A,0)),"") | D14: =IFERROR(INDEX(Colaboradores!$E:$E,MATCH($B14,Colaboradores!$A:$A,0)),"") | E14: =IFERROR(INDEX(Colaboradores!$D:$D,MATCH($B14,Colaboradores!$A:$A,0)),"") | F14: Autonomia e ownership | G14: =IFERROR(INDEX(Competências!$B:$B,MATCH($F14,Competências!$C:$C,0)),"") | H14: =IFERROR(INDEX(Competências!$E:$E,MATCH($F14,Competências!$C:$C,0)),"") | I14: 3 | J14: 4 | K14: =IF(AND(ISNUMBER($I14),ISNUMBER($J14)),ABS($I14-$J14),"") | L14: =IF(AND(NOT(ISNUMBER($I14)),NOT(ISNUMBER($J14))),"",IF(NOT(ISNUMBER($J14)),$I14,IF(NOT(ISNUMBER($I14)),$J14,IF($K14=0,$I14,IF($K14=1,IF($H14="Líder Técnico",$J14,IF($H14="GP",$I14,"CALIBRAR")),"CALIBRAR"))))) | M14: 4 | N14: =IF($C14="","",COUNTIFS(Ocorrências!$B:$B,$C14,Ocorrências!$F:$F,$F14,Ocorrências!$N:$N,$A14)) | O14: =IF($M14="","",IF(OR($M14=1,$M14=2,$M14=5),IF($N14>0,"OK","SEM LASTRO"),"OK")) | P14: GP viu 3, LT viu 4; a evidência do LT (assumiu o tema de resgate ponta a ponta) desempatou. | Q14: 46295
A15: 2026-Q3 | B15: 1 | C15: =IFERROR(INDEX(Colaboradores!$B:$B,MATCH($B15,Colaboradores!$A:$A,0)),"") | D15: =IFERROR(INDEX(Colaboradores!$E:$E,MATCH($B15,Colaboradores!$A:$A,0)),"") | E15: =IFERROR(INDEX(Colaboradores!$D:$D,MATCH($B15,Colaboradores!$A:$A,0)),"") | F15: Desenvolvimento de outros | G15: =IFERROR(INDEX(Competências!$B:$B,MATCH($F15,Competências!$C:$C,0)),"") | H15: =IFERROR(INDEX(Competências!$E:$E,MATCH($F15,Competências!$C:$C,0)),"") | J15: 3 | K15: =IF(AND(ISNUMBER($I15),ISNUMBER($J15)),ABS($I15-$J15),"") | L15: =IF(AND(NOT(ISNUMBER($I15)),NOT(ISNUMBER($J15))),"",IF(NOT(ISNUMBER($J15)),$I15,IF(NOT(ISNUMBER($I15)),$J15,IF($K15=0,$I15,IF($K15=1,IF($H15="Líder Técnico",$J15,IF($H15="GP",$I15,"CALIBRAR")),"CALIBRAR"))))) | M15: 3 | N15: =IF($C15="","",COUNTIFS(Ocorrências!$B:$B,$C15,Ocorrências!$F:$F,$F15,Ocorrências!$N:$N,$A15)) | O15: =IF($M15="","",IF(OR($M15=1,$M15=2,$M15=5),IF($N15>0,"OK","SEM LASTRO"),"OK"))
A16: 2026-Q3 | B16: 2 | C16: =IFERROR(INDEX(Colaboradores!$B:$B,MATCH($B16,Colaboradores!$A:$A,0)),"") | D16: =IFERROR(INDEX(Colaboradores!$E:$E,MATCH($B16,Colaboradores!$A:$A,0)),"") | E16: =IFERROR(INDEX(Colaboradores!$D:$D,MATCH($B16,Colaboradores!$A:$A,0)),"") | F16: Previsibilidade | G16: =IFERROR(INDEX(Competências!$B:$B,MATCH($F16,Competências!$C:$C,0)),"") | H16: =IFERROR(INDEX(Competências!$E:$E,MATCH($F16,Competências!$C:$C,0)),"") | K16: =IF(AND(ISNUMBER($I16),ISNUMBER($J16)),ABS($I16-$J16),"") | L16: =IF(AND(NOT(ISNUMBER($I16)),NOT(ISNUMBER($J16))),"",IF(NOT(ISNUMBER($J16)),$I16,IF(NOT(ISNUMBER($I16)),$J16,IF($K16=0,$I16,IF($K16=1,IF($H16="Líder Técnico",$J16,IF($H16="GP",$I16,"CALIBRAR")),"CALIBRAR"))))) | N16: =IF($C16="","",COUNTIFS(Ocorrências!$B:$B,$C16,Ocorrências!$F:$F,$F16,Ocorrências!$N:$N,$A16)) | O16: =IF($M16="","",IF(OR($M16=1,$M16=2,$M16=5),IF($N16>0,"OK","SEM LASTRO"),"OK"))
A17: 2026-Q3 | B17: 2 | C17: =IFERROR(INDEX(Colaboradores!$B:$B,MATCH($B17,Colaboradores!$A:$A,0)),"") | D17: =IFERROR(INDEX(Colaboradores!$E:$E,MATCH($B17,Colaboradores!$A:$A,0)),"") | E17: =IFERROR(INDEX(Colaboradores!$D:$D,MATCH($B17,Colaboradores!$A:$A,0)),"") | F17: Qualidade da entrega | G17: =IFERROR(INDEX(Competências!$B:$B,MATCH($F17,Competências!$C:$C,0)),"") | H17: =IFERROR(INDEX(Competências!$E:$E,MATCH($F17,Competências!$C:$C,0)),"") | K17: =IF(AND(ISNUMBER($I17),ISNUMBER($J17)),ABS($I17-$J17),"") | L17: =IF(AND(NOT(ISNUMBER($I17)),NOT(ISNUMBER($J17))),"",IF(NOT(ISNUMBER($J17)),$I17,IF(NOT(ISNUMBER($I17)),$J17,IF($K17=0,$I17,IF($K17=1,IF($H17="Líder Técnico",$J17,IF($H17="GP",$I17,"CALIBRAR")),"CALIBRAR"))))) | N17: =IF($C17="","",COUNTIFS(Ocorrências!$B:$B,$C17,Ocorrências!$F:$F,$F17,Ocorrências!$N:$N,$A17)) | O17: =IF($M17="","",IF(OR($M17=1,$M17=2,$M17=5),IF($N17>0,"OK","SEM LASTRO"),"OK"))
A18: 2026-Q3 | B18: 2 | C18: =IFERROR(INDEX(Colaboradores!$B:$B,MATCH($B18,Colaboradores!$A:$A,0)),"") | D18: =IFERROR(INDEX(Colaboradores!$E:$E,MATCH($B18,Colaboradores!$A:$A,0)),"") | E18: =IFERROR(INDEX(Colaboradores!$D:$D,MATCH($B18,Colaboradores!$A:$A,0)),"") | F18: Foco em valor | G18: =IFERROR(INDEX(Competências!$B:$B,MATCH($F18,Competências!$C:$C,0)),"") | H18: =IFERROR(INDEX(Competências!$E:$E,MATCH($F18,Competências!$C:$C,0)),"") | K18: =IF(AND(ISNUMBER($I18),ISNUMBER($J18)),ABS($I18-$J18),"") | L18: =IF(AND(NOT(ISNUMBER($I18)),NOT(ISNUMBER($J18))),"",IF(NOT(ISNUMBER($J18)),$I18,IF(NOT(ISNUMBER($I18)),$J18,IF($K18=0,$I18,IF($K18=1,IF($H18="Líder Técnico",$J18,IF($H18="GP",$I18,"CALIBRAR")),"CALIBRAR"))))) | N18: =IF($C18="","",COUNTIFS(Ocorrências!$B:$B,$C18,Ocorrências!$F:$F,$F18,Ocorrências!$N:$N,$A18)) | O18: =IF($M18="","",IF(OR($M18=1,$M18=2,$M18=5),IF($N18>0,"OK","SEM LASTRO"),"OK"))
A19: 2026-Q3 | B19: 2 | C19: =IFERROR(INDEX(Colaboradores!$B:$B,MATCH($B19,Colaboradores!$A:$A,0)),"") | D19: =IFERROR(INDEX(Colaboradores!$E:$E,MATCH($B19,Colaboradores!$A:$A,0)),"") | E19: =IFERROR(INDEX(Colaboradores!$D:$D,MATCH($B19,Colaboradores!$A:$A,0)),"") | F19: Domínio técnico | G19: =IFERROR(INDEX(Competências!$B:$B,MATCH($F19,Competências!$C:$C,0)),"") | H19: =IFERROR(INDEX(Competências!$E:$E,MATCH($F19,Competências!$C:$C,0)),"") | K19: =IF(AND(ISNUMBER($I19),ISNUMBER($J19)),ABS($I19-$J19),"") | L19: =IF(AND(NOT(ISNUMBER($I19)),NOT(ISNUMBER($J19))),"",IF(NOT(ISNUMBER($J19)),$I19,IF(NOT(ISNUMBER($I19)),$J19,IF($K19=0,$I19,IF($K19=1,IF($H19="Líder Técnico",$J19,IF($H19="GP",$I19,"CALIBRAR")),"CALIBRAR"))))) | N19: =IF($C19="","",COUNTIFS(Ocorrências!$B:$B,$C19,Ocorrências!$F:$F,$F19,Ocorrências!$N:$N,$A19)) | O19: =IF($M19="","",IF(OR($M19=1,$M19=2,$M19=5),IF($N19>0,"OK","SEM LASTRO"),"OK"))
A20: 2026-Q3 | B20: 2 | C20: =IFERROR(INDEX(Colaboradores!$B:$B,MATCH($B20,Colaboradores!$A:$A,0)),"") | D20: =IFERROR(INDEX(Colaboradores!$E:$E,MATCH($B20,Colaboradores!$A:$A,0)),"") | E20: =IFERROR(INDEX(Colaboradores!$D:$D,MATCH($B20,Colaboradores!$A:$A,0)),"") | F20: Design de solução | G20: =IFERROR(INDEX(Competências!$B:$B,MATCH($F20,Competências!$C:$C,0)),"") | H20: =IFERROR(INDEX(Competências!$E:$E,MATCH($F20,Competências!$C:$C,0)),"") | K20: =IF(AND(ISNUMBER($I20),ISNUMBER($J20)),ABS($I20-$J20),"") | L20: =IF(AND(NOT(ISNUMBER($I20)),NOT(ISNUMBER($J20))),"",IF(NOT(ISNUMBER($J20)),$I20,IF(NOT(ISNUMBER($I20)),$J20,IF($K20=0,$I20,IF($K20=1,IF($H20="Líder Técnico",$J20,IF($H20="GP",$I20,"CALIBRAR")),"CALIBRAR"))))) | N20: =IF($C20="","",COUNTIFS(Ocorrências!$B:$B,$C20,Ocorrências!$F:$F,$F20,Ocorrências!$N:$N,$A20)) | O20: =IF($M20="","",IF(OR($M20=1,$M20=2,$M20=5),IF($N20>0,"OK","SEM LASTRO"),"OK"))
A21: 2026-Q3 | B21: 2 | C21: =IFERROR(INDEX(Colaboradores!$B:$B,MATCH($B21,Colaboradores!$A:$A,0)),"") | D21: =IFERROR(INDEX(Colaboradores!$E:$E,MATCH($B21,Colaboradores!$A:$A,0)),"") | E21: =IFERROR(INDEX(Colaboradores!$D:$D,MATCH($B21,Colaboradores!$A:$A,0)),"") | F21: Rigor operacional | G21: =IFERROR(INDEX(Competências!$B:$B,MATCH($F21,Competências!$C:$C,0)),"") | H21: =IFERROR(INDEX(Competências!$E:$E,MATCH($F21,Competências!$C:$C,0)),"") | K21: =IF(AND(ISNUMBER($I21),ISNUMBER($J21)),ABS($I21-$J21),"") | L21: =IF(AND(NOT(ISNUMBER($I21)),NOT(ISNUMBER($J21))),"",IF(NOT(ISNUMBER($J21)),$I21,IF(NOT(ISNUMBER($I21)),$J21,IF($K21=0,$I21,IF($K21=1,IF($H21="Líder Técnico",$J21,IF($H21="GP",$I21,"CALIBRAR")),"CALIBRAR"))))) | N21: =IF($C21="","",COUNTIFS(Ocorrências!$B:$B,$C21,Ocorrências!$F:$F,$F21,Ocorrências!$N:$N,$A21)) | O21: =IF($M21="","",IF(OR($M21=1,$M21=2,$M21=5),IF($N21>0,"OK","SEM LASTRO"),"OK"))
A22: 2026-Q3 | B22: 2 | C22: =IFERROR(INDEX(Colaboradores!$B:$B,MATCH($B22,Colaboradores!$A:$A,0)),"") | D22: =IFERROR(INDEX(Colaboradores!$E:$E,MATCH($B22,Colaboradores!$A:$A,0)),"") | E22: =IFERROR(INDEX(Colaboradores!$D:$D,MATCH($B22,Colaboradores!$A:$A,0)),"") | F22: Comunicação | G22: =IFERROR(INDEX(Competências!$B:$B,MATCH($F22,Competências!$C:$C,0)),"") | H22: =IFERROR(INDEX(Competências!$E:$E,MATCH($F22,Competências!$C:$C,0)),"") | K22: =IF(AND(ISNUMBER($I22),ISNUMBER($J22)),ABS($I22-$J22),"") | L22: =IF(AND(NOT(ISNUMBER($I22)),NOT(ISNUMBER($J22))),"",IF(NOT(ISNUMBER($J22)),$I22,IF(NOT(ISNUMBER($I22)),$J22,IF($K22=0,$I22,IF($K22=1,IF($H22="Líder Técnico",$J22,IF($H22="GP",$I22,"CALIBRAR")),"CALIBRAR"))))) | N22: =IF($C22="","",COUNTIFS(Ocorrências!$B:$B,$C22,Ocorrências!$F:$F,$F22,Ocorrências!$N:$N,$A22)) | O22: =IF($M22="","",IF(OR($M22=1,$M22=2,$M22=5),IF($N22>0,"OK","SEM LASTRO"),"OK"))
A23: 2026-Q3 | B23: 2 | C23: =IFERROR(INDEX(Colaboradores!$B:$B,MATCH($B23,Colaboradores!$A:$A,0)),"") | D23: =IFERROR(INDEX(Colaboradores!$E:$E,MATCH($B23,Colaboradores!$A:$A,0)),"") | E23: =IFERROR(INDEX(Colaboradores!$D:$D,MATCH($B23,Colaboradores!$A:$A,0)),"") | F23: Colaboração e review | G23: =IFERROR(INDEX(Competências!$B:$B,MATCH($F23,Competências!$C:$C,0)),"") | H23: =IFERROR(INDEX(Competências!$E:$E,MATCH($F23,Competências!$C:$C,0)),"") | K23: =IF(AND(ISNUMBER($I23),ISNUMBER($J23)),ABS($I23-$J23),"") | L23: =IF(AND(NOT(ISNUMBER($I23)),NOT(ISNUMBER($J23))),"",IF(NOT(ISNUMBER($J23)),$I23,IF(NOT(ISNUMBER($I23)),$J23,IF($K23=0,$I23,IF($K23=1,IF($H23="Líder Técnico",$J23,IF($H23="GP",$I23,"CALIBRAR")),"CALIBRAR"))))) | N23: =IF($C23="","",COUNTIFS(Ocorrências!$B:$B,$C23,Ocorrências!$F:$F,$F23,Ocorrências!$N:$N,$A23)) | O23: =IF($M23="","",IF(OR($M23=1,$M23=2,$M23=5),IF($N23>0,"OK","SEM LASTRO"),"OK"))
A24: 2026-Q3 | B24: 2 | C24: =IFERROR(INDEX(Colaboradores!$B:$B,MATCH($B24,Colaboradores!$A:$A,0)),"") | D24: =IFERROR(INDEX(Colaboradores!$E:$E,MATCH($B24,Colaboradores!$A:$A,0)),"") | E24: =IFERROR(INDEX(Colaboradores!$D:$D,MATCH($B24,Colaboradores!$A:$A,0)),"") | F24: Confiabilidade e conduta | G24: =IFERROR(INDEX(Competências!$B:$B,MATCH($F24,Competências!$C:$C,0)),"") | H24: =IFERROR(INDEX(Competências!$E:$E,MATCH($F24,Competências!$C:$C,0)),"") | K24: =IF(AND(ISNUMBER($I24),ISNUMBER($J24)),ABS($I24-$J24),"") | L24: =IF(AND(NOT(ISNUMBER($I24)),NOT(ISNUMBER($J24))),"",IF(NOT(ISNUMBER($J24)),$I24,IF(NOT(ISNUMBER($I24)),$J24,IF($K24=0,$I24,IF($K24=1,IF($H24="Líder Técnico",$J24,IF($H24="GP",$I24,"CALIBRAR")),"CALIBRAR"))))) | N24: =IF($C24="","",COUNTIFS(Ocorrências!$B:$B,$C24,Ocorrências!$F:$F,$F24,Ocorrências!$N:$N,$A24)) | O24: =IF($M24="","",IF(OR($M24=1,$M24=2,$M24=5),IF($N24>0,"OK","SEM LASTRO"),"OK"))
A25: 2026-Q3 | B25: 2 | C25: =IFERROR(INDEX(Colaboradores!$B:$B,MATCH($B25,Colaboradores!$A:$A,0)),"") | D25: =IFERROR(INDEX(Colaboradores!$E:$E,MATCH($B25,Colaboradores!$A:$A,0)),"") | E25: =IFERROR(INDEX(Colaboradores!$D:$D,MATCH($B25,Colaboradores!$A:$A,0)),"") | F25: Autonomia e ownership | G25: =IFERROR(INDEX(Competências!$B:$B,MATCH($F25,Competências!$C:$C,0)),"") | H25: =IFERROR(INDEX(Competências!$E:$E,MATCH($F25,Competências!$C:$C,0)),"") | K25: =IF(AND(ISNUMBER($I25),ISNUMBER($J25)),ABS($I25-$J25),"") | L25: =IF(AND(NOT(ISNUMBER($I25)),NOT(ISNUMBER($J25))),"",IF(NOT(ISNUMBER($J25)),$I25,IF(NOT(ISNUMBER($I25)),$J25,IF($K25=0,$I25,IF($K25=1,IF($H25="Líder Técnico",$J25,IF($H25="GP",$I25,"CALIBRAR")),"CALIBRAR"))))) | N25: =IF($C25="","",COUNTIFS(Ocorrências!$B:$B,$C25,Ocorrências!$F:$F,$F25,Ocorrências!$N:$N,$A25)) | O25: =IF($M25="","",IF(OR($M25=1,$M25=2,$M25=5),IF($N25>0,"OK","SEM LASTRO"),"OK"))
A26: 2026-Q3 | B26: 2 | C26: =IFERROR(INDEX(Colaboradores!$B:$B,MATCH($B26,Colaboradores!$A:$A,0)),"") | D26: =IFERROR(INDEX(Colaboradores!$E:$E,MATCH($B26,Colaboradores!$A:$A,0)),"") | E26: =IFERROR(INDEX(Colaboradores!$D:$D,MATCH($B26,Colaboradores!$A:$A,0)),"") | F26: Desenvolvimento de outros | G26: =IFERROR(INDEX(Competências!$B:$B,MATCH($F26,Competências!$C:$C,0)),"") | H26: =IFERROR(INDEX(Competências!$E:$E,MATCH($F26,Competências!$C:$C,0)),"") | K26: =IF(AND(ISNUMBER($I26),ISNUMBER($J26)),ABS($I26-$J26),"") | L26: =IF(AND(NOT(ISNUMBER($I26)),NOT(ISNUMBER($J26))),"",IF(NOT(ISNUMBER($J26)),$I26,IF(NOT(ISNUMBER($I26)),$J26,IF($K26=0,$I26,IF($K26=1,IF($H26="Líder Técnico",$J26,IF($H26="GP",$I26,"CALIBRAR")),"CALIBRAR"))))) | N26: =IF($C26="","",COUNTIFS(Ocorrências!$B:$B,$C26,Ocorrências!$F:$F,$F26,Ocorrências!$N:$N,$A26)) | O26: =IF($M26="","",IF(OR($M26=1,$M26=2,$M26=5),IF($N26>0,"OK","SEM LASTRO"),"OK"))
A27: 2026-Q3 | B27: 3 | C27: =IFERROR(INDEX(Colaboradores!$B:$B,MATCH($B27,Colaboradores!$A:$A,0)),"") | D27: =IFERROR(INDEX(Colaboradores!$E:$E,MATCH($B27,Colaboradores!$A:$A,0)),"") | E27: =IFERROR(INDEX(Colaboradores!$D:$D,MATCH($B27,Colaboradores!$A:$A,0)),"") | F27: Previsibilidade | G27: =IFERROR(INDEX(Competências!$B:$B,MATCH($F27,Competências!$C:$C,0)),"") | H27: =IFERROR(INDEX(Competências!$E:$E,MATCH($F27,Competências!$C:$C,0)),"") | K27: =IF(AND(ISNUMBER($I27),ISNUMBER($J27)),ABS($I27-$J27),"") | L27: =IF(AND(NOT(ISNUMBER($I27)),NOT(ISNUMBER($J27))),"",IF(NOT(ISNUMBER($J27)),$I27,IF(NOT(ISNUMBER($I27)),$J27,IF($K27=0,$I27,IF($K27=1,IF($H27="Líder Técnico",$J27,IF($H27="GP",$I27,"CALIBRAR")),"CALIBRAR"))))) | N27: =IF($C27="","",COUNTIFS(Ocorrências!$B:$B,$C27,Ocorrências!$F:$F,$F27,Ocorrências!$N:$N,$A27)) | O27: =IF($M27="","",IF(OR($M27=1,$M27=2,$M27=5),IF($N27>0,"OK","SEM LASTRO"),"OK"))
... A37: 2026-Q3 | B37: 3 | C37: =IFERROR(INDEX(Colaboradores!$B:$B,MATCH($B37,Colaboradores!$A:$A,0)),"") | D37: =IFERROR(INDEX(Colaboradores!$E:$E,MATCH($B37,Colaboradores!$A:$A,0)),"") | E37: =IFERROR(INDEX(Colaboradores!$D:$D,MATCH($B37,Colaboradores!$A:$A,0)),"") | F37: Desenvolvimento de outros | G37: =IFERROR(INDEX(Competências!$B:$B,MATCH($F37,Competências!$C:$C,0)),"") | H37: =IFERROR(INDEX(Competências!$E:$E,MATCH($F37,Competências!$C:$C,0)),"") | K37: =IF(AND(ISNUMBER($I37),ISNUMBER($J37)),ABS($I37-$J37),"") | L37: =IF(AND(NOT(ISNUMBER($I37)),NOT(ISNUMBER($J37))),"",IF(NOT(ISNUMBER($J37)),$I37,IF(NOT(ISNUMBER($I37)),$J37,IF($K37=0,$I37,IF($K37=1,IF($H37="Líder Técnico",$J37,IF($H37="GP",$I37,"CALIBRAR")),"CALIBRAR"))))) | N37: =IF($C37="","",COUNTIFS(Ocorrências!$B:$B,$C37,Ocorrências!$F:$F,$F37,Ocorrências!$N:$N,$A37)) | O37: =IF($M37="","",IF(OR($M37=1,$M37=2,$M37=5),IF($N37>0,"OK","SEM LASTRO"),"OK"))
C38: =IFERROR(INDEX(Colaboradores!$B:$B,MATCH($B38,Colaboradores!$A:$A,0)),"") | D38: =IFERROR(INDEX(Colaboradores!$E:$E,MATCH($B38,Colaboradores!$A:$A,0)),"") | E38: =IFERROR(INDEX(Colaboradores!$D:$D,MATCH($B38,Colaboradores!$A:$A,0)),"") | G38: =IFERROR(INDEX(Competências!$B:$B,MATCH($F38,Competências!$C:$C,0)),"") | H38: =IFERROR(INDEX(Competências!$E:$E,MATCH($F38,Competências!$C:$C,0)),"") | K38: =IF(AND(ISNUMBER($I38),ISNUMBER($J38)),ABS($I38-$J38),"") | L38: =IF(AND(NOT(ISNUMBER($I38)),NOT(ISNUMBER($J38))),"",IF(NOT(ISNUMBER($J38)),$I38,IF(NOT(ISNUMBER($I38)),$J38,IF($K38=0,$I38,IF($K38=1,IF($H38="Líder Técnico",$J38,IF($H38="GP",$I38,"CALIBRAR")),"CALIBRAR"))))) | N38: =IF($C38="","",COUNTIFS(Ocorrências!$B:$B,$C38,Ocorrências!$F:$F,$F38,Ocorrências!$N:$N,$A38)) | O38: =IF($M38="","",IF(OR($M38=1,$M38=2,$M38=5),IF($N38>0,"OK","SEM LASTRO"),"OK"))
C39: =IFERROR(INDEX(Colaboradores!$B:$B,MATCH($B39,Colaboradores!$A:$A,0)),"") | D39: =IFERROR(INDEX(Colaboradores!$E:$E,MATCH($B39,Colaboradores!$A:$A,0)),"") | E39: =IFERROR(INDEX(Colaboradores!$D:$D,MATCH($B39,Colaboradores!$A:$A,0)),"") | G39: =IFERROR(INDEX(Competências!$B:$B,MATCH($F39,Competências!$C:$C,0)),"") | H39: =IFERROR(INDEX(Competências!$E:$E,MATCH($F39,Competências!$C:$C,0)),"") | K39: =IF(AND(ISNUMBER($I39),ISNUMBER($J39)),ABS($I39-$J39),"") | L39: =IF(AND(NOT(ISNUMBER($I39)),NOT(ISNUMBER($J39))),"",IF(NOT(ISNUMBER($J39)),$I39,IF(NOT(ISNUMBER($I39)),$J39,IF($K39=0,$I39,IF($K39=1,IF($H39="Líder Técnico",$J39,IF($H39="GP",$I39,"CALIBRAR")),"CALIBRAR"))))) | N39: =IF($C39="","",COUNTIFS(Ocorrências!$B:$B,$C39,Ocorrências!$F:$F,$F39,Ocorrências!$N:$N,$A39)) | O39: =IF($M39="","",IF(OR($M39=1,$M39=2,$M39=5),IF($N39>0,"OK","SEM LASTRO"),"OK"))
C40: =IFERROR(INDEX(Colaboradores!$B:$B,MATCH($B40,Colaboradores!$A:$A,0)),"") | D40: =IFERROR(INDEX(Colaboradores!$E:$E,MATCH($B40,Colaboradores!$A:$A,0)),"") | E40: =IFERROR(INDEX(Colaboradores!$D:$D,MATCH($B40,Colaboradores!$A:$A,0)),"") | G40: =IFERROR(INDEX(Competências!$B:$B,MATCH($F40,Competências!$C:$C,0)),"") | H40: =IFERROR(INDEX(Competências!$E:$E,MATCH($F40,Competências!$C:$C,0)),"") | K40: =IF(AND(ISNUMBER($I40),ISNUMBER($J40)),ABS($I40-$J40),"") | L40: =IF(AND(NOT(ISNUMBER($I40)),NOT(ISNUMBER($J40))),"",IF(NOT(ISNUMBER($J40)),$I40,IF(NOT(ISNUMBER($I40)),$J40,IF($K40=0,$I40,IF($K40=1,IF($H40="Líder Técnico",$J40,IF($H40="GP",$I40,"CALIBRAR")),"CALIBRAR"))))) | N40: =IF($C40="","",COUNTIFS(Ocorrências!$B:$B,$C40,Ocorrências!$F:$F,$F40,Ocorrências!$N:$N,$A40)) | O40: =IF($M40="","",IF(OR($M40=1,$M40=2,$M40=5),IF($N40>0,"OK","SEM LASTRO"),"OK"))
C41: =IFERROR(INDEX(Colaboradores!$B:$B,MATCH($B41,Colaboradores!$A:$A,0)),"") | D41: =IFERROR(INDEX(Colaboradores!$E:$E,MATCH($B41,Colaboradores!$A:$A,0)),"") | E41: =IFERROR(INDEX(Colaboradores!$D:$D,MATCH($B41,Colaboradores!$A:$A,0)),"") | G41: =IFERROR(INDEX(Competências!$B:$B,MATCH($F41,Competências!$C:$C,0)),"") | H41: =IFERROR(INDEX(Competências!$E:$E,MATCH($F41,Competências!$C:$C,0)),"") | K41: =IF(AND(ISNUMBER($I41),ISNUMBER($J41)),ABS($I41-$J41),"") | L41: =IF(AND(NOT(ISNUMBER($I41)),NOT(ISNUMBER($J41))),"",IF(NOT(ISNUMBER($J41)),$I41,IF(NOT(ISNUMBER($I41)),$J41,IF($K41=0,$I41,IF($K41=1,IF($H41="Líder Técnico",$J41,IF($H41="GP",$I41,"CALIBRAR")),"CALIBRAR"))))) | N41: =IF($C41="","",COUNTIFS(Ocorrências!$B:$B,$C41,Ocorrências!$F:$F,$F41,Ocorrências!$N:$N,$A41)) | O41: =IF($M41="","",IF(OR($M41=1,$M41=2,$M41=5),IF($N41>0,"OK","SEM LASTRO"),"OK"))
C42: =IFERROR(INDEX(Colaboradores!$B:$B,MATCH($B42,Colaboradores!$A:$A,0)),"") | D42: =IFERROR(INDEX(Colaboradores!$E:$E,MATCH($B42,Colaboradores!$A:$A,0)),"") | E42: =IFERROR(INDEX(Colaboradores!$D:$D,MATCH($B42,Colaboradores!$A:$A,0)),"") | G42: =IFERROR(INDEX(Competências!$B:$B,MATCH($F42,Competências!$C:$C,0)),"") | H42: =IFERROR(INDEX(Competências!$E:$E,MATCH($F42,Competências!$C:$C,0)),"") | K42: =IF(AND(ISNUMBER($I42),ISNUMBER($J42)),ABS($I42-$J42),"") | L42: =IF(AND(NOT(ISNUMBER($I42)),NOT(ISNUMBER($J42))),"",IF(NOT(ISNUMBER($J42)),$I42,IF(NOT(ISNUMBER($I42)),$J42,IF($K42=0,$I42,IF($K42=1,IF($H42="Líder Técnico",$J42,IF($H42="GP",$I42,"CALIBRAR")),"CALIBRAR"))))) | N42: =IF($C42="","",COUNTIFS(Ocorrências!$B:$B,$C42,Ocorrências!$F:$F,$F42,Ocorrências!$N:$N,$A42)) | O42: =IF($M42="","",IF(OR($M42=1,$M42=2,$M42=5),IF($N42>0,"OK","SEM LASTRO"),"OK"))
C43: =IFERROR(INDEX(Colaboradores!$B:$B,MATCH($B43,Colaboradores!$A:$A,0)),"") | D43: =IFERROR(INDEX(Colaboradores!$E:$E,MATCH($B43,Colaboradores!$A:$A,0)),"") | E43: =IFERROR(INDEX(Colaboradores!$D:$D,MATCH($B43,Colaboradores!$A:$A,0)),"") | G43: =IFERROR(INDEX(Competências!$B:$B,MATCH($F43,Competências!$C:$C,0)),"") | H43: =IFERROR(INDEX(Competências!$E:$E,MATCH($F43,Competências!$C:$C,0)),"") | K43: =IF(AND(ISNUMBER($I43),ISNUMBER($J43)),ABS($I43-$J43),"") | L43: =IF(AND(NOT(ISNUMBER($I43)),NOT(ISNUMBER($J43))),"",IF(NOT(ISNUMBER($J43)),$I43,IF(NOT(ISNUMBER($I43)),$J43,IF($K43=0,$I43,IF($K43=1,IF($H43="Líder Técnico",$J43,IF($H43="GP",$I43,"CALIBRAR")),"CALIBRAR"))))) | N43: =IF($C43="","",COUNTIFS(Ocorrências!$B:$B,$C43,Ocorrências!$F:$F,$F43,Ocorrências!$N:$N,$A43)) | O43: =IF($M43="","",IF(OR($M43=1,$M43=2,$M43=5),IF($N43>0,"OK","SEM LASTRO"),"OK"))
C44: =IFERROR(INDEX(Colaboradores!$B:$B,MATCH($B44,Colaboradores!$A:$A,0)),"") | D44: =IFERROR(INDEX(Colaboradores!$E:$E,MATCH($B44,Colaboradores!$A:$A,0)),"") | E44: =IFERROR(INDEX(Colaboradores!$D:$D,MATCH($B44,Colaboradores!$A:$A,0)),"") | G44: =IFERROR(INDEX(Competências!$B:$B,MATCH($F44,Competências!$C:$C,0)),"") | H44: =IFERROR(INDEX(Competências!$E:$E,MATCH($F44,Competências!$C:$C,0)),"") | K44: =IF(AND(ISNUMBER($I44),ISNUMBER($J44)),ABS($I44-$J44),"") | L44: =IF(AND(NOT(ISNUMBER($I44)),NOT(ISNUMBER($J44))),"",IF(NOT(ISNUMBER($J44)),$I44,IF(NOT(ISNUMBER($I44)),$J44,IF($K44=0,$I44,IF($K44=1,IF($H44="Líder Técnico",$J44,IF($H44="GP",$I44,"CALIBRAR")),"CALIBRAR"))))) | N44: =IF($C44="","",COUNTIFS(Ocorrências!$B:$B,$C44,Ocorrências!$F:$F,$F44,Ocorrências!$N:$N,$A44)) | O44: =IF($M44="","",IF(OR($M44=1,$M44=2,$M44=5),IF($N44>0,"OK","SEM LASTRO"),"OK"))
C45: =IFERROR(INDEX(Colaboradores!$B:$B,MATCH($B45,Colaboradores!$A:$A,0)),"") | D45: =IFERROR(INDEX(Colaboradores!$E:$E,MATCH($B45,Colaboradores!$A:$A,0)),"") | E45: =IFERROR(INDEX(Colaboradores!$D:$D,MATCH($B45,Colaboradores!$A:$A,0)),"") | G45: =IFERROR(INDEX(Competências!$B:$B,MATCH($F45,Competências!$C:$C,0)),"") | H45: =IFERROR(INDEX(Competências!$E:$E,MATCH($F45,Competências!$C:$C,0)),"") | K45: =IF(AND(ISNUMBER($I45),ISNUMBER($J45)),ABS($I45-$J45),"") | L45: =IF(AND(NOT(ISNUMBER($I45)),NOT(ISNUMBER($J45))),"",IF(NOT(ISNUMBER($J45)),$I45,IF(NOT(ISNUMBER($I45)),$J45,IF($K45=0,$I45,IF($K45=1,IF($H45="Líder Técnico",$J45,IF($H45="GP",$I45,"CALIBRAR")),"CALIBRAR"))))) | N45: =IF($C45="","",COUNTIFS(Ocorrências!$B:$B,$C45,Ocorrências!$F:$F,$F45,Ocorrências!$N:$N,$A45)) | O45: =IF($M45="","",IF(OR($M45=1,$M45=2,$M45=5),IF($N45>0,"OK","SEM LASTRO"),"OK"))
C46: =IFERROR(INDEX(Colaboradores!$B:$B,MATCH($B46,Colaboradores!$A:$A,0)),"") | D46: =IFERROR(INDEX(Colaboradores!$E:$E,MATCH($B46,Colaboradores!$A:$A,0)),"") | E46: =IFERROR(INDEX(Colaboradores!$D:$D,MATCH($B46,Colaboradores!$A:$A,0)),"") | G46: =IFERROR(INDEX(Competências!$B:$B,MATCH($F46,Competências!$C:$C,0)),"") | H46: =IFERROR(INDEX(Competências!$E:$E,MATCH($F46,Competências!$C:$C,0)),"") | K46: =IF(AND(ISNUMBER($I46),ISNUMBER($J46)),ABS($I46-$J46),"") | L46: =IF(AND(NOT(ISNUMBER($I46)),NOT(ISNUMBER($J46))),"",IF(NOT(ISNUMBER($J46)),$I46,IF(NOT(ISNUMBER($I46)),$J46,IF($K46=0,$I46,IF($K46=1,IF($H46="Líder Técnico",$J46,IF($H46="GP",$I46,"CALIBRAR")),"CALIBRAR"))))) | N46: =IF($C46="","",COUNTIFS(Ocorrências!$B:$B,$C46,Ocorrências!$F:$F,$F46,Ocorrências!$N:$N,$A46)) | O46: =IF($M46="","",IF(OR($M46=1,$M46=2,$M46=5),IF($N46>0,"OK","SEM LASTRO"),"OK"))
C47: =IFERROR(INDEX(Colaboradores!$B:$B,MATCH($B47,Colaboradores!$A:$A,0)),"") | D47: =IFERROR(INDEX(Colaboradores!$E:$E,MATCH($B47,Colaboradores!$A:$A,0)),"") | E47: =IFERROR(INDEX(Colaboradores!$D:$D,MATCH($B47,Colaboradores!$A:$A,0)),"") | G47: =IFERROR(INDEX(Competências!$B:$B,MATCH($F47,Competências!$C:$C,0)),"") | H47: =IFERROR(INDEX(Competências!$E:$E,MATCH($F47,Competências!$C:$C,0)),"") | K47: =IF(AND(ISNUMBER($I47),ISNUMBER($J47)),ABS($I47-$J47),"") | L47: =IF(AND(NOT(ISNUMBER($I47)),NOT(ISNUMBER($J47))),"",IF(NOT(ISNUMBER($J47)),$I47,IF(NOT(ISNUMBER($I47)),$J47,IF($K47=0,$I47,IF($K47=1,IF($H47="Líder Técnico",$J47,IF($H47="GP",$I47,"CALIBRAR")),"CALIBRAR"))))) | N47: =IF($C47="","",COUNTIFS(Ocorrências!$B:$B,$C47,Ocorrências!$F:$F,$F47,Ocorrências!$N:$N,$A47)) | O47: =IF($M47="","",IF(OR($M47=1,$M47=2,$M47=5),IF($N47>0,"OK","SEM LASTRO"),"OK"))
C48: =IFERROR(INDEX(Colaboradores!$B:$B,MATCH($B48,Colaboradores!$A:$A,0)),"") | D48: =IFERROR(INDEX(Colaboradores!$E:$E,MATCH($B48,Colaboradores!$A:$A,0)),"") | E48: =IFERROR(INDEX(Colaboradores!$D:$D,MATCH($B48,Colaboradores!$A:$A,0)),"") | G48: =IFERROR(INDEX(Competências!$B:$B,MATCH($F48,Competências!$C:$C,0)),"") | H48: =IFERROR(INDEX(Competências!$E:$E,MATCH($F48,Competências!$C:$C,0)),"") | K48: =IF(AND(ISNUMBER($I48),ISNUMBER($J48)),ABS($I48-$J48),"") | L48: =IF(AND(NOT(ISNUMBER($I48)),NOT(ISNUMBER($J48))),"",IF(NOT(ISNUMBER($J48)),$I48,IF(NOT(ISNUMBER($I48)),$J48,IF($K48=0,$I48,IF($K48=1,IF($H48="Líder Técnico",$J48,IF($H48="GP",$I48,"CALIBRAR")),"CALIBRAR"))))) | N48: =IF($C48="","",COUNTIFS(Ocorrências!$B:$B,$C48,Ocorrências!$F:$F,$F48,Ocorrências!$N:$N,$A48)) | O48: =IF($M48="","",IF(OR($M48=1,$M48=2,$M48=5),IF($N48>0,"OK","SEM LASTRO"),"OK"))
C49: =IFERROR(INDEX(Colaboradores!$B:$B,MATCH($B49,Colaboradores!$A:$A,0)),"") | D49: =IFERROR(INDEX(Colaboradores!$E:$E,MATCH($B49,Colaboradores!$A:$A,0)),"") | E49: =IFERROR(INDEX(Colaboradores!$D:$D,MATCH($B49,Colaboradores!$A:$A,0)),"") | G49: =IFERROR(INDEX(Competências!$B:$B,MATCH($F49,Competências!$C:$C,0)),"") | H49: =IFERROR(INDEX(Competências!$E:$E,MATCH($F49,Competências!$C:$C,0)),"") | K49: =IF(AND(ISNUMBER($I49),ISNUMBER($J49)),ABS($I49-$J49),"") | L49: =IF(AND(NOT(ISNUMBER($I49)),NOT(ISNUMBER($J49))),"",IF(NOT(ISNUMBER($J49)),$I49,IF(NOT(ISNUMBER($I49)),$J49,IF($K49=0,$I49,IF($K49=1,IF($H49="Líder Técnico",$J49,IF($H49="GP",$I49,"CALIBRAR")),"CALIBRAR"))))) | N49: =IF($C49="","",COUNTIFS(Ocorrências!$B:$B,$C49,Ocorrências!$F:$F,$F49,Ocorrências!$N:$N,$A49)) | O49: =IF($M49="","",IF(OR($M49=1,$M49=2,$M49=5),IF($N49>0,"OK","SEM LASTRO"),"OK"))
... C304: =IFERROR(INDEX(Colaboradores!$B:$B,MATCH($B304,Colaboradores!$A:$A,0)),"") | D304: =IFERROR(INDEX(Colaboradores!$E:$E,MATCH($B304,Colaboradores!$A:$A,0)),"") | E304: =IFERROR(INDEX(Colaboradores!$D:$D,MATCH($B304,Colaboradores!$A:$A,0)),"") | G304: =IFERROR(INDEX(Competências!$B:$B,MATCH($F304,Competências!$C:$C,0)),"") | H304: =IFERROR(INDEX(Competências!$E:$E,MATCH($F304,Competências!$C:$C,0)),"") | K304: =IF(AND(ISNUMBER($I304),ISNUMBER($J304)),ABS($I304-$J304),"") | L304: =IF(AND(NOT(ISNUMBER($I304)),NOT(ISNUMBER($J304))),"",IF(NOT(ISNUMBER($J304)),$I304,IF(NOT(ISNUMBER($I304)),$J304,IF($K304=0,$I304,IF($K304=1,IF($H304="Líder Técnico",$J304,IF($H304="GP",$I304,"CALIBRAR")),"CALIBRAR"))))) | N304: =IF($C304="","",COUNTIFS(Ocorrências!$B:$B,$C304,Ocorrências!$F:$F,$F304,Ocorrências!$N:$N,$A304)) | O304: =IF($M304="","",IF(OR($M304=1,$M304=2,$M304=5),IF($N304>0,"OK","SEM LASTRO"),"OK"))

Sheet Pauta 1a1
A1: Pauta de 1:1 — monta sozinha
A2: Escolha o colaborador em B4. Entre na sala sem preparar nada. Reconhecimentos vêm primeiro, de propósito.
A4: Colaborador | B4: Ana Ribeiro | C4: =IFERROR("ID "&INDEX(Colaboradores!$A:$A,MATCH($B$4,Colaboradores!$B:$B,0))&" · "&INDEX(Colaboradores!$D:$D,MATCH($B$4,Colaboradores!$B:$B,0))&" "&INDEX(Colaboradores!$E:$E,MATCH($B$4,Colaboradores!$B:$B,0))&" · squad "&INDEX(Colaboradores!$F:$F,MATCH($B$4,Colaboradores!$B:$B,0))&" · "&INDEX(Colaboradores!$G:$G,MATCH($B$4,Colaboradores!$B:$B,0)),"")
A5: Ciclo | B5: =Config!$B$4 | C5: =IFERROR("Nota ponderada "&TEXT(INDEX(Painel!$L:$L,MATCH($B$4,Painel!$B:$B,0)),"0.00")&" · expectativa "&TEXT(INDEX(Painel!$M:$M,MATCH($B$4,Painel!$B:$B,0)),"0.0")&" · gap "&TEXT(INDEX(Painel!$N:$N,MATCH($B$4,Painel!$B:$B,0)),"+0.00;-0.00")&" · "&INDEX(Painel!$O:$O,MATCH($B$4,Painel!$B:$B,0)),"Sem avaliação no ciclo")
A7: 1. COMPETÊNCIAS — a conversa é sobre a distância entre a nota e a expectativa, não sobre a nota
A8: Competência | B8: Nota GP | C8: Nota LT | D8: Nota final | E8: Âncora do nível em que ela está hoje | F8: Âncora do nível seguinte (o que falta) | G8: Gap vs. expectativa
A9: Previsibilidade | B9: =IFERROR(IF(SUMPRODUCT((Avaliação!$C$5:$C$304=$B$4)*(Avaliação!$A$5:$A$304=$B$5)*(Avaliação!$F$5:$F$304=$A9)*ISNUMBER(Avaliação!$I$5:$I$304))=0,"",SUMIFS(Avaliação!$I$5:$I$304,Avaliação!$C$5:$C$304,$B$4,Avaliação!$A$5:$A$304,$B$5,Avaliação!$F$5:$F$304,$A9)),"") | C9: =IFERROR(IF(SUMPRODUCT((Avaliação!$C$5:$C$304=$B$4)*(Avaliação!$A$5:$A$304=$B$5)*(Avaliação!$F$5:$F$304=$A9)*ISNUMBER(Avaliação!$J$5:$J$304))=0,"",SUMIFS(Avaliação!$J$5:$J$304,Avaliação!$C$5:$C$304,$B$4,Avaliação!$A$5:$A$304,$B$5,Avaliação!$F$5:$F$304,$A9)),"") | D9: =IFERROR(IF(SUMPRODUCT((Avaliação!$C$5:$C$304=$B$4)*(Avaliação!$A$5:$A$304=$B$5)*(Avaliação!$F$5:$F$304=$A9)*ISNUMBER(Avaliação!$M$5:$M$304))=0,"",SUMIFS(Avaliação!$M$5:$M$304,Avaliação!$C$5:$C$304,$B$4,Avaliação!$A$5:$A$304,$B$5,Avaliação!$F$5:$F$304,$A9)),"") | E9: =IFERROR(INDEX(Âncoras!$B$5:$F$15,MATCH($A9,Âncoras!$A$5:$A$15,0),$D9),"") | F9: =IFERROR(IF($D9>=5,"Já é referência.",INDEX(Âncoras!$B$5:$F$15,MATCH($A9,Âncoras!$A$5:$A$15,0),$D9+1)),"") | G9: =IFERROR(IF($D9="","",$D9-INDEX(Painel!$M:$M,MATCH($B$4,Painel!$B:$B,0))),"")
A10: Qualidade da entrega | B10: =IFERROR(IF(SUMPRODUCT((Avaliação!$C$5:$C$304=$B$4)*(Avaliação!$A$5:$A$304=$B$5)*(Avaliação!$F$5:$F$304=$A10)*ISNUMBER(Avaliação!$I$5:$I$304))=0,"",SUMIFS(Avaliação!$I$5:$I$304,Avaliação!$C$5:$C$304,$B$4,Avaliação!$A$5:$A$304,$B$5,Avaliação!$F$5:$F$304,$A10)),"") | C10: =IFERROR(IF(SUMPRODUCT((Avaliação!$C$5:$C$304=$B$4)*(Avaliação!$A$5:$A$304=$B$5)*(Avaliação!$F$5:$F$304=$A10)*ISNUMBER(Avaliação!$J$5:$J$304))=0,"",SUMIFS(Avaliação!$J$5:$J$304,Avaliação!$C$5:$C$304,$B$4,Avaliação!$A$5:$A$304,$B$5,Avaliação!$F$5:$F$304,$A10)),"") | D10: =IFERROR(IF(SUMPRODUCT((Avaliação!$C$5:$C$304=$B$4)*(Avaliação!$A$5:$A$304=$B$5)*(Avaliação!$F$5:$F$304=$A10)*ISNUMBER(Avaliação!$M$5:$M$304))=0,"",SUMIFS(Avaliação!$M$5:$M$304,Avaliação!$C$5:$C$304,$B$4,Avaliação!$A$5:$A$304,$B$5,Avaliação!$F$5:$F$304,$A10)),"") | E10: =IFERROR(INDEX(Âncoras!$B$5:$F$15,MATCH($A10,Âncoras!$A$5:$A$15,0),$D10),"") | F10: =IFERROR(IF($D10>=5,"Já é referência.",INDEX(Âncoras!$B$5:$F$15,MATCH($A10,Âncoras!$A$5:$A$15,0),$D10+1)),"") | G10: =IFERROR(IF($D10="","",$D10-INDEX(Painel!$M:$M,MATCH($B$4,Painel!$B:$B,0))),"")
A11: Foco em valor | B11: =IFERROR(IF(SUMPRODUCT((Avaliação!$C$5:$C$304=$B$4)*(Avaliação!$A$5:$A$304=$B$5)*(Avaliação!$F$5:$F$304=$A11)*ISNUMBER(Avaliação!$I$5:$I$304))=0,"",SUMIFS(Avaliação!$I$5:$I$304,Avaliação!$C$5:$C$304,$B$4,Avaliação!$A$5:$A$304,$B$5,Avaliação!$F$5:$F$304,$A11)),"") | C11: =IFERROR(IF(SUMPRODUCT((Avaliação!$C$5:$C$304=$B$4)*(Avaliação!$A$5:$A$304=$B$5)*(Avaliação!$F$5:$F$304=$A11)*ISNUMBER(Avaliação!$J$5:$J$304))=0,"",SUMIFS(Avaliação!$J$5:$J$304,Avaliação!$C$5:$C$304,$B$4,Avaliação!$A$5:$A$304,$B$5,Avaliação!$F$5:$F$304,$A11)),"") | D11: =IFERROR(IF(SUMPRODUCT((Avaliação!$C$5:$C$304=$B$4)*(Avaliação!$A$5:$A$304=$B$5)*(Avaliação!$F$5:$F$304=$A11)*ISNUMBER(Avaliação!$M$5:$M$304))=0,"",SUMIFS(Avaliação!$M$5:$M$304,Avaliação!$C$5:$C$304,$B$4,Avaliação!$A$5:$A$304,$B$5,Avaliação!$F$5:$F$304,$A11)),"") | E11: =IFERROR(INDEX(Âncoras!$B$5:$F$15,MATCH($A11,Âncoras!$A$5:$A$15,0),$D11),"") | F11: =IFERROR(IF($D11>=5,"Já é referência.",INDEX(Âncoras!$B$5:$F$15,MATCH($A11,Âncoras!$A$5:$A$15,0),$D11+1)),"") | G11: =IFERROR(IF($D11="","",$D11-INDEX(Painel!$M:$M,MATCH($B$4,Painel!$B:$B,0))),"")
A12: Domínio técnico | B12: =IFERROR(IF(SUMPRODUCT((Avaliação!$C$5:$C$304=$B$4)*(Avaliação!$A$5:$A$304=$B$5)*(Avaliação!$F$5:$F$304=$A12)*ISNUMBER(Avaliação!$I$5:$I$304))=0,"",SUMIFS(Avaliação!$I$5:$I$304,Avaliação!$C$5:$C$304,$B$4,Avaliação!$A$5:$A$304,$B$5,Avaliação!$F$5:$F$304,$A12)),"") | C12: =IFERROR(IF(SUMPRODUCT((Avaliação!$C$5:$C$304=$B$4)*(Avaliação!$A$5:$A$304=$B$5)*(Avaliação!$F$5:$F$304=$A12)*ISNUMBER(Avaliação!$J$5:$J$304))=0,"",SUMIFS(Avaliação!$J$5:$J$304,Avaliação!$C$5:$C$304,$B$4,Avaliação!$A$5:$A$304,$B$5,Avaliação!$F$5:$F$304,$A12)),"") | D12: =IFERROR(IF(SUMPRODUCT((Avaliação!$C$5:$C$304=$B$4)*(Avaliação!$A$5:$A$304=$B$5)*(Avaliação!$F$5:$F$304=$A12)*ISNUMBER(Avaliação!$M$5:$M$304))=0,"",SUMIFS(Avaliação!$M$5:$M$304,Avaliação!$C$5:$C$304,$B$4,Avaliação!$A$5:$A$304,$B$5,Avaliação!$F$5:$F$304,$A12)),"") | E12: =IFERROR(INDEX(Âncoras!$B$5:$F$15,MATCH($A12,Âncoras!$A$5:$A$15,0),$D12),"") | F12: =IFERROR(IF($D12>=5,"Já é referência.",INDEX(Âncoras!$B$5:$F$15,MATCH($A12,Âncoras!$A$5:$A$15,0),$D12+1)),"") | G12: =IFERROR(IF($D12="","",$D12-INDEX(Painel!$M:$M,MATCH($B$4,Painel!$B:$B,0))),"")
A13: Design de solução | B13: =IFERROR(IF(SUMPRODUCT((Avaliação!$C$5:$C$304=$B$4)*(Avaliação!$A$5:$A$304=$B$5)*(Avaliação!$F$5:$F$304=$A13)*ISNUMBER(Avaliação!$I$5:$I$304))=0,"",SUMIFS(Avaliação!$I$5:$I$304,Avaliação!$C$5:$C$304,$B$4,Avaliação!$A$5:$A$304,$B$5,Avaliação!$F$5:$F$304,$A13)),"") | C13: =IFERROR(IF(SUMPRODUCT((Avaliação!$C$5:$C$304=$B$4)*(Avaliação!$A$5:$A$304=$B$5)*(Avaliação!$F$5:$F$304=$A13)*ISNUMBER(Avaliação!$J$5:$J$304))=0,"",SUMIFS(Avaliação!$J$5:$J$304,Avaliação!$C$5:$C$304,$B$4,Avaliação!$A$5:$A$304,$B$5,Avaliação!$F$5:$F$304,$A13)),"") | D13: =IFERROR(IF(SUMPRODUCT((Avaliação!$C$5:$C$304=$B$4)*(Avaliação!$A$5:$A$304=$B$5)*(Avaliação!$F$5:$F$304=$A13)*ISNUMBER(Avaliação!$M$5:$M$304))=0,"",SUMIFS(Avaliação!$M$5:$M$304,Avaliação!$C$5:$C$304,$B$4,Avaliação!$A$5:$A$304,$B$5,Avaliação!$F$5:$F$304,$A13)),"") | E13: =IFERROR(INDEX(Âncoras!$B$5:$F$15,MATCH($A13,Âncoras!$A$5:$A$15,0),$D13),"") | F13: =IFERROR(IF($D13>=5,"Já é referência.",INDEX(Âncoras!$B$5:$F$15,MATCH($A13,Âncoras!$A$5:$A$15,0),$D13+1)),"") | G13: =IFERROR(IF($D13="","",$D13-INDEX(Painel!$M:$M,MATCH($B$4,Painel!$B:$B,0))),"")
A14: Rigor operacional | B14: =IFERROR(IF(SUMPRODUCT((Avaliação!$C$5:$C$304=$B$4)*(Avaliação!$A$5:$A$304=$B$5)*(Avaliação!$F$5:$F$304=$A14)*ISNUMBER(Avaliação!$I$5:$I$304))=0,"",SUMIFS(Avaliação!$I$5:$I$304,Avaliação!$C$5:$C$304,$B$4,Avaliação!$A$5:$A$304,$B$5,Avaliação!$F$5:$F$304,$A14)),"") | C14: =IFERROR(IF(SUMPRODUCT((Avaliação!$C$5:$C$304=$B$4)*(Avaliação!$A$5:$A$304=$B$5)*(Avaliação!$F$5:$F$304=$A14)*ISNUMBER(Avaliação!$J$5:$J$304))=0,"",SUMIFS(Avaliação!$J$5:$J$304,Avaliação!$C$5:$C$304,$B$4,Avaliação!$A$5:$A$304,$B$5,Avaliação!$F$5:$F$304,$A14)),"") | D14: =IFERROR(IF(SUMPRODUCT((Avaliação!$C$5:$C$304=$B$4)*(Avaliação!$A$5:$A$304=$B$5)*(Avaliação!$F$5:$F$304=$A14)*ISNUMBER(Avaliação!$M$5:$M$304))=0,"",SUMIFS(Avaliação!$M$5:$M$304,Avaliação!$C$5:$C$304,$B$4,Avaliação!$A$5:$A$304,$B$5,Avaliação!$F$5:$F$304,$A14)),"") | E14: =IFERROR(INDEX(Âncoras!$B$5:$F$15,MATCH($A14,Âncoras!$A$5:$A$15,0),$D14),"") | F14: =IFERROR(IF($D14>=5,"Já é referência.",INDEX(Âncoras!$B$5:$F$15,MATCH($A14,Âncoras!$A$5:$A$15,0),$D14+1)),"") | G14: =IFERROR(IF($D14="","",$D14-INDEX(Painel!$M:$M,MATCH($B$4,Painel!$B:$B,0))),"")
A15: Comunicação | B15: =IFERROR(IF(SUMPRODUCT((Avaliação!$C$5:$C$304=$B$4)*(Avaliação!$A$5:$A$304=$B$5)*(Avaliação!$F$5:$F$304=$A15)*ISNUMBER(Avaliação!$I$5:$I$304))=0,"",SUMIFS(Avaliação!$I$5:$I$304,Avaliação!$C$5:$C$304,$B$4,Avaliação!$A$5:$A$304,$B$5,Avaliação!$F$5:$F$304,$A15)),"") | C15: =IFERROR(IF(SUMPRODUCT((Avaliação!$C$5:$C$304=$B$4)*(Avaliação!$A$5:$A$304=$B$5)*(Avaliação!$F$5:$F$304=$A15)*ISNUMBER(Avaliação!$J$5:$J$304))=0,"",SUMIFS(Avaliação!$J$5:$J$304,Avaliação!$C$5:$C$304,$B$4,Avaliação!$A$5:$A$304,$B$5,Avaliação!$F$5:$F$304,$A15)),"") | D15: =IFERROR(IF(SUMPRODUCT((Avaliação!$C$5:$C$304=$B$4)*(Avaliação!$A$5:$A$304=$B$5)*(Avaliação!$F$5:$F$304=$A15)*ISNUMBER(Avaliação!$M$5:$M$304))=0,"",SUMIFS(Avaliação!$M$5:$M$304,Avaliação!$C$5:$C$304,$B$4,Avaliação!$A$5:$A$304,$B$5,Avaliação!$F$5:$F$304,$A15)),"") | E15: =IFERROR(INDEX(Âncoras!$B$5:$F$15,MATCH($A15,Âncoras!$A$5:$A$15,0),$D15),"") | F15: =IFERROR(IF($D15>=5,"Já é referência.",INDEX(Âncoras!$B$5:$F$15,MATCH($A15,Âncoras!$A$5:$A$15,0),$D15+1)),"") | G15: =IFERROR(IF($D15="","",$D15-INDEX(Painel!$M:$M,MATCH($B$4,Painel!$B:$B,0))),"")
A16: Colaboração e review | B16: =IFERROR(IF(SUMPRODUCT((Avaliação!$C$5:$C$304=$B$4)*(Avaliação!$A$5:$A$304=$B$5)*(Avaliação!$F$5:$F$304=$A16)*ISNUMBER(Avaliação!$I$5:$I$304))=0,"",SUMIFS(Avaliação!$I$5:$I$304,Avaliação!$C$5:$C$304,$B$4,Avaliação!$A$5:$A$304,$B$5,Avaliação!$F$5:$F$304,$A16)),"") | C16: =IFERROR(IF(SUMPRODUCT((Avaliação!$C$5:$C$304=$B$4)*(Avaliação!$A$5:$A$304=$B$5)*(Avaliação!$F$5:$F$304=$A16)*ISNUMBER(Avaliação!$J$5:$J$304))=0,"",SUMIFS(Avaliação!$J$5:$J$304,Avaliação!$C$5:$C$304,$B$4,Avaliação!$A$5:$A$304,$B$5,Avaliação!$F$5:$F$304,$A16)),"") | D16: =IFERROR(IF(SUMPRODUCT((Avaliação!$C$5:$C$304=$B$4)*(Avaliação!$A$5:$A$304=$B$5)*(Avaliação!$F$5:$F$304=$A16)*ISNUMBER(Avaliação!$M$5:$M$304))=0,"",SUMIFS(Avaliação!$M$5:$M$304,Avaliação!$C$5:$C$304,$B$4,Avaliação!$A$5:$A$304,$B$5,Avaliação!$F$5:$F$304,$A16)),"") | E16: =IFERROR(INDEX(Âncoras!$B$5:$F$15,MATCH($A16,Âncoras!$A$5:$A$15,0),$D16),"") | F16: =IFERROR(IF($D16>=5,"Já é referência.",INDEX(Âncoras!$B$5:$F$15,MATCH($A16,Âncoras!$A$5:$A$15,0),$D16+1)),"") | G16: =IFERROR(IF($D16="","",$D16-INDEX(Painel!$M:$M,MATCH($B$4,Painel!$B:$B,0))),"")
A17: Confiabilidade e conduta | B17: =IFERROR(IF(SUMPRODUCT((Avaliação!$C$5:$C$304=$B$4)*(Avaliação!$A$5:$A$304=$B$5)*(Avaliação!$F$5:$F$304=$A17)*ISNUMBER(Avaliação!$I$5:$I$304))=0,"",SUMIFS(Avaliação!$I$5:$I$304,Avaliação!$C$5:$C$304,$B$4,Avaliação!$A$5:$A$304,$B$5,Avaliação!$F$5:$F$304,$A17)),"") | C17: =IFERROR(IF(SUMPRODUCT((Avaliação!$C$5:$C$304=$B$4)*(Avaliação!$A$5:$A$304=$B$5)*(Avaliação!$F$5:$F$304=$A17)*ISNUMBER(Avaliação!$J$5:$J$304))=0,"",SUMIFS(Avaliação!$J$5:$J$304,Avaliação!$C$5:$C$304,$B$4,Avaliação!$A$5:$A$304,$B$5,Avaliação!$F$5:$F$304,$A17)),"") | D17: =IFERROR(IF(SUMPRODUCT((Avaliação!$C$5:$C$304=$B$4)*(Avaliação!$A$5:$A$304=$B$5)*(Avaliação!$F$5:$F$304=$A17)*ISNUMBER(Avaliação!$M$5:$M$304))=0,"",SUMIFS(Avaliação!$M$5:$M$304,Avaliação!$C$5:$C$304,$B$4,Avaliação!$A$5:$A$304,$B$5,Avaliação!$F$5:$F$304,$A17)),"") | E17: =IFERROR(INDEX(Âncoras!$B$5:$F$15,MATCH($A17,Âncoras!$A$5:$A$15,0),$D17),"") | F17: =IFERROR(IF($D17>=5,"Já é referência.",INDEX(Âncoras!$B$5:$F$15,MATCH($A17,Âncoras!$A$5:$A$15,0),$D17+1)),"") | G17: =IFERROR(IF($D17="","",$D17-INDEX(Painel!$M:$M,MATCH($B$4,Painel!$B:$B,0))),"")
A18: Autonomia e ownership | B18: =IFERROR(IF(SUMPRODUCT((Avaliação!$C$5:$C$304=$B$4)*(Avaliação!$A$5:$A$304=$B$5)*(Avaliação!$F$5:$F$304=$A18)*ISNUMBER(Avaliação!$I$5:$I$304))=0,"",SUMIFS(Avaliação!$I$5:$I$304,Avaliação!$C$5:$C$304,$B$4,Avaliação!$A$5:$A$304,$B$5,Avaliação!$F$5:$F$304,$A18)),"") | C18: =IFERROR(IF(SUMPRODUCT((Avaliação!$C$5:$C$304=$B$4)*(Avaliação!$A$5:$A$304=$B$5)*(Avaliação!$F$5:$F$304=$A18)*ISNUMBER(Avaliação!$J$5:$J$304))=0,"",SUMIFS(Avaliação!$J$5:$J$304,Avaliação!$C$5:$C$304,$B$4,Avaliação!$A$5:$A$304,$B$5,Avaliação!$F$5:$F$304,$A18)),"") | D18: =IFERROR(IF(SUMPRODUCT((Avaliação!$C$5:$C$304=$B$4)*(Avaliação!$A$5:$A$304=$B$5)*(Avaliação!$F$5:$F$304=$A18)*ISNUMBER(Avaliação!$M$5:$M$304))=0,"",SUMIFS(Avaliação!$M$5:$M$304,Avaliação!$C$5:$C$304,$B$4,Avaliação!$A$5:$A$304,$B$5,Avaliação!$F$5:$F$304,$A18)),"") | E18: =IFERROR(INDEX(Âncoras!$B$5:$F$15,MATCH($A18,Âncoras!$A$5:$A$15,0),$D18),"") | F18: =IFERROR(IF($D18>=5,"Já é referência.",INDEX(Âncoras!$B$5:$F$15,MATCH($A18,Âncoras!$A$5:$A$15,0),$D18+1)),"") | G18: =IFERROR(IF($D18="","",$D18-INDEX(Painel!$M:$M,MATCH($B$4,Painel!$B:$B,0))),"")
A19: Desenvolvimento de outros | B19: =IFERROR(IF(SUMPRODUCT((Avaliação!$C$5:$C$304=$B$4)*(Avaliação!$A$5:$A$304=$B$5)*(Avaliação!$F$5:$F$304=$A19)*ISNUMBER(Avaliação!$I$5:$I$304))=0,"",SUMIFS(Avaliação!$I$5:$I$304,Avaliação!$C$5:$C$304,$B$4,Avaliação!$A$5:$A$304,$B$5,Avaliação!$F$5:$F$304,$A19)),"") | C19: =IFERROR(IF(SUMPRODUCT((Avaliação!$C$5:$C$304=$B$4)*(Avaliação!$A$5:$A$304=$B$5)*(Avaliação!$F$5:$F$304=$A19)*ISNUMBER(Avaliação!$J$5:$J$304))=0,"",SUMIFS(Avaliação!$J$5:$J$304,Avaliação!$C$5:$C$304,$B$4,Avaliação!$A$5:$A$304,$B$5,Avaliação!$F$5:$F$304,$A19)),"") | D19: =IFERROR(IF(SUMPRODUCT((Avaliação!$C$5:$C$304=$B$4)*(Avaliação!$A$5:$A$304=$B$5)*(Avaliação!$F$5:$F$304=$A19)*ISNUMBER(Avaliação!$M$5:$M$304))=0,"",SUMIFS(Avaliação!$M$5:$M$304,Avaliação!$C$5:$C$304,$B$4,Avaliação!$A$5:$A$304,$B$5,Avaliação!$F$5:$F$304,$A19)),"") | E19: =IFERROR(INDEX(Âncoras!$B$5:$F$15,MATCH($A19,Âncoras!$A$5:$A$15,0),$D19),"") | F19: =IFERROR(IF($D19>=5,"Já é referência.",INDEX(Âncoras!$B$5:$F$15,MATCH($A19,Âncoras!$A$5:$A$15,0),$D19+1)),"") | G19: =IFERROR(IF($D19="","",$D19-INDEX(Painel!$M:$M,MATCH($B$4,Painel!$B:$B,0))),"")
A21: 2. OCORRÊNCIAS DO CICLO — o antídoto contra o viés de recência (reconhecimentos aparecem primeiro na leitura)
A22: Data | B22: Tipo | C22: Competência | D22: Impacto | E22: Fato observável | F22: Consequência observada | G22: Informado?
A23: =IFERROR(INDEX(Ocorrências!$A$5:$A$404,MATCH(1,Ocorrências!$P$5:$P$404,0)),"") | B23: =IFERROR(INDEX(Ocorrências!$E$5:$E$404,MATCH(1,Ocorrências!$P$5:$P$404,0)),"") | C23: =IFERROR(INDEX(Ocorrências!$F$5:$F$404,MATCH(1,Ocorrências!$P$5:$P$404,0)),"") | D23: =IFERROR(INDEX(Ocorrências!$H$5:$H$404,MATCH(1,Ocorrências!$P$5:$P$404,0)),"") | E23: =IFERROR(INDEX(Ocorrências!$G$5:$G$404,MATCH(1,Ocorrências!$P$5:$P$404,0)),"") | F23: =IFERROR(INDEX(Ocorrências!$I$5:$I$404,MATCH(1,Ocorrências!$P$5:$P$404,0)),"") | G23: =IFERROR(INDEX(Ocorrências!$K$5:$K$404,MATCH(1,Ocorrências!$P$5:$P$404,0)),"")
A24: =IFERROR(INDEX(Ocorrências!$A$5:$A$404,MATCH(2,Ocorrências!$P$5:$P$404,0)),"") | B24: =IFERROR(INDEX(Ocorrências!$E$5:$E$404,MATCH(2,Ocorrências!$P$5:$P$404,0)),"") | C24: =IFERROR(INDEX(Ocorrências!$F$5:$F$404,MATCH(2,Ocorrências!$P$5:$P$404,0)),"") | D24: =IFERROR(INDEX(Ocorrências!$H$5:$H$404,MATCH(2,Ocorrências!$P$5:$P$404,0)),"") | E24: =IFERROR(INDEX(Ocorrências!$G$5:$G$404,MATCH(2,Ocorrências!$P$5:$P$404,0)),"") | F24: =IFERROR(INDEX(Ocorrências!$I$5:$I$404,MATCH(2,Ocorrências!$P$5:$P$404,0)),"") | G24: =IFERROR(INDEX(Ocorrências!$K$5:$K$404,MATCH(2,Ocorrências!$P$5:$P$404,0)),"")
A25: =IFERROR(INDEX(Ocorrências!$A$5:$A$404,MATCH(3,Ocorrências!$P$5:$P$404,0)),"") | B25: =IFERROR(INDEX(Ocorrências!$E$5:$E$404,MATCH(3,Ocorrências!$P$5:$P$404,0)),"") | C25: =IFERROR(INDEX(Ocorrências!$F$5:$F$404,MATCH(3,Ocorrências!$P$5:$P$404,0)),"") | D25: =IFERROR(INDEX(Ocorrências!$H$5:$H$404,MATCH(3,Ocorrências!$P$5:$P$404,0)),"") | E25: =IFERROR(INDEX(Ocorrências!$G$5:$G$404,MATCH(3,Ocorrências!$P$5:$P$404,0)),"") | F25: =IFERROR(INDEX(Ocorrências!$I$5:$I$404,MATCH(3,Ocorrências!$P$5:$P$404,0)),"") | G25: =IFERROR(INDEX(Ocorrências!$K$5:$K$404,MATCH(3,Ocorrências!$P$5:$P$404,0)),"")
A26: =IFERROR(INDEX(Ocorrências!$A$5:$A$404,MATCH(4,Ocorrências!$P$5:$P$404,0)),"") | B26: =IFERROR(INDEX(Ocorrências!$E$5:$E$404,MATCH(4,Ocorrências!$P$5:$P$404,0)),"") | C26: =IFERROR(INDEX(Ocorrências!$F$5:$F$404,MATCH(4,Ocorrências!$P$5:$P$404,0)),"") | D26: =IFERROR(INDEX(Ocorrências!$H$5:$H$404,MATCH(4,Ocorrências!$P$5:$P$404,0)),"") | E26: =IFERROR(INDEX(Ocorrências!$G$5:$G$404,MATCH(4,Ocorrências!$P$5:$P$404,0)),"") | F26: =IFERROR(INDEX(Ocorrências!$I$5:$I$404,MATCH(4,Ocorrências!$P$5:$P$404,0)),"") | G26: =IFERROR(INDEX(Ocorrências!$K$5:$K$404,MATCH(4,Ocorrências!$P$5:$P$404,0)),"")
A27: =IFERROR(INDEX(Ocorrências!$A$5:$A$404,MATCH(5,Ocorrências!$P$5:$P$404,0)),"") | B27: =IFERROR(INDEX(Ocorrências!$E$5:$E$404,MATCH(5,Ocorrências!$P$5:$P$404,0)),"") | C27: =IFERROR(INDEX(Ocorrências!$F$5:$F$404,MATCH(5,Ocorrências!$P$5:$P$404,0)),"") | D27: =IFERROR(INDEX(Ocorrências!$H$5:$H$404,MATCH(5,Ocorrências!$P$5:$P$404,0)),"") | E27: =IFERROR(INDEX(Ocorrências!$G$5:$G$404,MATCH(5,Ocorrências!$P$5:$P$404,0)),"") | F27: =IFERROR(INDEX(Ocorrências!$I$5:$I$404,MATCH(5,Ocorrências!$P$5:$P$404,0)),"") | G27: =IFERROR(INDEX(Ocorrências!$K$5:$K$404,MATCH(5,Ocorrências!$P$5:$P$404,0)),"")
A28: =IFERROR(INDEX(Ocorrências!$A$5:$A$404,MATCH(6,Ocorrências!$P$5:$P$404,0)),"") | B28: =IFERROR(INDEX(Ocorrências!$E$5:$E$404,MATCH(6,Ocorrências!$P$5:$P$404,0)),"") | C28: =IFERROR(INDEX(Ocorrências!$F$5:$F$404,MATCH(6,Ocorrências!$P$5:$P$404,0)),"") | D28: =IFERROR(INDEX(Ocorrências!$H$5:$H$404,MATCH(6,Ocorrências!$P$5:$P$404,0)),"") | E28: =IFERROR(INDEX(Ocorrências!$G$5:$G$404,MATCH(6,Ocorrências!$P$5:$P$404,0)),"") | F28: =IFERROR(INDEX(Ocorrências!$I$5:$I$404,MATCH(6,Ocorrências!$P$5:$P$404,0)),"") | G28: =IFERROR(INDEX(Ocorrências!$K$5:$K$404,MATCH(6,Ocorrências!$P$5:$P$404,0)),"")
A29: =IFERROR(INDEX(Ocorrências!$A$5:$A$404,MATCH(7,Ocorrências!$P$5:$P$404,0)),"") | B29: =IFERROR(INDEX(Ocorrências!$E$5:$E$404,MATCH(7,Ocorrências!$P$5:$P$404,0)),"") | C29: =IFERROR(INDEX(Ocorrências!$F$5:$F$404,MATCH(7,Ocorrências!$P$5:$P$404,0)),"") | D29: =IFERROR(INDEX(Ocorrências!$H$5:$H$404,MATCH(7,Ocorrências!$P$5:$P$404,0)),"") | E29: =IFERROR(INDEX(Ocorrências!$G$5:$G$404,MATCH(7,Ocorrências!$P$5:$P$404,0)),"") | F29: =IFERROR(INDEX(Ocorrências!$I$5:$I$404,MATCH(7,Ocorrências!$P$5:$P$404,0)),"") | G29: =IFERROR(INDEX(Ocorrências!$K$5:$K$404,MATCH(7,Ocorrências!$P$5:$P$404,0)),"")
A30: =IFERROR(INDEX(Ocorrências!$A$5:$A$404,MATCH(8,Ocorrências!$P$5:$P$404,0)),"") | B30: =IFERROR(INDEX(Ocorrências!$E$5:$E$404,MATCH(8,Ocorrências!$P$5:$P$404,0)),"") | C30: =IFERROR(INDEX(Ocorrências!$F$5:$F$404,MATCH(8,Ocorrências!$P$5:$P$404,0)),"") | D30: =IFERROR(INDEX(Ocorrências!$H$5:$H$404,MATCH(8,Ocorrências!$P$5:$P$404,0)),"") | E30: =IFERROR(INDEX(Ocorrências!$G$5:$G$404,MATCH(8,Ocorrências!$P$5:$P$404,0)),"") | F30: =IFERROR(INDEX(Ocorrências!$I$5:$I$404,MATCH(8,Ocorrências!$P$5:$P$404,0)),"") | G30: =IFERROR(INDEX(Ocorrências!$K$5:$K$404,MATCH(8,Ocorrências!$P$5:$P$404,0)),"")
A31: =IFERROR(INDEX(Ocorrências!$A$5:$A$404,MATCH(9,Ocorrências!$P$5:$P$404,0)),"") | B31: =IFERROR(INDEX(Ocorrências!$E$5:$E$404,MATCH(9,Ocorrências!$P$5:$P$404,0)),"") | C31: =IFERROR(INDEX(Ocorrências!$F$5:$F$404,MATCH(9,Ocorrências!$P$5:$P$404,0)),"") | D31: =IFERROR(INDEX(Ocorrências!$H$5:$H$404,MATCH(9,Ocorrências!$P$5:$P$404,0)),"") | E31: =IFERROR(INDEX(Ocorrências!$G$5:$G$404,MATCH(9,Ocorrências!$P$5:$P$404,0)),"") | F31: =IFERROR(INDEX(Ocorrências!$I$5:$I$404,MATCH(9,Ocorrências!$P$5:$P$404,0)),"") | G31: =IFERROR(INDEX(Ocorrências!$K$5:$K$404,MATCH(9,Ocorrências!$P$5:$P$404,0)),"")
A32: =IFERROR(INDEX(Ocorrências!$A$5:$A$404,MATCH(10,Ocorrências!$P$5:$P$404,0)),"") | B32: =IFERROR(INDEX(Ocorrências!$E$5:$E$404,MATCH(10,Ocorrências!$P$5:$P$404,0)),"") | C32: =IFERROR(INDEX(Ocorrências!$F$5:$F$404,MATCH(10,Ocorrências!$P$5:$P$404,0)),"") | D32: =IFERROR(INDEX(Ocorrências!$H$5:$H$404,MATCH(10,Ocorrências!$P$5:$P$404,0)),"") | E32: =IFERROR(INDEX(Ocorrências!$G$5:$G$404,MATCH(10,Ocorrências!$P$5:$P$404,0)),"") | F32: =IFERROR(INDEX(Ocorrências!$I$5:$I$404,MATCH(10,Ocorrências!$P$5:$P$404,0)),"") | G32: =IFERROR(INDEX(Ocorrências!$K$5:$K$404,MATCH(10,Ocorrências!$P$5:$P$404,0)),"")
A33: =IFERROR(INDEX(Ocorrências!$A$5:$A$404,MATCH(11,Ocorrências!$P$5:$P$404,0)),"") | B33: =IFERROR(INDEX(Ocorrências!$E$5:$E$404,MATCH(11,Ocorrências!$P$5:$P$404,0)),"") | C33: =IFERROR(INDEX(Ocorrências!$F$5:$F$404,MATCH(11,Ocorrências!$P$5:$P$404,0)),"") | D33: =IFERROR(INDEX(Ocorrências!$H$5:$H$404,MATCH(11,Ocorrências!$P$5:$P$404,0)),"") | E33: =IFERROR(INDEX(Ocorrências!$G$5:$G$404,MATCH(11,Ocorrências!$P$5:$P$404,0)),"") | F33: =IFERROR(INDEX(Ocorrências!$I$5:$I$404,MATCH(11,Ocorrências!$P$5:$P$404,0)),"") | G33: =IFERROR(INDEX(Ocorrências!$K$5:$K$404,MATCH(11,Ocorrências!$P$5:$P$404,0)),"")
A34: =IFERROR(INDEX(Ocorrências!$A$5:$A$404,MATCH(12,Ocorrências!$P$5:$P$404,0)),"") | B34: =IFERROR(INDEX(Ocorrências!$E$5:$E$404,MATCH(12,Ocorrências!$P$5:$P$404,0)),"") | C34: =IFERROR(INDEX(Ocorrências!$F$5:$F$404,MATCH(12,Ocorrências!$P$5:$P$404,0)),"") | D34: =IFERROR(INDEX(Ocorrências!$H$5:$H$404,MATCH(12,Ocorrências!$P$5:$P$404,0)),"") | E34: =IFERROR(INDEX(Ocorrências!$G$5:$G$404,MATCH(12,Ocorrências!$P$5:$P$404,0)),"") | F34: =IFERROR(INDEX(Ocorrências!$I$5:$I$404,MATCH(12,Ocorrências!$P$5:$P$404,0)),"") | G34: =IFERROR(INDEX(Ocorrências!$K$5:$K$404,MATCH(12,Ocorrências!$P$5:$P$404,0)),"")
A35: =IFERROR(INDEX(Ocorrências!$A$5:$A$404,MATCH(13,Ocorrências!$P$5:$P$404,0)),"") | B35: =IFERROR(INDEX(Ocorrências!$E$5:$E$404,MATCH(13,Ocorrências!$P$5:$P$404,0)),"") | C35: =IFERROR(INDEX(Ocorrências!$F$5:$F$404,MATCH(13,Ocorrências!$P$5:$P$404,0)),"") | D35: =IFERROR(INDEX(Ocorrências!$H$5:$H$404,MATCH(13,Ocorrências!$P$5:$P$404,0)),"") | E35: =IFERROR(INDEX(Ocorrências!$G$5:$G$404,MATCH(13,Ocorrências!$P$5:$P$404,0)),"") | F35: =IFERROR(INDEX(Ocorrências!$I$5:$I$404,MATCH(13,Ocorrências!$P$5:$P$404,0)),"") | G35: =IFERROR(INDEX(Ocorrências!$K$5:$K$404,MATCH(13,Ocorrências!$P$5:$P$404,0)),"")
A36: =IFERROR(INDEX(Ocorrências!$A$5:$A$404,MATCH(14,Ocorrências!$P$5:$P$404,0)),"") | B36: =IFERROR(INDEX(Ocorrências!$E$5:$E$404,MATCH(14,Ocorrências!$P$5:$P$404,0)),"") | C36: =IFERROR(INDEX(Ocorrências!$F$5:$F$404,MATCH(14,Ocorrências!$P$5:$P$404,0)),"") | D36: =IFERROR(INDEX(Ocorrências!$H$5:$H$404,MATCH(14,Ocorrências!$P$5:$P$404,0)),"") | E36: =IFERROR(INDEX(Ocorrências!$G$5:$G$404,MATCH(14,Ocorrências!$P$5:$P$404,0)),"") | F36: =IFERROR(INDEX(Ocorrências!$I$5:$I$404,MATCH(14,Ocorrências!$P$5:$P$404,0)),"") | G36: =IFERROR(INDEX(Ocorrências!$K$5:$K$404,MATCH(14,Ocorrências!$P$5:$P$404,0)),"")
A37: =IFERROR(INDEX(Ocorrências!$A$5:$A$404,MATCH(15,Ocorrências!$P$5:$P$404,0)),"") | B37: =IFERROR(INDEX(Ocorrências!$E$5:$E$404,MATCH(15,Ocorrências!$P$5:$P$404,0)),"") | C37: =IFERROR(INDEX(Ocorrências!$F$5:$F$404,MATCH(15,Ocorrências!$P$5:$P$404,0)),"") | D37: =IFERROR(INDEX(Ocorrências!$H$5:$H$404,MATCH(15,Ocorrências!$P$5:$P$404,0)),"") | E37: =IFERROR(INDEX(Ocorrências!$G$5:$G$404,MATCH(15,Ocorrências!$P$5:$P$404,0)),"") | F37: =IFERROR(INDEX(Ocorrências!$I$5:$I$404,MATCH(15,Ocorrências!$P$5:$P$404,0)),"") | G37: =IFERROR(INDEX(Ocorrências!$K$5:$K$404,MATCH(15,Ocorrências!$P$5:$P$404,0)),"")
A38: =IFERROR(INDEX(Ocorrências!$A$5:$A$404,MATCH(16,Ocorrências!$P$5:$P$404,0)),"") | B38: =IFERROR(INDEX(Ocorrências!$E$5:$E$404,MATCH(16,Ocorrências!$P$5:$P$404,0)),"") | C38: =IFERROR(INDEX(Ocorrências!$F$5:$F$404,MATCH(16,Ocorrências!$P$5:$P$404,0)),"") | D38: =IFERROR(INDEX(Ocorrências!$H$5:$H$404,MATCH(16,Ocorrências!$P$5:$P$404,0)),"") | E38: =IFERROR(INDEX(Ocorrências!$G$5:$G$404,MATCH(16,Ocorrências!$P$5:$P$404,0)),"") | F38: =IFERROR(INDEX(Ocorrências!$I$5:$I$404,MATCH(16,Ocorrências!$P$5:$P$404,0)),"") | G38: =IFERROR(INDEX(Ocorrências!$K$5:$K$404,MATCH(16,Ocorrências!$P$5:$P$404,0)),"")
A39: =IFERROR(INDEX(Ocorrências!$A$5:$A$404,MATCH(17,Ocorrências!$P$5:$P$404,0)),"") | B39: =IFERROR(INDEX(Ocorrências!$E$5:$E$404,MATCH(17,Ocorrências!$P$5:$P$404,0)),"") | C39: =IFERROR(INDEX(Ocorrências!$F$5:$F$404,MATCH(17,Ocorrências!$P$5:$P$404,0)),"") | D39: =IFERROR(INDEX(Ocorrências!$H$5:$H$404,MATCH(17,Ocorrências!$P$5:$P$404,0)),"") | E39: =IFERROR(INDEX(Ocorrências!$G$5:$G$404,MATCH(17,Ocorrências!$P$5:$P$404,0)),"") | F39: =IFERROR(INDEX(Ocorrências!$I$5:$I$404,MATCH(17,Ocorrências!$P$5:$P$404,0)),"") | G39: =IFERROR(INDEX(Ocorrências!$K$5:$K$404,MATCH(17,Ocorrências!$P$5:$P$404,0)),"")
A40: =IFERROR(INDEX(Ocorrências!$A$5:$A$404,MATCH(18,Ocorrências!$P$5:$P$404,0)),"") | B40: =IFERROR(INDEX(Ocorrências!$E$5:$E$404,MATCH(18,Ocorrências!$P$5:$P$404,0)),"") | C40: =IFERROR(INDEX(Ocorrências!$F$5:$F$404,MATCH(18,Ocorrências!$P$5:$P$404,0)),"") | D40: =IFERROR(INDEX(Ocorrências!$H$5:$H$404,MATCH(18,Ocorrências!$P$5:$P$404,0)),"") | E40: =IFERROR(INDEX(Ocorrências!$G$5:$G$404,MATCH(18,Ocorrências!$P$5:$P$404,0)),"") | F40: =IFERROR(INDEX(Ocorrências!$I$5:$I$404,MATCH(18,Ocorrências!$P$5:$P$404,0)),"") | G40: =IFERROR(INDEX(Ocorrências!$K$5:$K$404,MATCH(18,Ocorrências!$P$5:$P$404,0)),"")
A41: =IFERROR(INDEX(Ocorrências!$A$5:$A$404,MATCH(19,Ocorrências!$P$5:$P$404,0)),"") | B41: =IFERROR(INDEX(Ocorrências!$E$5:$E$404,MATCH(19,Ocorrências!$P$5:$P$404,0)),"") | C41: =IFERROR(INDEX(Ocorrências!$F$5:$F$404,MATCH(19,Ocorrências!$P$5:$P$404,0)),"") | D41: =IFERROR(INDEX(Ocorrências!$H$5:$H$404,MATCH(19,Ocorrências!$P$5:$P$404,0)),"") | E41: =IFERROR(INDEX(Ocorrências!$G$5:$G$404,MATCH(19,Ocorrências!$P$5:$P$404,0)),"") | F41: =IFERROR(INDEX(Ocorrências!$I$5:$I$404,MATCH(19,Ocorrências!$P$5:$P$404,0)),"") | G41: =IFERROR(INDEX(Ocorrências!$K$5:$K$404,MATCH(19,Ocorrências!$P$5:$P$404,0)),"")
A42: =IFERROR(INDEX(Ocorrências!$A$5:$A$404,MATCH(20,Ocorrências!$P$5:$P$404,0)),"") | B42: =IFERROR(INDEX(Ocorrências!$E$5:$E$404,MATCH(20,Ocorrências!$P$5:$P$404,0)),"") | C42: =IFERROR(INDEX(Ocorrências!$F$5:$F$404,MATCH(20,Ocorrências!$P$5:$P$404,0)),"") | D42: =IFERROR(INDEX(Ocorrências!$H$5:$H$404,MATCH(20,Ocorrências!$P$5:$P$404,0)),"") | E42: =IFERROR(INDEX(Ocorrências!$G$5:$G$404,MATCH(20,Ocorrências!$P$5:$P$404,0)),"") | F42: =IFERROR(INDEX(Ocorrências!$I$5:$I$404,MATCH(20,Ocorrências!$P$5:$P$404,0)),"") | G42: =IFERROR(INDEX(Ocorrências!$K$5:$K$404,MATCH(20,Ocorrências!$P$5:$P$404,0)),"")
A44: 3. PLANO DE DESENVOLVIMENTO EM ANDAMENTO (vem da aba PDI — no máximo 2 focos)
A45: Competência | B45: Nota atual → alvo | C45: Ação concreta no trabalho real | D45: Prazo | E45: Como saberemos que fechou | F45: Status
A46: =IFERROR(INDEX(PDI!$C$5:$C$204,MATCH(1,PDI!$O$5:$O$204,0)),"") | B46: =IFERROR(INDEX(PDI!$D$5:$D$204,MATCH(1,PDI!$O$5:$O$204,0))&" → "&INDEX(PDI!$E$5:$E$204,MATCH(1,PDI!$O$5:$O$204,0)),"") | C46: =IFERROR(INDEX(PDI!$H$5:$H$204,MATCH(1,PDI!$O$5:$O$204,0)),"") | D46: =IFERROR(INDEX(PDI!$K$5:$K$204,MATCH(1,PDI!$O$5:$O$204,0)),"") | E46: =IFERROR(INDEX(PDI!$I$5:$I$204,MATCH(1,PDI!$O$5:$O$204,0)),"") | F46: =IFERROR(INDEX(PDI!$M$5:$M$204,MATCH(1,PDI!$O$5:$O$204,0)),"")
A47: =IFERROR(INDEX(PDI!$C$5:$C$204,MATCH(2,PDI!$O$5:$O$204,0)),"") | B47: =IFERROR(INDEX(PDI!$D$5:$D$204,MATCH(2,PDI!$O$5:$O$204,0))&" → "&INDEX(PDI!$E$5:$E$204,MATCH(2,PDI!$O$5:$O$204,0)),"") | C47: =IFERROR(INDEX(PDI!$H$5:$H$204,MATCH(2,PDI!$O$5:$O$204,0)),"") | D47: =IFERROR(INDEX(PDI!$K$5:$K$204,MATCH(2,PDI!$O$5:$O$204,0)),"") | E47: =IFERROR(INDEX(PDI!$I$5:$I$204,MATCH(2,PDI!$O$5:$O$204,0)),"") | F47: =IFERROR(INDEX(PDI!$M$5:$M$204,MATCH(2,PDI!$O$5:$O$204,0)),"")
A48: =IFERROR(INDEX(PDI!$C$5:$C$204,MATCH(3,PDI!$O$5:$O$204,0)),"") | B48: =IFERROR(INDEX(PDI!$D$5:$D$204,MATCH(3,PDI!$O$5:$O$204,0))&" → "&INDEX(PDI!$E$5:$E$204,MATCH(3,PDI!$O$5:$O$204,0)),"") | C48: =IFERROR(INDEX(PDI!$H$5:$H$204,MATCH(3,PDI!$O$5:$O$204,0)),"") | D48: =IFERROR(INDEX(PDI!$K$5:$K$204,MATCH(3,PDI!$O$5:$O$204,0)),"") | E48: =IFERROR(INDEX(PDI!$I$5:$I$204,MATCH(3,PDI!$O$5:$O$204,0)),"") | F48: =IFERROR(INDEX(PDI!$M$5:$M$204,MATCH(3,PDI!$O$5:$O$204,0)),"")
A50: 4. ESCUTA — as perguntas que o gestor esquece de fazer
A51: Como está a sua carga? O que está pesando mais do que deveria?
A52: O que te travou neste ciclo e eu não vi?
A53: O que você quer estar fazendo daqui a um ano?
A54: O que eu preciso fazer diferente como gestor?
A56: 5. COMPROMISSOS DESTA 1:1 — reaparecem como pendência na próxima
A57: Compromisso | B57: Dono | C57: Prazo | E57: Registre a 1:1 na aba 'Reuniões 1a1' — é o que alimenta o alerta de 1:1 atrasada no Painel.

Sheet PDI
A1: Plano de desenvolvimento
A2: Máximo 2 focos por colaborador por ciclo. Plano com 6 itens não é plano. Todo foco nasce de uma competência do modelo e de pelo menos uma ocorrência.
A3: 'Melhorar em testes' não é PDI. 'Nos próximos 3 PRs de rota nova, incluir teste de caminho de erro sem que o review precise pedir — verificado por mim em 30/09' é PDI.
A4: Ciclo | B4: Colaborador | C4: Competência-alvo | D4: Nota atual | E4: Nota alvo | F4: Gap | G4: Evidência do gap (ocorrência / PR / card) | H4: Ação concreta no trabalho real | I4: Como saberemos que fechou (evidência de saída) | J4: Apoio (quem / o quê) | K4: Prazo | L4: Último check-in | M4: Status | N4: Ordem do foco | O4: Chave
A5: 2026-Q3 | B5: Ana Ribeiro | C5: Qualidade da entrega | D5: =IF($B5="","",IFERROR(IF(SUMPRODUCT((Avaliação!$C$5:$C$304=$B5)*(Avaliação!$A$5:$A$304=$A5)*(Avaliação!$F$5:$F$304=$C5)*ISNUMBER(Avaliação!$M$5:$M$304))=0,"",SUMIFS(Avaliação!$M$5:$M$304,Avaliação!$C$5:$C$304,$B5,Avaliação!$A$5:$A$304,$A5,Avaliação!$F$5:$F$304,$C5)),"")) | E5: 3 | F5: =IF(OR($D5="",$E5=""),"",$E5-$D5) | G5: PR #857 (3 rodadas por teste de erro ausente) + reprovação de QA na sprint 12 | H5: Ser a dona dos testes da nova rota de resgate — escopo real, com o LT como rede de proteção, não curso. | I5: Nos próximos 3 PRs de rota nova, teste de caminho de erro presente sem o review precisar pedir. | J5: Rafael Souza (LT), pareamento de 1h/semana | K5: 46356 | L5: 46295 | M5: Em andamento | N5: 1 | O5: =IF(OR($B5="",$B5<>'Pauta 1a1'!$B$4,$A5<>'Pauta 1a1'!$B$5),"",COUNTIFS($B$5:$B5,'Pauta 1a1'!$B$4,$A$5:$A5,'Pauta 1a1'!$B$5))
A6: 2026-Q3 | B6: Ana Ribeiro | C6: Autonomia e ownership | D6: =IF($B6="","",IFERROR(IF(SUMPRODUCT((Avaliação!$C$5:$C$304=$B6)*(Avaliação!$A$5:$A$304=$A6)*(Avaliação!$F$5:$F$304=$C6)*ISNUMBER(Avaliação!$M$5:$M$304))=0,"",SUMIFS(Avaliação!$M$5:$M$304,Avaliação!$C$5:$C$304,$B6,Avaliação!$A$5:$A$304,$A6,Avaliação!$F$5:$F$304,$C6)),"")) | E6: 4 | F6: =IF(OR($D6="",$E6=""),"",$E6-$D6) | G6: Divergência GP 3 × LT 4 na calibração de 30/09 | H6: Conduzir o refinamento do épico de cupom de ponta a ponta, incluindo a conversa com o PO. | I6: Dois refinamentos conduzidos sem o GP precisar entrar para destravar. | J6: Marcos Lima (GP), observando sem intervir | K6: 46371 | L6: 46295 | M6: Não iniciado | N6: 2 | O6: =IF(OR($B6="",$B6<>'Pauta 1a1'!$B$4,$A6<>'Pauta 1a1'!$B$5),"",COUNTIFS($B$5:$B6,'Pauta 1a1'!$B$4,$A$5:$A6,'Pauta 1a1'!$B$5))
D7: =IF($B7="","",IFERROR(IF(SUMPRODUCT((Avaliação!$C$5:$C$304=$B7)*(Avaliação!$A$5:$A$304=$A7)*(Avaliação!$F$5:$F$304=$C7)*ISNUMBER(Avaliação!$M$5:$M$304))=0,"",SUMIFS(Avaliação!$M$5:$M$304,Avaliação!$C$5:$C$304,$B7,Avaliação!$A$5:$A$304,$A7,Avaliação!$F$5:$F$304,$C7)),"")) | F7: =IF(OR($D7="",$E7=""),"",$E7-$D7) | O7: =IF(OR($B7="",$B7<>'Pauta 1a1'!$B$4,$A7<>'Pauta 1a1'!$B$5),"",COUNTIFS($B$5:$B7,'Pauta 1a1'!$B$4,$A$5:$A7,'Pauta 1a1'!$B$5))
D8: =IF($B8="","",IFERROR(IF(SUMPRODUCT((Avaliação!$C$5:$C$304=$B8)*(Avaliação!$A$5:$A$304=$A8)*(Avaliação!$F$5:$F$304=$C8)*ISNUMBER(Avaliação!$M$5:$M$304))=0,"",SUMIFS(Avaliação!$M$5:$M$304,Avaliação!$C$5:$C$304,$B8,Avaliação!$A$5:$A$304,$A8,Avaliação!$F$5:$F$304,$C8)),"")) | F8: =IF(OR($D8="",$E8=""),"",$E8-$D8) | O8: =IF(OR($B8="",$B8<>'Pauta 1a1'!$B$4,$A8<>'Pauta 1a1'!$B$5),"",COUNTIFS($B$5:$B8,'Pauta 1a1'!$B$4,$A$5:$A8,'Pauta 1a1'!$B$5))
D9: =IF($B9="","",IFERROR(IF(SUMPRODUCT((Avaliação!$C$5:$C$304=$B9)*(Avaliação!$A$5:$A$304=$A9)*(Avaliação!$F$5:$F$304=$C9)*ISNUMBER(Avaliação!$M$5:$M$304))=0,"",SUMIFS(Avaliação!$M$5:$M$304,Avaliação!$C$5:$C$304,$B9,Avaliação!$A$5:$A$304,$A9,Avaliação!$F$5:$F$304,$C9)),"")) | F9: =IF(OR($D9="",$E9=""),"",$E9-$D9) | O9: =IF(OR($B9="",$B9<>'Pauta 1a1'!$B$4,$A9<>'Pauta 1a1'!$B$5),"",COUNTIFS($B$5:$B9,'Pauta 1a1'!$B$4,$A$5:$A9,'Pauta 1a1'!$B$5))
D10: =IF($B10="","",IFERROR(IF(SUMPRODUCT((Avaliação!$C$5:$C$304=$B10)*(Avaliação!$A$5:$A$304=$A10)*(Avaliação!$F$5:$F$304=$C10)*ISNUMBER(Avaliação!$M$5:$M$304))=0,"",SUMIFS(Avaliação!$M$5:$M$304,Avaliação!$C$5:$C$304,$B10,Avaliação!$A$5:$A$304,$A10,Avaliação!$F$5:$F$304,$C10)),"")) | F10: =IF(OR($D10="",$E10=""),"",$E10-$D10) | O10: =IF(OR($B10="",$B10<>'Pauta 1a1'!$B$4,$A10<>'Pauta 1a1'!$B$5),"",COUNTIFS($B$5:$B10,'Pauta 1a1'!$B$4,$A$5:$A10,'Pauta 1a1'!$B$5))
D11: =IF($B11="","",IFERROR(IF(SUMPRODUCT((Avaliação!$C$5:$C$304=$B11)*(Avaliação!$A$5:$A$304=$A11)*(Avaliação!$F$5:$F$304=$C11)*ISNUMBER(Avaliação!$M$5:$M$304))=0,"",SUMIFS(Avaliação!$M$5:$M$304,Avaliação!$C$5:$C$304,$B11,Avaliação!$A$5:$A$304,$A11,Avaliação!$F$5:$F$304,$C11)),"")) | F11: =IF(OR($D11="",$E11=""),"",$E11-$D11) | O11: =IF(OR($B11="",$B11<>'Pauta 1a1'!$B$4,$A11<>'Pauta 1a1'!$B$5),"",COUNTIFS($B$5:$B11,'Pauta 1a1'!$B$4,$A$5:$A11,'Pauta 1a1'!$B$5))
D12: =IF($B12="","",IFERROR(IF(SUMPRODUCT((Avaliação!$C$5:$C$304=$B12)*(Avaliação!$A$5:$A$304=$A12)*(Avaliação!$F$5:$F$304=$C12)*ISNUMBER(Avaliação!$M$5:$M$304))=0,"",SUMIFS(Avaliação!$M$5:$M$304,Avaliação!$C$5:$C$304,$B12,Avaliação!$A$5:$A$304,$A12,Avaliação!$F$5:$F$304,$C12)),"")) | F12: =IF(OR($D12="",$E12=""),"",$E12-$D12) | O12: =IF(OR($B12="",$B12<>'Pauta 1a1'!$B$4,$A12<>'Pauta 1a1'!$B$5),"",COUNTIFS($B$5:$B12,'Pauta 1a1'!$B$4,$A$5:$A12,'Pauta 1a1'!$B$5))
D13: =IF($B13="","",IFERROR(IF(SUMPRODUCT((Avaliação!$C$5:$C$304=$B13)*(Avaliação!$A$5:$A$304=$A13)*(Avaliação!$F$5:$F$304=$C13)*ISNUMBER(Avaliação!$M$5:$M$304))=0,"",SUMIFS(Avaliação!$M$5:$M$304,Avaliação!$C$5:$C$304,$B13,Avaliação!$A$5:$A$304,$A13,Avaliação!$F$5:$F$304,$C13)),"")) | F13: =IF(OR($D13="",$E13=""),"",$E13-$D13) | O13: =IF(OR($B13="",$B13<>'Pauta 1a1'!$B$4,$A13<>'Pauta 1a1'!$B$5),"",COUNTIFS($B$5:$B13,'Pauta 1a1'!$B$4,$A$5:$A13,'Pauta 1a1'!$B$5))
D14: =IF($B14="","",IFERROR(IF(SUMPRODUCT((Avaliação!$C$5:$C$304=$B14)*(Avaliação!$A$5:$A$304=$A14)*(Avaliação!$F$5:$F$304=$C14)*ISNUMBER(Avaliação!$M$5:$M$304))=0,"",SUMIFS(Avaliação!$M$5:$M$304,Avaliação!$C$5:$C$304,$B14,Avaliação!$A$5:$A$304,$A14,Avaliação!$F$5:$F$304,$C14)),"")) | F14: =IF(OR($D14="",$E14=""),"",$E14-$D14) | O14: =IF(OR($B14="",$B14<>'Pauta 1a1'!$B$4,$A14<>'Pauta 1a1'!$B$5),"",COUNTIFS($B$5:$B14,'Pauta 1a1'!$B$4,$A$5:$A14,'Pauta 1a1'!$B$5))
D15: =IF($B15="","",IFERROR(IF(SUMPRODUCT((Avaliação!$C$5:$C$304=$B15)*(Avaliação!$A$5:$A$304=$A15)*(Avaliação!$F$5:$F$304=$C15)*ISNUMBER(Avaliação!$M$5:$M$304))=0,"",SUMIFS(Avaliação!$M$5:$M$304,Avaliação!$C$5:$C$304,$B15,Avaliação!$A$5:$A$304,$A15,Avaliação!$F$5:$F$304,$C15)),"")) | F15: =IF(OR($D15="",$E15=""),"",$E15-$D15) | O15: =IF(OR($B15="",$B15<>'Pauta 1a1'!$B$4,$A15<>'Pauta 1a1'!$B$5),"",COUNTIFS($B$5:$B15,'Pauta 1a1'!$B$4,$A$5:$A15,'Pauta 1a1'!$B$5))
D16: =IF($B16="","",IFERROR(IF(SUMPRODUCT((Avaliação!$C$5:$C$304=$B16)*(Avaliação!$A$5:$A$304=$A16)*(Avaliação!$F$5:$F$304=$C16)*ISNUMBER(Avaliação!$M$5:$M$304))=0,"",SUMIFS(Avaliação!$M$5:$M$304,Avaliação!$C$5:$C$304,$B16,Avaliação!$A$5:$A$304,$A16,Avaliação!$F$5:$F$304,$C16)),"")) | F16: =IF(OR($D16="",$E16=""),"",$E16-$D16) | O16: =IF(OR($B16="",$B16<>'Pauta 1a1'!$B$4,$A16<>'Pauta 1a1'!$B$5),"",COUNTIFS($B$5:$B16,'Pauta 1a1'!$B$4,$A$5:$A16,'Pauta 1a1'!$B$5))
D17: =IF($B17="","",IFERROR(IF(SUMPRODUCT((Avaliação!$C$5:$C$304=$B17)*(Avaliação!$A$5:$A$304=$A17)*(Avaliação!$F$5:$F$304=$C17)*ISNUMBER(Avaliação!$M$5:$M$304))=0,"",SUMIFS(Avaliação!$M$5:$M$304,Avaliação!$C$5:$C$304,$B17,Avaliação!$A$5:$A$304,$A17,Avaliação!$F$5:$F$304,$C17)),"")) | F17: =IF(OR($D17="",$E17=""),"",$E17-$D17) | O17: =IF(OR($B17="",$B17<>'Pauta 1a1'!$B$4,$A17<>'Pauta 1a1'!$B$5),"",COUNTIFS($B$5:$B17,'Pauta 1a1'!$B$4,$A$5:$A17,'Pauta 1a1'!$B$5))
D18: =IF($B18="","",IFERROR(IF(SUMPRODUCT((Avaliação!$C$5:$C$304=$B18)*(Avaliação!$A$5:$A$304=$A18)*(Avaliação!$F$5:$F$304=$C18)*ISNUMBER(Avaliação!$M$5:$M$304))=0,"",SUMIFS(Avaliação!$M$5:$M$304,Avaliação!$C$5:$C$304,$B18,Avaliação!$A$5:$A$304,$A18,Avaliação!$F$5:$F$304,$C18)),"")) | F18: =IF(OR($D18="",$E18=""),"",$E18-$D18) | O18: =IF(OR($B18="",$B18<>'Pauta 1a1'!$B$4,$A18<>'Pauta 1a1'!$B$5),"",COUNTIFS($B$5:$B18,'Pauta 1a1'!$B$4,$A$5:$A18,'Pauta 1a1'!$B$5))
... D204: =IF($B204="","",IFERROR(IF(SUMPRODUCT((Avaliação!$C$5:$C$304=$B204)*(Avaliação!$A$5:$A$304=$A204)*(Avaliação!$F$5:$F$304=$C204)*ISNUMBER(Avaliação!$M$5:$M$304))=0,"",SUMIFS(Avaliação!$M$5:$M$304,Avaliação!$C$5:$C$304,$B204,Avaliação!$A$5:$A$304,$A204,Avaliação!$F$5:$F$304,$C204)),"")) | F204: =IF(OR($D204="",$E204=""),"",$E204-$D204) | O204: =IF(OR($B204="",$B204<>'Pauta 1a1'!$B$4,$A204<>'Pauta 1a1'!$B$5),"",COUNTIFS($B$5:$B204,'Pauta 1a1'!$B$4,$A$5:$A204,'Pauta 1a1'!$B$5))

Sheet Alertas
A1: Integridade do ciclo — o que precisa estar zerado antes de fechar
A2: Cada linha é um mecanismo contra um viés ou contra uma falha de gestão. Vazio é o problema real, não a nota baixa.
A4: # | B4: Verificação | C4: Ocorrências | D4: Por que isso importa / o que fazer
A5: 1 | B5: Colaboradores ativos sem avaliação no ciclo | C5: =COUNTIF(Painel!$Y$5:$Y$64,"Sem avaliação") | D5: É a visão mais valiosa da planilha. Ciclo com metade da squad sem nota não vale para mérito nem para PDI.
A6: 2 | B6: Notas 1, 2 ou 5 sem ocorrência vinculada | C6: =SUM(Painel!$V$5:$V$64) | D6: Nota sem lastro é impressão, não avaliação. Registre a ocorrência que sustenta a nota ou mude a nota. Não feche o ciclo com isto acima de zero.
A7: 3 | B7: Ocorrências negativas nunca conversadas com a pessoa | C7: =SUM(Painel!$W$5:$W$64) | D7: Não entram no cálculo do ciclo. Surpresa na devolutiva é falha de gestão e é o que derruba um processo demissional.
A8: 4 | B8: Divergências GP × Líder Técnico de 2+ pontos | C8: =SUM(Painel!$U$5:$U$64) | D8: Não é erro, é sinal. Cada lado traz uma ocorrência. Se só um tem evidência, a nota dele prevalece — nunca a média.
A9: 5 | B9: Sem nenhuma ocorrência há mais de 45 dias | C9: =COUNTIF(Painel!$S$5:$S$64,">45") | D9: Ou a pessoa é invisível para a gestão, ou o registro parou. Nos dois casos a avaliação do ciclo vai ser chute.
A10: 6 | B10: Sem 1:1 há mais de 30 dias | C10: =COUNTIF(Painel!$T$5:$T$64,">30") | D10: Planilha que não vira conversa morre. Esta é a falha que mata a ferramenta — todas as outras são consertáveis.
A11: 7 | B11: Avaliação com nota chapada (mesma nota em tudo) | C11: =COUNTIFS(Painel!$X$5:$X$64,0) | D11: Bom desempenho é irregular. Nota chapada é halo ou preguiça. Reabra as âncoras e avalie competência por competência.
A12: 8 | B12: Registros de ocorrência com campo obrigatório vazio | C12: =COUNTIF(Ocorrências!$O$5:$O$404,"Faltam campos") | D12: Sem fato, consequência ou 'informado?', o registro não sustenta uma conversa difícil nem uma revisão do RH.
A13: 9 | B13: Pessoas com 3+ registros negativos e nenhum positivo | C13: =COUNTIFS(Painel!$R$5:$R$64,">=3",Painel!$Q$5:$Q$64,0) | D13: Ou a situação é grave de verdade (e pede plano formal, não planilha), ou o registro está enviesado. As duas leituras exigem ação.
A14: 10 | B14: Concentração de registros no último mês do ciclo | C14: =COUNTIFS(Ocorrências!$N$5:$N$404,Config!$B$4,Ocorrências!$A$5:$A$404,">="&DATE(2026,9,1)) | D14: Se a maior parte do ciclo foi registrada nas últimas semanas, a avaliação é memória recente disfarçada de dado. Ajuste a data de referência desta linha a cada ciclo.
B17: Fontes e premissas
B18: Modelo de competências, escala, pesos e expectativas: definidos nesta v1 a partir das visões consolidadas de RH, Gerência de Projetos e Liderança Técnica. Não são benchmark de mercado — são pontos de partida para o gestor calibrar.
B19: Limiares (45 dias sem ocorrência, 30 dias sem 1:1, divergência ≥2, gap -0,3) são convenções desta v1, editáveis. Estão aqui e nas fórmulas do Painel; ao mudar um, mude nos dois lugares.
B20: Expectativas por senioridade (Júnior 2,7 · Pleno 3,0 · Sênior 3,2 · Especialista 3,4) são premissa, não medição. Ajuste na aba Config depois do primeiro ciclo real.

Sheet Reuniões 1a1
A1: Registro de 1:1
A2: Duas linhas por reunião bastam. É este registro que alimenta o alerta de '1:1 atrasada' no Painel.
A4: Data | B4: Colaborador | C4: Gestor | D4: Temas tratados | E4: Compromissos assumidos | F4: Prazo | G4: Status
A5: 46226 | B5: Bruno Tavares | C5: Marcos Lima | D5: Comunicação de bloqueio; combinado avisar na daily do mesmo dia. | E5: Avisar bloqueio na daily do dia em que ocorre. | F5: 46265 | G5: Concluído
A6: 46254 | B6: Ana Ribeiro | C6: Rafael Souza | D6: Teste de caminho de erro antes de abrir PR; interesse em assumir refinamento. | E6: Incluir teste de erro nos próximos 3 PRs de rota nova. | F6: 46356 | G6: Em andamento

Sheet Colaboradores
A1: Cadastro — uma linha por ALOCAÇÃO, não por pessoa
A2: Preenchimento: as colunas amarelas. 'Situação' e 'Em rampa?' são calculadas. Sem 'Data de saída', quem saiu fica no relatório de pendências para sempre e o relatório perde credibilidade em dois meses.
A4: ID | B4: Nome | C4: Matrícula | D4: Papel | E4: Senioridade | F4: Squad | G4: Cliente / Contrato | H4: Projeto | I4: Alocação % | J4: Data de entrada na squad | K4: Data de saída (vazio = ativo) | L4: GP responsável | M4: Líder Técnico responsável | N4: Contratação | O4: Situação | P4: Em rampa?
A5: 1 | B5: Ana Ribeiro | C5: M-1042 | D5: Dev/QA | E5: Pleno | F5: Alfa | G5: Contrato A | H5: Portal do Cliente | I5: 1 | J5: 45726 | L5: Marcos Lima | M5: Rafael Souza | N5: CLT | O5: =IF($B5="","",IF($K5="","Ativo","Inativo")) | P5: =IF(OR($B5="",$J5=""),"",IF(TODAY()-$J5<=90,"Sim — em rampa","Não"))
A6: 2 | B6: Bruno Tavares | C6: M-1188 | D6: Dev/QA | E6: Júnior | F6: Alfa | G6: Contrato A | H6: Portal do Cliente | I6: 1 | J6: 46188 | L6: Marcos Lima | M6: Rafael Souza | N6: CLT | O6: =IF($B6="","",IF($K6="","Ativo","Inativo")) | P6: =IF(OR($B6="",$J6=""),"",IF(TODAY()-$J6<=90,"Sim — em rampa","Não"))
A7: 3 | B7: Carla Nunes | C7: M-0977 | D7: Líder Técnico | E7: Sênior | F7: Beta | G7: Contrato B | H7: Motor de Cobrança | I7: 0.5 | J7: 45505 | L7: Marcos Lima | M7: Carla Nunes | N7: PJ | O7: =IF($B7="","",IF($K7="","Ativo","Inativo")) | P7: =IF(OR($B7="",$J7=""),"",IF(TODAY()-$J7<=90,"Sim — em rampa","Não"))
O8: =IF($B8="","",IF($K8="","Ativo","Inativo")) | P8: =IF(OR($B8="",$J8=""),"",IF(TODAY()-$J8<=90,"Sim — em rampa","Não"))
O9: =IF($B9="","",IF($K9="","Ativo","Inativo")) | P9: =IF(OR($B9="",$J9=""),"",IF(TODAY()-$J9<=90,"Sim — em rampa","Não"))
O10: =IF($B10="","",IF($K10="","Ativo","Inativo")) | P10: =IF(OR($B10="",$J10=""),"",IF(TODAY()-$J10<=90,"Sim — em rampa","Não"))
O11: =IF($B11="","",IF($K11="","Ativo","Inativo")) | P11: =IF(OR($B11="",$J11=""),"",IF(TODAY()-$J11<=90,"Sim — em rampa","Não"))
O12: =IF($B12="","",IF($K12="","Ativo","Inativo")) | P12: =IF(OR($B12="",$J12=""),"",IF(TODAY()-$J12<=90,"Sim — em rampa","Não"))
O13: =IF($B13="","",IF($K13="","Ativo","Inativo")) | P13: =IF(OR($B13="",$J13=""),"",IF(TODAY()-$J13<=90,"Sim — em rampa","Não"))
O14: =IF($B14="","",IF($K14="","Ativo","Inativo")) | P14: =IF(OR($B14="",$J14=""),"",IF(TODAY()-$J14<=90,"Sim — em rampa","Não"))
O15: =IF($B15="","",IF($K15="","Ativo","Inativo")) | P15: =IF(OR($B15="",$J15=""),"",IF(TODAY()-$J15<=90,"Sim — em rampa","Não"))
O16: =IF($B16="","",IF($K16="","Ativo","Inativo")) | P16: =IF(OR($B16="",$J16=""),"",IF(TODAY()-$J16<=90,"Sim — em rampa","Não"))
O17: =IF($B17="","",IF($K17="","Ativo","Inativo")) | P17: =IF(OR($B17="",$J17=""),"",IF(TODAY()-$J17<=90,"Sim — em rampa","Não"))
O18: =IF($B18="","",IF($K18="","Ativo","Inativo")) | P18: =IF(OR($B18="",$J18=""),"",IF(TODAY()-$J18<=90,"Sim — em rampa","Não"))
O19: =IF($B19="","",IF($K19="","Ativo","Inativo")) | P19: =IF(OR($B19="",$J19=""),"",IF(TODAY()-$J19<=90,"Sim — em rampa","Não"))
... O61: =IF($B61="","",IF($K61="","Ativo","Inativo")) | P61: =IF(OR($B61="",$J61=""),"",IF(TODAY()-$J61<=90,"Sim — em rampa","Não"))

Sheet Competências
A1: Modelo de competências
A2: 11 competências em 4 eixos. O 'avaliador dono' é quem decide quando GP e Líder Técnico divergem e não há evidência que desempate. | B2: Eixo | C2: Competência | D2: Definição | E2: Avaliador dono (palavra final) | F2: Aplicável a Júnior?
A3: 11 competências em 4 eixos. Resista a passar de 12: acima disso o avaliador preenche no automático e a nota vira ruído.
A4: ID | B4: Eixo | C4: Competência | D4: Definição | E4: Avaliador dono (palavra final) | F4: Aplicável a Júnior?
A5: C01 | B5: A — Entrega e Resultado | C5: Previsibilidade | D5: Cumpre o que combinou no prazo combinado, ou avisa cedo quando não vai cumprir. | E5: GP | F5: Sim
A6: C02 | B6: A — Entrega e Resultado | C6: Qualidade da entrega | D6: O que entrega volta pouco — de QA, de review ou de produção. | E6: Líder Técnico | F6: Sim
A7: C03 | B7: A — Entrega e Resultado | C7: Foco em valor | D7: Entende o problema do usuário/negócio antes de codar e questiona escopo que não resolve nada. | E7: Compartilhado | F7: Sim
A8: C04 | B8: B — Técnico / Ofício | C8: Domínio técnico | D8: Conhece a stack e o domínio do produto no nível esperado da senioridade. | E8: Líder Técnico | F8: Sim
A9: C05 | B9: B — Técnico / Ofício | C9: Design de solução | D9: Estrutura código, teste e dados de forma que sobreviva à próxima mudança. | E9: Líder Técnico | F9: Sim
A10: C06 | B10: B — Técnico / Ofício | C10: Rigor operacional | D10: Cuida do que roda: observabilidade, deploy, incidente, dado sensível, segurança. | E10: Líder Técnico | F10: Sim
A11: C07 | B11: C — Comportamental / Colaboração | C11: Comunicação | D11: Escreve e fala de forma que quem não estava no contexto entende e decide. | E11: GP | F11: Sim
A12: C08 | B12: C — Comportamental / Colaboração | C12: Colaboração e review | D12: Melhora o trabalho dos outros e aceita ter o seu melhorado. | E12: Líder Técnico | F12: Sim
A13: C09 | B13: C — Comportamental / Colaboração | C13: Confiabilidade e conduta | D13: É previsível como colega: presente nos rituais, cumpre acordos, respeita as pessoas. | E13: GP | F13: Sim
A14: C10 | B14: D — Autonomia / Senioridade | C14: Autonomia e ownership | D14: Leva o problema até o fim sem ser puxado, e sabe quando escalar. | E14: Compartilhado | F14: Sim
A15: C11 | B15: D — Autonomia / Senioridade | C15: Desenvolvimento de outros | D15: Faz o time render mais que a soma: ensina, documenta, melhora o processo. | E15: Líder Técnico | F15: Não

Sheet Âncoras
A1: Âncoras comportamentais
A2: O que cada nota significa, em comportamento observável. Leia a âncora ANTES de dar a nota — é o antídoto contra o halo e contra o 3 automático.
A3: Lembre: a nota é sempre relativa à senioridade. Júnior 3 e Sênior 3 são comportamentos diferentes — o que muda é o tamanho do problema que a pessoa resolve sozinha, não a escala.
A4: Competência | B4: 1 — Abaixo crítico | C4: 2 — Abaixo do esperado | D4: 3 — Atende (esperado do nível) | E4: 4 — Supera | F4: 5 — Referência
A5: Previsibilidade | B5: Prazos estouram sem aviso; o time descobre na review. Compromisso assumido não é cumprido nem renegociado. | C5: Entrega, mas quase sempre depois; o aviso de atraso vem tarde demais para o PO replanejar. | D5: Cumpre o combinado na maioria das sprints; quando vai atrasar, avisa a tempo de o time reagir, com nova data. | E5: Estimativa confiável inclusive em item ambíguo; identifica risco antes de começar e negocia escopo em vez de estourar. | F5: É a referência de previsibilidade da squad; o roadmap é planejado sobre a estimativa dela sem colchão.
A6: Qualidade da entrega | B6: Entrega volta de QA ou de produção com frequência; deixa retrabalho recorrente para o próximo. | C6: Cobre o caminho feliz; falha em erro, borda e dado real. PR volta 2+ rodadas com frequência. | D6: PR passa em 1–2 rodadas; teste junto com o código, cobrindo erro e borda. Reprovação em QA é exceção. | E6: Escolhe o nível certo de teste e testa o risco; seus testes já pegaram regressão de terceiros. | F6: Melhorou a testabilidade do sistema (reduziu flaky, criou fixture/harness que o time inteiro usa).
A7: Foco em valor | B7: Entrega o card literalmente, mesmo quando o card está errado; não pergunta o porquê. | C7: Entende a feature que está fazendo, mas só questiona requisito quando já está codando. | D7: Questiona requisito incoerente no refinamento, antes de codar. | E7: Propõe solução mais barata que atende a mesma dor; conhece o usuário real. | F7: Influencia o roadmap com argumento técnico-econômico; evita construção inteira desnecessária.
A8: Domínio técnico | B8: Erros conceituais recorrentes na stack principal; a mesma explicação precisa ser repetida a cada sprint. | C8: Resolve o caminho feliz; trava em erro, concorrência, performance ou dado real e depende de terceiro. | D8: Resolve sozinho problemas típicos do produto no nível dele; sabe onde o sistema quebra e onde procurar o resto. | E8: Resolve problema fora da zona conhecida; explica trade-off (custo, risco, prazo) e sustenta a escolha com dado. | F8: Referência técnica consultada por outras squads; decisões dele viram padrão ou ADR na empresa.
A9: Design de solução | B9: Cria estrutura nova sem perguntar e ignora fronteiras existentes; gera retrabalho. | C9: Copia padrão sem entender; escolhe por familiaridade, não por trade-off. | D9: Escolhe entre alternativas conhecidas e sabe dizer o que ganha e o que perde. | E9: Antecipa acoplamento e custo de reverter; escreve a decisão antes de codar. | F9: Decisão dele mudou o rumo de mais de um time e envelheceu bem.
A10: Rigor operacional | B10: Já comitou segredo ou expôs dado; deixa build vermelho; não considera autorização ao mexer em rota. | C10: Segue o processo quando lembrado; não instrumenta o que sobe. | D10: Valida entrada e autorização por padrão; segue o processo de release; consegue corrigir o próprio build. | E10: Pensa modelo de ameaça (enumeração, corrida, escalada); instrumenta antes de precisar; atua em rollback com segurança. | F10: Define e revisa a prática de segurança e observabilidade do time; reduziu tempo de build/deploy.
A11: Comunicação | B11: Status enganoso ou ausente; outras pessoas descobrem problemas tarde por falta de informação. | C11: Comunica, mas exige garimpo: card sem contexto, status 'quase pronto' que não significa nada. | D11: Card, PR e mensagem que quem não estava no contexto entende; status honesto, inclusive das más notícias. | E11: Adapta a mensagem ao público (PO, cliente, dev); documenta decisão e evita a mesma discussão duas vezes. | F11: A comunicação dela destrava decisão de outros times; os escritos viram referência de como o time comunica.
A12: Colaboração e review | B12: Aprova PR sem ler ou só comenta estilo; vira gargalo (PR parado 2+ dias sem sinal). | C12: Comenta razoavelmente, mas mistura nit com bloqueante e trava PR por gosto pessoal. | D12: Revisa em até 1 dia útil, pega problema real e separa 'bloqueante' de 'sugestão'. | E12: Comentário ensina e propõe alternativa; melhora o PR sem assumir o teclado. | F12: É referência de review no time; medeia discordância técnica sem escalar.
A13: Confiabilidade e conduta | B13: Acordos quebrados de forma recorrente; ausência sem aviso; cria clima no time. | C13: Presença irregular nos rituais; responde fora do SLA combinado sem avisar. | D13: Presente nos rituais, cumpre acordos, responde no SLA do time; comportamento consistente com todos. | E13: É o colega em quem o time se apoia quando algo depende de alguém aparecer. | F13: Sustenta a cultura do time na prática; comportamento é citado como o padrão esperado.
A14: Autonomia e ownership | B14: Só avança com direcionamento passo a passo; entrega a tarefa e ignora que o problema continua de pé. | C14: Precisa de acompanhamento acima do normal para o nível; escala tarde ou escala tudo, sem tentativa própria. | D14: Toca as próprias demandas com direcionamento normal; escala no momento certo, com hipótese e opções. | E14: Assume problema mal definido e devolve solução; puxa as pessoas necessárias sem precisar do gestor no meio. | F14: Assume tema crítico de ponta a ponta (técnico + stakeholder) e o gestor deixa de precisar acompanhar.
A15: Desenvolvimento de outros | B15: Retém conhecimento; não documenta; discordância técnica vira questão de ego. | C15: Ajuda quando pedido, mas assume o teclado em vez de ensinar. | D15: Pareia e faz onboarding quando necessário; deixa registro do que decidiu. | E15: Review dele ensina; escreve doc/ADR que o time usa; conduz melhoria da retro até acontecer. | F15: Eleva o nível técnico do time de forma visível; outros citam ele como referência de desenvolvimento.

Sheet Config
A1: Configuração do modelo
A2: Ajuste aqui uma vez. Toda a planilha lê desta aba.
A4: Ciclo ativo | B4: 2026-Q3 | C4: Formato AAAA-Qn. O ciclo de cada ocorrência é derivado automaticamente da data do fato.
A6: ESCALA DE AVALIAÇÃO — 1 a 5, sem meio ponto, com N/O obrigatório | G6: LISTAS (alimentam os menus suspensos — acrescente valores no fim de cada coluna)
A7: Nota | B7: Rótulo | C7: O que significa | G7: Senioridade | H7: Papel | I7: Squad | J7: Cliente / Contrato | K7: Tipo de ocorrência | L7: Impacto | M7: Confidencialidade | N7: Sim/Não | O7: Papel do autor | P7: Status PDI | Q7: Notas
A8: 1 | B8: Abaixo crítico | C8: Gera dano ou retrabalho recorrente. Exige plano de ação formal. | G8: Júnior | H8: Dev/QA | I8: Alfa | J8: Contrato A | K8: Reconhecimento | L8: Baixo | M8: Squad | N8: Sim | O8: GP | P8: Não iniciado | Q8: 1
A9: 2 | B9: Abaixo do esperado | C9: Precisa de suporte acima do normal para o nível. | G9: Pleno | H9: Líder Técnico | I9: Beta | J9: Contrato B | K9: Positiva | L9: Médio | M9: Gestão | N9: Não | O9: Líder Técnico | P9: Em andamento | Q9: 2
A10: 3 | B10: Atende | C10: Faz o esperado da senioridade, de forma consistente. É a nota saudável. | G10: Sênior | H10: PO/BA | I10: Delta | K10: Ponto de atenção | L10: Alto | M10: RH-restrito | N10: Parcial | P10: Concluído | Q10: 3
A11: 4 | B11: Supera | C11: Entrega acima do nível em situações reais e repetidas. | G11: Especialista | H11: UX | K11: Incidente | P11: Cancelado | Q11: 4
A12: 5 | B12: Referência | C12: Vira padrão para o time; outros copiam a prática. | K12: Ausência / Disponibilidade | Q12: 5
A13: N/O | B13: Não observado | C13: Sai do cálculo. Se aparecer 2 ciclos seguidos, ou o papel não exige, ou o gestor não está acompanhando. | K13: Contexto atenuante | Q13: N/O
K14: Conduta → encaminhado ao RH
A15: PESOS POR EIXO E PAPEL (a soma de cada coluna deve dar 100%)
A16: Eixo | B16: Dev/QA | C16: Líder Técnico | D16: PO/BA | E16: UX
A17: A — Entrega e Resultado | B17: 0.35 | C17: 0.25 | D17: 0.4 | E17: 0.35
A18: B — Técnico / Ofício | B18: 0.3 | C18: 0.3 | D18: 0.15 | E18: 0.25
A19: C — Comportamental / Colaboração | B19: 0.2 | C19: 0.25 | D19: 0.3 | E19: 0.25
A20: D — Autonomia / Senioridade | B20: 0.15 | C20: 0.2 | D20: 0.15 | E20: 0.15
A21: Soma (deve ser 100%) | B21: =SUM(B17:B20) | C21: =SUM(C17:C20) | D21: =SUM(D17:D20) | E21: =SUM(E17:E20)
A23: EXPECTATIVA MÍNIMA POR SENIORIDADE (a comparação e o ranking usam o GAP contra este número)
A24: Senioridade | B24: Expectativa
A25: Júnior | B25: 2.7
A26: Pleno | B26: 3
A27: Sênior | B27: 3.2
A28: Especialista | B28: 3.4
A30: PROIBIÇÕES EXPLÍCITAS
A31: • Nenhuma célula de nota pode ser fórmula sobre linhas de código, nº de PRs, story points, velocidade ou tickets fechados. Se a métrica existir, ela é contexto — nunca nota.
A32: • Sem curva forçada. Distribuição imposta em squad de 6 pessoas é matematicamente absurda e destrói a colaboração em um ciclo.
A33: • Sem ranking global entre squads. Comparar Sênior em contrato caótico com Júnior em sustentação estável vaza e o dano à confiança é permanente.
A34: • Sem média entre a nota do GP e a do Líder Técnico. Média esconde a divergência, que é a informação mais valiosa aqui.
