Workbook

Sheet Resumo
A1: Resumo por pessoa
A2: Tudo compilado. Escolha o período abaixo e a tabela inteira se ajusta.
A3: Período de | B3: 46235 | C3: até | D3: 46265 | E3: Deixe um período largo para ver o acumulado, ou aperte para uma semana só.
A5: Colaborador | B5: Squad | C5: Papel | D5: Média GP | E5: Média LT | F5: Entrega | G5: Qualidade | H5: Comunicação | I5: Colaboração | J5: Autonomia | K5: MÉDIA FINAL | L5: Farol | M5: Avaliações | N5: Última avaliação | O5: Ocorrências | P5: Atenção / Críticas | Q5: Último comentário do GP | R5: Último comentário do Líder Técnico
A6: =IF(Cadastro!$A5="","",Cadastro!$A5) | B6: =IF(Cadastro!$A5="","",Cadastro!$B5) | C6: =IF(Cadastro!$A5="","",Cadastro!$C5) | D6: =IF($A6="","",IF(COUNTIFS('Avaliação Semanal'!$B$5:$B$504,$A6,'Avaliação Semanal'!$C$5:$C$504,"GP",'Avaliação Semanal'!$A$5:$A$504,">="&$B$3,'Avaliação Semanal'!$A$5:$A$504,"<="&$D$3,'Avaliação Semanal'!$J$5:$J$504,">0")=0,"",ROUND(AVERAGEIFS('Avaliação Semanal'!$J$5:$J$504,'Avaliação Semanal'!$B$5:$B$504,$A6,'Avaliação Semanal'!$C$5:$C$504,"GP",'Avaliação Semanal'!$A$5:$A$504,">="&$B$3,'Avaliação Semanal'!$A$5:$A$504,"<="&$D$3),2))) | E6: =IF($A6="","",IF(COUNTIFS('Avaliação Semanal'!$B$5:$B$504,$A6,'Avaliação Semanal'!$C$5:$C$504,"Líder Técnico",'Avaliação Semanal'!$A$5:$A$504,">="&$B$3,'Avaliação Semanal'!$A$5:$A$504,"<="&$D$3,'Avaliação Semanal'!$J$5:$J$504,">0")=0,"",ROUND(AVERAGEIFS('Avaliação Semanal'!$J$5:$J$504,'Avaliação Semanal'!$B$5:$B$504,$A6,'Avaliação Semanal'!$C$5:$C$504,"Líder Técnico",'Avaliação Semanal'!$A$5:$A$504,">="&$B$3,'Avaliação Semanal'!$A$5:$A$504,"<="&$D$3),2))) | F6: =IF($A6="","",IF(COUNTIFS('Avaliação Semanal'!$B$5:$B$504,$A6,'Avaliação Semanal'!$A$5:$A$504,">="&$B$3,'Avaliação Semanal'!$A$5:$A$504,"<="&$D$3,'Avaliação Semanal'!$E$5:$E$504,">0")=0,"",ROUND(AVERAGEIFS('Avaliação Semanal'!$E$5:$E$504,'Avaliação Semanal'!$B$5:$B$504,$A6,'Avaliação Semanal'!$A$5:$A$504,">="&$B$3,'Avaliação Semanal'!$A$5:$A$504,"<="&$D$3),2))) | G6: =IF($A6="","",IF(COUNTIFS('Avaliação Semanal'!$B$5:$B$504,$A6,'Avaliação Semanal'!$A$5:$A$504,">="&$B$3,'Avaliação Semanal'!$A$5:$A$504,"<="&$D$3,'Avaliação Semanal'!$F$5:$F$504,">0")=0,"",ROUND(AVERAGEIFS('Avaliação Semanal'!$F$5:$F$504,'Avaliação Semanal'!$B$5:$B$504,$A6,'Avaliação Semanal'!$A$5:$A$504,">="&$B$3,'Avaliação Semanal'!$A$5:$A$504,"<="&$D$3),2))) | H6: =IF($A6="","",IF(COUNTIFS('Avaliação Semanal'!$B$5:$B$504,$A6,'Avaliação Semanal'!$A$5:$A$504,">="&$B$3,'Avaliação Semanal'!$A$5:$A$504,"<="&$D$3,'Avaliação Semanal'!$G$5:$G$504,">0")=0,"",ROUND(AVERAGEIFS('Avaliação Semanal'!$G$5:$G$504,'Avaliação Semanal'!$B$5:$B$504,$A6,'Avaliação Semanal'!$A$5:$A$504,">="&$B$3,'Avaliação Semanal'!$A$5:$A$504,"<="&$D$3),2))) | I6: =IF($A6="","",IF(COUNTIFS('Avaliação Semanal'!$B$5:$B$504,$A6,'Avaliação Semanal'!$A$5:$A$504,">="&$B$3,'Avaliação Semanal'!$A$5:$A$504,"<="&$D$3,'Avaliação Semanal'!$H$5:$H$504,">0")=0,"",ROUND(AVERAGEIFS('Avaliação Semanal'!$H$5:$H$504,'Avaliação Semanal'!$B$5:$B$504,$A6,'Avaliação Semanal'!$A$5:$A$504,">="&$B$3,'Avaliação Semanal'!$A$5:$A$504,"<="&$D$3),2))) | J6: =IF($A6="","",IF(COUNTIFS('Avaliação Semanal'!$B$5:$B$504,$A6,'Avaliação Semanal'!$A$5:$A$504,">="&$B$3,'Avaliação Semanal'!$A$5:$A$504,"<="&$D$3,'Avaliação Semanal'!$I$5:$I$504,">0")=0,"",ROUND(AVERAGEIFS('Avaliação Semanal'!$I$5:$I$504,'Avaliação Semanal'!$B$5:$B$504,$A6,'Avaliação Semanal'!$A$5:$A$504,">="&$B$3,'Avaliação Semanal'!$A$5:$A$504,"<="&$D$3),2))) | K6: =IF(COUNT($F6:$J6)=0,"",ROUND(AVERAGE($F6:$J6),2)) | L6: =IF($K6="","",IF($K6>=Cadastro!$H$5,"Verde",IF($K6>=Cadastro!$H$6,"Atenção","Crítico"))) | M6: =IF($A6="","",COUNTIFS('Avaliação Semanal'!$B$5:$B$504,$A6,'Avaliação Semanal'!$A$5:$A$504,">="&$B$3,'Avaliação Semanal'!$A$5:$A$504,"<="&$D$3,'Avaliação Semanal'!$J$5:$J$504,">0")) | N6: =IF($M6=0,"",_xlfn.MAXIFS('Avaliação Semanal'!$A$5:$A$504,'Avaliação Semanal'!$B$5:$B$504,$A6,'Avaliação Semanal'!$A$5:$A$504,"<="&$D$3)) | O6: =IF($A6="","",COUNTIFS('Ocorrências'!$B$5:$B$204,$A6,'Ocorrências'!$A$5:$A$204,">="&$B$3,'Ocorrências'!$A$5:$A$204,"<="&$D$3)) | P6: =IF($A6="","",COUNTIFS('Ocorrências'!$B$5:$B$204,$A6,'Ocorrências'!$C$5:$C$204,"Ponto de atenção",'Ocorrências'!$A$5:$A$204,">="&$B$3,'Ocorrências'!$A$5:$A$204,"<="&$D$3)+COUNTIFS('Ocorrências'!$B$5:$B$204,$A6,'Ocorrências'!$C$5:$C$204,"Crítica",'Ocorrências'!$A$5:$A$204,">="&$B$3,'Ocorrências'!$A$5:$A$204,"<="&$D$3)) | Q6: =IF($A6="","",IF(COUNTIFS('Avaliação Semanal'!$B$5:$B$504,$A6,'Avaliação Semanal'!$C$5:$C$504,"GP",'Avaliação Semanal'!$A$5:$A$504,">="&$B$3,'Avaliação Semanal'!$A$5:$A$504,"<="&$D$3)=0,"",IFERROR(INDEX('Avaliação Semanal'!$L$5:$L$504,MATCH($A6&"|GP|"&TEXT(_xlfn.MAXIFS('Avaliação Semanal'!$A$5:$A$504,'Avaliação Semanal'!$B$5:$B$504,$A6,'Avaliação Semanal'!$C$5:$C$504,"GP",'Avaliação Semanal'!$A$5:$A$504,"<="&$D$3),"00000"),'Avaliação Semanal'!$M$5:$M$504,0)),""))) | R6: =IF($A6="","",IF(COUNTIFS('Avaliação Semanal'!$B$5:$B$504,$A6,'Avaliação Semanal'!$C$5:$C$504,"Líder Técnico",'Avaliação Semanal'!$A$5:$A$504,">="&$B$3,'Avaliação Semanal'!$A$5:$A$504,"<="&$D$3)=0,"",IFERROR(INDEX('Avaliação Semanal'!$L$5:$L$504,MATCH($A6&"|Líder Técnico|"&TEXT(_xlfn.MAXIFS('Avaliação Semanal'!$A$5:$A$504,'Avaliação Semanal'!$B$5:$B$504,$A6,'Avaliação Semanal'!$C$5:$C$504,"Líder Técnico",'Avaliação Semanal'!$A$5:$A$504,"<="&$D$3),"00000"),'Avaliação Semanal'!$M$5:$M$504,0)),"")))
A7: =IF(Cadastro!$A6="","",Cadastro!$A6) | B7: =IF(Cadastro!$A6="","",Cadastro!$B6) | C7: =IF(Cadastro!$A6="","",Cadastro!$C6) | D7: =IF($A7="","",IF(COUNTIFS('Avaliação Semanal'!$B$5:$B$504,$A7,'Avaliação Semanal'!$C$5:$C$504,"GP",'Avaliação Semanal'!$A$5:$A$504,">="&$B$3,'Avaliação Semanal'!$A$5:$A$504,"<="&$D$3,'Avaliação Semanal'!$J$5:$J$504,">0")=0,"",ROUND(AVERAGEIFS('Avaliação Semanal'!$J$5:$J$504,'Avaliação Semanal'!$B$5:$B$504,$A7,'Avaliação Semanal'!$C$5:$C$504,"GP",'Avaliação Semanal'!$A$5:$A$504,">="&$B$3,'Avaliação Semanal'!$A$5:$A$504,"<="&$D$3),2))) | E7: =IF($A7="","",IF(COUNTIFS('Avaliação Semanal'!$B$5:$B$504,$A7,'Avaliação Semanal'!$C$5:$C$504,"Líder Técnico",'Avaliação Semanal'!$A$5:$A$504,">="&$B$3,'Avaliação Semanal'!$A$5:$A$504,"<="&$D$3,'Avaliação Semanal'!$J$5:$J$504,">0")=0,"",ROUND(AVERAGEIFS('Avaliação Semanal'!$J$5:$J$504,'Avaliação Semanal'!$B$5:$B$504,$A7,'Avaliação Semanal'!$C$5:$C$504,"Líder Técnico",'Avaliação Semanal'!$A$5:$A$504,">="&$B$3,'Avaliação Semanal'!$A$5:$A$504,"<="&$D$3),2))) | F7: =IF($A7="","",IF(COUNTIFS('Avaliação Semanal'!$B$5:$B$504,$A7,'Avaliação Semanal'!$A$5:$A$504,">="&$B$3,'Avaliação Semanal'!$A$5:$A$504,"<="&$D$3,'Avaliação Semanal'!$E$5:$E$504,">0")=0,"",ROUND(AVERAGEIFS('Avaliação Semanal'!$E$5:$E$504,'Avaliação Semanal'!$B$5:$B$504,$A7,'Avaliação Semanal'!$A$5:$A$504,">="&$B$3,'Avaliação Semanal'!$A$5:$A$504,"<="&$D$3),2))) | G7: =IF($A7="","",IF(COUNTIFS('Avaliação Semanal'!$B$5:$B$504,$A7,'Avaliação Semanal'!$A$5:$A$504,">="&$B$3,'Avaliação Semanal'!$A$5:$A$504,"<="&$D$3,'Avaliação Semanal'!$F$5:$F$504,">0")=0,"",ROUND(AVERAGEIFS('Avaliação Semanal'!$F$5:$F$504,'Avaliação Semanal'!$B$5:$B$504,$A7,'Avaliação Semanal'!$A$5:$A$504,">="&$B$3,'Avaliação Semanal'!$A$5:$A$504,"<="&$D$3),2))) | H7: =IF($A7="","",IF(COUNTIFS('Avaliação Semanal'!$B$5:$B$504,$A7,'Avaliação Semanal'!$A$5:$A$504,">="&$B$3,'Avaliação Semanal'!$A$5:$A$504,"<="&$D$3,'Avaliação Semanal'!$G$5:$G$504,">0")=0,"",ROUND(AVERAGEIFS('Avaliação Semanal'!$G$5:$G$504,'Avaliação Semanal'!$B$5:$B$504,$A7,'Avaliação Semanal'!$A$5:$A$504,">="&$B$3,'Avaliação Semanal'!$A$5:$A$504,"<="&$D$3),2))) | I7: =IF($A7="","",IF(COUNTIFS('Avaliação Semanal'!$B$5:$B$504,$A7,'Avaliação Semanal'!$A$5:$A$504,">="&$B$3,'Avaliação Semanal'!$A$5:$A$504,"<="&$D$3,'Avaliação Semanal'!$H$5:$H$504,">0")=0,"",ROUND(AVERAGEIFS('Avaliação Semanal'!$H$5:$H$504,'Avaliação Semanal'!$B$5:$B$504,$A7,'Avaliação Semanal'!$A$5:$A$504,">="&$B$3,'Avaliação Semanal'!$A$5:$A$504,"<="&$D$3),2))) | J7: =IF($A7="","",IF(COUNTIFS('Avaliação Semanal'!$B$5:$B$504,$A7,'Avaliação Semanal'!$A$5:$A$504,">="&$B$3,'Avaliação Semanal'!$A$5:$A$504,"<="&$D$3,'Avaliação Semanal'!$I$5:$I$504,">0")=0,"",ROUND(AVERAGEIFS('Avaliação Semanal'!$I$5:$I$504,'Avaliação Semanal'!$B$5:$B$504,$A7,'Avaliação Semanal'!$A$5:$A$504,">="&$B$3,'Avaliação Semanal'!$A$5:$A$504,"<="&$D$3),2))) | K7: =IF(COUNT($F7:$J7)=0,"",ROUND(AVERAGE($F7:$J7),2)) | L7: =IF($K7="","",IF($K7>=Cadastro!$H$5,"Verde",IF($K7>=Cadastro!$H$6,"Atenção","Crítico"))) | M7: =IF($A7="","",COUNTIFS('Avaliação Semanal'!$B$5:$B$504,$A7,'Avaliação Semanal'!$A$5:$A$504,">="&$B$3,'Avaliação Semanal'!$A$5:$A$504,"<="&$D$3,'Avaliação Semanal'!$J$5:$J$504,">0")) | N7: =IF($M7=0,"",_xlfn.MAXIFS('Avaliação Semanal'!$A$5:$A$504,'Avaliação Semanal'!$B$5:$B$504,$A7,'Avaliação Semanal'!$A$5:$A$504,"<="&$D$3)) | O7: =IF($A7="","",COUNTIFS('Ocorrências'!$B$5:$B$204,$A7,'Ocorrências'!$A$5:$A$204,">="&$B$3,'Ocorrências'!$A$5:$A$204,"<="&$D$3)) | P7: =IF($A7="","",COUNTIFS('Ocorrências'!$B$5:$B$204,$A7,'Ocorrências'!$C$5:$C$204,"Ponto de atenção",'Ocorrências'!$A$5:$A$204,">="&$B$3,'Ocorrências'!$A$5:$A$204,"<="&$D$3)+COUNTIFS('Ocorrências'!$B$5:$B$204,$A7,'Ocorrências'!$C$5:$C$204,"Crítica",'Ocorrências'!$A$5:$A$204,">="&$B$3,'Ocorrências'!$A$5:$A$204,"<="&$D$3)) | Q7: =IF($A7="","",IF(COUNTIFS('Avaliação Semanal'!$B$5:$B$504,$A7,'Avaliação Semanal'!$C$5:$C$504,"GP",'Avaliação Semanal'!$A$5:$A$504,">="&$B$3,'Avaliação Semanal'!$A$5:$A$504,"<="&$D$3)=0,"",IFERROR(INDEX('Avaliação Semanal'!$L$5:$L$504,MATCH($A7&"|GP|"&TEXT(_xlfn.MAXIFS('Avaliação Semanal'!$A$5:$A$504,'Avaliação Semanal'!$B$5:$B$504,$A7,'Avaliação Semanal'!$C$5:$C$504,"GP",'Avaliação Semanal'!$A$5:$A$504,"<="&$D$3),"00000"),'Avaliação Semanal'!$M$5:$M$504,0)),""))) | R7: =IF($A7="","",IF(COUNTIFS('Avaliação Semanal'!$B$5:$B$504,$A7,'Avaliação Semanal'!$C$5:$C$504,"Líder Técnico",'Avaliação Semanal'!$A$5:$A$504,">="&$B$3,'Avaliação Semanal'!$A$5:$A$504,"<="&$D$3)=0,"",IFERROR(INDEX('Avaliação Semanal'!$L$5:$L$504,MATCH($A7&"|Líder Técnico|"&TEXT(_xlfn.MAXIFS('Avaliação Semanal'!$A$5:$A$504,'Avaliação Semanal'!$B$5:$B$504,$A7,'Avaliação Semanal'!$C$5:$C$504,"Líder Técnico",'Avaliação Semanal'!$A$5:$A$504,"<="&$D$3),"00000"),'Avaliação Semanal'!$M$5:$M$504,0)),"")))
A8: =IF(Cadastro!$A7="","",Cadastro!$A7) | B8: =IF(Cadastro!$A7="","",Cadastro!$B7) | C8: =IF(Cadastro!$A7="","",Cadastro!$C7) | D8: =IF($A8="","",IF(COUNTIFS('Avaliação Semanal'!$B$5:$B$504,$A8,'Avaliação Semanal'!$C$5:$C$504,"GP",'Avaliação Semanal'!$A$5:$A$504,">="&$B$3,'Avaliação Semanal'!$A$5:$A$504,"<="&$D$3,'Avaliação Semanal'!$J$5:$J$504,">0")=0,"",ROUND(AVERAGEIFS('Avaliação Semanal'!$J$5:$J$504,'Avaliação Semanal'!$B$5:$B$504,$A8,'Avaliação Semanal'!$C$5:$C$504,"GP",'Avaliação Semanal'!$A$5:$A$504,">="&$B$3,'Avaliação Semanal'!$A$5:$A$504,"<="&$D$3),2))) | E8: =IF($A8="","",IF(COUNTIFS('Avaliação Semanal'!$B$5:$B$504,$A8,'Avaliação Semanal'!$C$5:$C$504,"Líder Técnico",'Avaliação Semanal'!$A$5:$A$504,">="&$B$3,'Avaliação Semanal'!$A$5:$A$504,"<="&$D$3,'Avaliação Semanal'!$J$5:$J$504,">0")=0,"",ROUND(AVERAGEIFS('Avaliação Semanal'!$J$5:$J$504,'Avaliação Semanal'!$B$5:$B$504,$A8,'Avaliação Semanal'!$C$5:$C$504,"Líder Técnico",'Avaliação Semanal'!$A$5:$A$504,">="&$B$3,'Avaliação Semanal'!$A$5:$A$504,"<="&$D$3),2))) | F8: =IF($A8="","",IF(COUNTIFS('Avaliação Semanal'!$B$5:$B$504,$A8,'Avaliação Semanal'!$A$5:$A$504,">="&$B$3,'Avaliação Semanal'!$A$5:$A$504,"<="&$D$3,'Avaliação Semanal'!$E$5:$E$504,">0")=0,"",ROUND(AVERAGEIFS('Avaliação Semanal'!$E$5:$E$504,'Avaliação Semanal'!$B$5:$B$504,$A8,'Avaliação Semanal'!$A$5:$A$504,">="&$B$3,'Avaliação Semanal'!$A$5:$A$504,"<="&$D$3),2))) | G8: =IF($A8="","",IF(COUNTIFS('Avaliação Semanal'!$B$5:$B$504,$A8,'Avaliação Semanal'!$A$5:$A$504,">="&$B$3,'Avaliação Semanal'!$A$5:$A$504,"<="&$D$3,'Avaliação Semanal'!$F$5:$F$504,">0")=0,"",ROUND(AVERAGEIFS('Avaliação Semanal'!$F$5:$F$504,'Avaliação Semanal'!$B$5:$B$504,$A8,'Avaliação Semanal'!$A$5:$A$504,">="&$B$3,'Avaliação Semanal'!$A$5:$A$504,"<="&$D$3),2))) | H8: =IF($A8="","",IF(COUNTIFS('Avaliação Semanal'!$B$5:$B$504,$A8,'Avaliação Semanal'!$A$5:$A$504,">="&$B$3,'Avaliação Semanal'!$A$5:$A$504,"<="&$D$3,'Avaliação Semanal'!$G$5:$G$504,">0")=0,"",ROUND(AVERAGEIFS('Avaliação Semanal'!$G$5:$G$504,'Avaliação Semanal'!$B$5:$B$504,$A8,'Avaliação Semanal'!$A$5:$A$504,">="&$B$3,'Avaliação Semanal'!$A$5:$A$504,"<="&$D$3),2))) | I8: =IF($A8="","",IF(COUNTIFS('Avaliação Semanal'!$B$5:$B$504,$A8,'Avaliação Semanal'!$A$5:$A$504,">="&$B$3,'Avaliação Semanal'!$A$5:$A$504,"<="&$D$3,'Avaliação Semanal'!$H$5:$H$504,">0")=0,"",ROUND(AVERAGEIFS('Avaliação Semanal'!$H$5:$H$504,'Avaliação Semanal'!$B$5:$B$504,$A8,'Avaliação Semanal'!$A$5:$A$504,">="&$B$3,'Avaliação Semanal'!$A$5:$A$504,"<="&$D$3),2))) | J8: =IF($A8="","",IF(COUNTIFS('Avaliação Semanal'!$B$5:$B$504,$A8,'Avaliação Semanal'!$A$5:$A$504,">="&$B$3,'Avaliação Semanal'!$A$5:$A$504,"<="&$D$3,'Avaliação Semanal'!$I$5:$I$504,">0")=0,"",ROUND(AVERAGEIFS('Avaliação Semanal'!$I$5:$I$504,'Avaliação Semanal'!$B$5:$B$504,$A8,'Avaliação Semanal'!$A$5:$A$504,">="&$B$3,'Avaliação Semanal'!$A$5:$A$504,"<="&$D$3),2))) | K8: =IF(COUNT($F8:$J8)=0,"",ROUND(AVERAGE($F8:$J8),2)) | L8: =IF($K8="","",IF($K8>=Cadastro!$H$5,"Verde",IF($K8>=Cadastro!$H$6,"Atenção","Crítico"))) | M8: =IF($A8="","",COUNTIFS('Avaliação Semanal'!$B$5:$B$504,$A8,'Avaliação Semanal'!$A$5:$A$504,">="&$B$3,'Avaliação Semanal'!$A$5:$A$504,"<="&$D$3,'Avaliação Semanal'!$J$5:$J$504,">0")) | N8: =IF($M8=0,"",_xlfn.MAXIFS('Avaliação Semanal'!$A$5:$A$504,'Avaliação Semanal'!$B$5:$B$504,$A8,'Avaliação Semanal'!$A$5:$A$504,"<="&$D$3)) | O8: =IF($A8="","",COUNTIFS('Ocorrências'!$B$5:$B$204,$A8,'Ocorrências'!$A$5:$A$204,">="&$B$3,'Ocorrências'!$A$5:$A$204,"<="&$D$3)) | P8: =IF($A8="","",COUNTIFS('Ocorrências'!$B$5:$B$204,$A8,'Ocorrências'!$C$5:$C$204,"Ponto de atenção",'Ocorrências'!$A$5:$A$204,">="&$B$3,'Ocorrências'!$A$5:$A$204,"<="&$D$3)+COUNTIFS('Ocorrências'!$B$5:$B$204,$A8,'Ocorrências'!$C$5:$C$204,"Crítica",'Ocorrências'!$A$5:$A$204,">="&$B$3,'Ocorrências'!$A$5:$A$204,"<="&$D$3)) | Q8: =IF($A8="","",IF(COUNTIFS('Avaliação Semanal'!$B$5:$B$504,$A8,'Avaliação Semanal'!$C$5:$C$504,"GP",'Avaliação Semanal'!$A$5:$A$504,">="&$B$3,'Avaliação Semanal'!$A$5:$A$504,"<="&$D$3)=0,"",IFERROR(INDEX('Avaliação Semanal'!$L$5:$L$504,MATCH($A8&"|GP|"&TEXT(_xlfn.MAXIFS('Avaliação Semanal'!$A$5:$A$504,'Avaliação Semanal'!$B$5:$B$504,$A8,'Avaliação Semanal'!$C$5:$C$504,"GP",'Avaliação Semanal'!$A$5:$A$504,"<="&$D$3),"00000"),'Avaliação Semanal'!$M$5:$M$504,0)),""))) | R8: =IF($A8="","",IF(COUNTIFS('Avaliação Semanal'!$B$5:$B$504,$A8,'Avaliação Semanal'!$C$5:$C$504,"Líder Técnico",'Avaliação Semanal'!$A$5:$A$504,">="&$B$3,'Avaliação Semanal'!$A$5:$A$504,"<="&$D$3)=0,"",IFERROR(INDEX('Avaliação Semanal'!$L$5:$L$504,MATCH($A8&"|Líder Técnico|"&TEXT(_xlfn.MAXIFS('Avaliação Semanal'!$A$5:$A$504,'Avaliação Semanal'!$B$5:$B$504,$A8,'Avaliação Semanal'!$C$5:$C$504,"Líder Técnico",'Avaliação Semanal'!$A$5:$A$504,"<="&$D$3),"00000"),'Avaliação Semanal'!$M$5:$M$504,0)),"")))
A9: =IF(Cadastro!$A8="","",Cadastro!$A8) | B9: =IF(Cadastro!$A8="","",Cadastro!$B8) | C9: =IF(Cadastro!$A8="","",Cadastro!$C8) | D9: =IF($A9="","",IF(COUNTIFS('Avaliação Semanal'!$B$5:$B$504,$A9,'Avaliação Semanal'!$C$5:$C$504,"GP",'Avaliação Semanal'!$A$5:$A$504,">="&$B$3,'Avaliação Semanal'!$A$5:$A$504,"<="&$D$3,'Avaliação Semanal'!$J$5:$J$504,">0")=0,"",ROUND(AVERAGEIFS('Avaliação Semanal'!$J$5:$J$504,'Avaliação Semanal'!$B$5:$B$504,$A9,'Avaliação Semanal'!$C$5:$C$504,"GP",'Avaliação Semanal'!$A$5:$A$504,">="&$B$3,'Avaliação Semanal'!$A$5:$A$504,"<="&$D$3),2))) | E9: =IF($A9="","",IF(COUNTIFS('Avaliação Semanal'!$B$5:$B$504,$A9,'Avaliação Semanal'!$C$5:$C$504,"Líder Técnico",'Avaliação Semanal'!$A$5:$A$504,">="&$B$3,'Avaliação Semanal'!$A$5:$A$504,"<="&$D$3,'Avaliação Semanal'!$J$5:$J$504,">0")=0,"",ROUND(AVERAGEIFS('Avaliação Semanal'!$J$5:$J$504,'Avaliação Semanal'!$B$5:$B$504,$A9,'Avaliação Semanal'!$C$5:$C$504,"Líder Técnico",'Avaliação Semanal'!$A$5:$A$504,">="&$B$3,'Avaliação Semanal'!$A$5:$A$504,"<="&$D$3),2))) | F9: =IF($A9="","",IF(COUNTIFS('Avaliação Semanal'!$B$5:$B$504,$A9,'Avaliação Semanal'!$A$5:$A$504,">="&$B$3,'Avaliação Semanal'!$A$5:$A$504,"<="&$D$3,'Avaliação Semanal'!$E$5:$E$504,">0")=0,"",ROUND(AVERAGEIFS('Avaliação Semanal'!$E$5:$E$504,'Avaliação Semanal'!$B$5:$B$504,$A9,'Avaliação Semanal'!$A$5:$A$504,">="&$B$3,'Avaliação Semanal'!$A$5:$A$504,"<="&$D$3),2))) | G9: =IF($A9="","",IF(COUNTIFS('Avaliação Semanal'!$B$5:$B$504,$A9,'Avaliação Semanal'!$A$5:$A$504,">="&$B$3,'Avaliação Semanal'!$A$5:$A$504,"<="&$D$3,'Avaliação Semanal'!$F$5:$F$504,">0")=0,"",ROUND(AVERAGEIFS('Avaliação Semanal'!$F$5:$F$504,'Avaliação Semanal'!$B$5:$B$504,$A9,'Avaliação Semanal'!$A$5:$A$504,">="&$B$3,'Avaliação Semanal'!$A$5:$A$504,"<="&$D$3),2))) | H9: =IF($A9="","",IF(COUNTIFS('Avaliação Semanal'!$B$5:$B$504,$A9,'Avaliação Semanal'!$A$5:$A$504,">="&$B$3,'Avaliação Semanal'!$A$5:$A$504,"<="&$D$3,'Avaliação Semanal'!$G$5:$G$504,">0")=0,"",ROUND(AVERAGEIFS('Avaliação Semanal'!$G$5:$G$504,'Avaliação Semanal'!$B$5:$B$504,$A9,'Avaliação Semanal'!$A$5:$A$504,">="&$B$3,'Avaliação Semanal'!$A$5:$A$504,"<="&$D$3),2))) | I9: =IF($A9="","",IF(COUNTIFS('Avaliação Semanal'!$B$5:$B$504,$A9,'Avaliação Semanal'!$A$5:$A$504,">="&$B$3,'Avaliação Semanal'!$A$5:$A$504,"<="&$D$3,'Avaliação Semanal'!$H$5:$H$504,">0")=0,"",ROUND(AVERAGEIFS('Avaliação Semanal'!$H$5:$H$504,'Avaliação Semanal'!$B$5:$B$504,$A9,'Avaliação Semanal'!$A$5:$A$504,">="&$B$3,'Avaliação Semanal'!$A$5:$A$504,"<="&$D$3),2))) | J9: =IF($A9="","",IF(COUNTIFS('Avaliação Semanal'!$B$5:$B$504,$A9,'Avaliação Semanal'!$A$5:$A$504,">="&$B$3,'Avaliação Semanal'!$A$5:$A$504,"<="&$D$3,'Avaliação Semanal'!$I$5:$I$504,">0")=0,"",ROUND(AVERAGEIFS('Avaliação Semanal'!$I$5:$I$504,'Avaliação Semanal'!$B$5:$B$504,$A9,'Avaliação Semanal'!$A$5:$A$504,">="&$B$3,'Avaliação Semanal'!$A$5:$A$504,"<="&$D$3),2))) | K9: =IF(COUNT($F9:$J9)=0,"",ROUND(AVERAGE($F9:$J9),2)) | L9: =IF($K9="","",IF($K9>=Cadastro!$H$5,"Verde",IF($K9>=Cadastro!$H$6,"Atenção","Crítico"))) | M9: =IF($A9="","",COUNTIFS('Avaliação Semanal'!$B$5:$B$504,$A9,'Avaliação Semanal'!$A$5:$A$504,">="&$B$3,'Avaliação Semanal'!$A$5:$A$504,"<="&$D$3,'Avaliação Semanal'!$J$5:$J$504,">0")) | N9: =IF($M9=0,"",_xlfn.MAXIFS('Avaliação Semanal'!$A$5:$A$504,'Avaliação Semanal'!$B$5:$B$504,$A9,'Avaliação Semanal'!$A$5:$A$504,"<="&$D$3)) | O9: =IF($A9="","",COUNTIFS('Ocorrências'!$B$5:$B$204,$A9,'Ocorrências'!$A$5:$A$204,">="&$B$3,'Ocorrências'!$A$5:$A$204,"<="&$D$3)) | P9: =IF($A9="","",COUNTIFS('Ocorrências'!$B$5:$B$204,$A9,'Ocorrências'!$C$5:$C$204,"Ponto de atenção",'Ocorrências'!$A$5:$A$204,">="&$B$3,'Ocorrências'!$A$5:$A$204,"<="&$D$3)+COUNTIFS('Ocorrências'!$B$5:$B$204,$A9,'Ocorrências'!$C$5:$C$204,"Crítica",'Ocorrências'!$A$5:$A$204,">="&$B$3,'Ocorrências'!$A$5:$A$204,"<="&$D$3)) | Q9: =IF($A9="","",IF(COUNTIFS('Avaliação Semanal'!$B$5:$B$504,$A9,'Avaliação Semanal'!$C$5:$C$504,"GP",'Avaliação Semanal'!$A$5:$A$504,">="&$B$3,'Avaliação Semanal'!$A$5:$A$504,"<="&$D$3)=0,"",IFERROR(INDEX('Avaliação Semanal'!$L$5:$L$504,MATCH($A9&"|GP|"&TEXT(_xlfn.MAXIFS('Avaliação Semanal'!$A$5:$A$504,'Avaliação Semanal'!$B$5:$B$504,$A9,'Avaliação Semanal'!$C$5:$C$504,"GP",'Avaliação Semanal'!$A$5:$A$504,"<="&$D$3),"00000"),'Avaliação Semanal'!$M$5:$M$504,0)),""))) | R9: =IF($A9="","",IF(COUNTIFS('Avaliação Semanal'!$B$5:$B$504,$A9,'Avaliação Semanal'!$C$5:$C$504,"Líder Técnico",'Avaliação Semanal'!$A$5:$A$504,">="&$B$3,'Avaliação Semanal'!$A$5:$A$504,"<="&$D$3)=0,"",IFERROR(INDEX('Avaliação Semanal'!$L$5:$L$504,MATCH($A9&"|Líder Técnico|"&TEXT(_xlfn.MAXIFS('Avaliação Semanal'!$A$5:$A$504,'Avaliação Semanal'!$B$5:$B$504,$A9,'Avaliação Semanal'!$C$5:$C$504,"Líder Técnico",'Avaliação Semanal'!$A$5:$A$504,"<="&$D$3),"00000"),'Avaliação Semanal'!$M$5:$M$504,0)),"")))
A10: =IF(Cadastro!$A9="","",Cadastro!$A9) | B10: =IF(Cadastro!$A9="","",Cadastro!$B9) | C10: =IF(Cadastro!$A9="","",Cadastro!$C9) | D10: =IF($A10="","",IF(COUNTIFS('Avaliação Semanal'!$B$5:$B$504,$A10,'Avaliação Semanal'!$C$5:$C$504,"GP",'Avaliação Semanal'!$A$5:$A$504,">="&$B$3,'Avaliação Semanal'!$A$5:$A$504,"<="&$D$3,'Avaliação Semanal'!$J$5:$J$504,">0")=0,"",ROUND(AVERAGEIFS('Avaliação Semanal'!$J$5:$J$504,'Avaliação Semanal'!$B$5:$B$504,$A10,'Avaliação Semanal'!$C$5:$C$504,"GP",'Avaliação Semanal'!$A$5:$A$504,">="&$B$3,'Avaliação Semanal'!$A$5:$A$504,"<="&$D$3),2))) | E10: =IF($A10="","",IF(COUNTIFS('Avaliação Semanal'!$B$5:$B$504,$A10,'Avaliação Semanal'!$C$5:$C$504,"Líder Técnico",'Avaliação Semanal'!$A$5:$A$504,">="&$B$3,'Avaliação Semanal'!$A$5:$A$504,"<="&$D$3,'Avaliação Semanal'!$J$5:$J$504,">0")=0,"",ROUND(AVERAGEIFS('Avaliação Semanal'!$J$5:$J$504,'Avaliação Semanal'!$B$5:$B$504,$A10,'Avaliação Semanal'!$C$5:$C$504,"Líder Técnico",'Avaliação Semanal'!$A$5:$A$504,">="&$B$3,'Avaliação Semanal'!$A$5:$A$504,"<="&$D$3),2))) | F10: =IF($A10="","",IF(COUNTIFS('Avaliação Semanal'!$B$5:$B$504,$A10,'Avaliação Semanal'!$A$5:$A$504,">="&$B$3,'Avaliação Semanal'!$A$5:$A$504,"<="&$D$3,'Avaliação Semanal'!$E$5:$E$504,">0")=0,"",ROUND(AVERAGEIFS('Avaliação Semanal'!$E$5:$E$504,'Avaliação Semanal'!$B$5:$B$504,$A10,'Avaliação Semanal'!$A$5:$A$504,">="&$B$3,'Avaliação Semanal'!$A$5:$A$504,"<="&$D$3),2))) | G10: =IF($A10="","",IF(COUNTIFS('Avaliação Semanal'!$B$5:$B$504,$A10,'Avaliação Semanal'!$A$5:$A$504,">="&$B$3,'Avaliação Semanal'!$A$5:$A$504,"<="&$D$3,'Avaliação Semanal'!$F$5:$F$504,">0")=0,"",ROUND(AVERAGEIFS('Avaliação Semanal'!$F$5:$F$504,'Avaliação Semanal'!$B$5:$B$504,$A10,'Avaliação Semanal'!$A$5:$A$504,">="&$B$3,'Avaliação Semanal'!$A$5:$A$504,"<="&$D$3),2))) | H10: =IF($A10="","",IF(COUNTIFS('Avaliação Semanal'!$B$5:$B$504,$A10,'Avaliação Semanal'!$A$5:$A$504,">="&$B$3,'Avaliação Semanal'!$A$5:$A$504,"<="&$D$3,'Avaliação Semanal'!$G$5:$G$504,">0")=0,"",ROUND(AVERAGEIFS('Avaliação Semanal'!$G$5:$G$504,'Avaliação Semanal'!$B$5:$B$504,$A10,'Avaliação Semanal'!$A$5:$A$504,">="&$B$3,'Avaliação Semanal'!$A$5:$A$504,"<="&$D$3),2))) | I10: =IF($A10="","",IF(COUNTIFS('Avaliação Semanal'!$B$5:$B$504,$A10,'Avaliação Semanal'!$A$5:$A$504,">="&$B$3,'Avaliação Semanal'!$A$5:$A$504,"<="&$D$3,'Avaliação Semanal'!$H$5:$H$504,">0")=0,"",ROUND(AVERAGEIFS('Avaliação Semanal'!$H$5:$H$504,'Avaliação Semanal'!$B$5:$B$504,$A10,'Avaliação Semanal'!$A$5:$A$504,">="&$B$3,'Avaliação Semanal'!$A$5:$A$504,"<="&$D$3),2))) | J10: =IF($A10="","",IF(COUNTIFS('Avaliação Semanal'!$B$5:$B$504,$A10,'Avaliação Semanal'!$A$5:$A$504,">="&$B$3,'Avaliação Semanal'!$A$5:$A$504,"<="&$D$3,'Avaliação Semanal'!$I$5:$I$504,">0")=0,"",ROUND(AVERAGEIFS('Avaliação Semanal'!$I$5:$I$504,'Avaliação Semanal'!$B$5:$B$504,$A10,'Avaliação Semanal'!$A$5:$A$504,">="&$B$3,'Avaliação Semanal'!$A$5:$A$504,"<="&$D$3),2))) | K10: =IF(COUNT($F10:$J10)=0,"",ROUND(AVERAGE($F10:$J10),2)) | L10: =IF($K10="","",IF($K10>=Cadastro!$H$5,"Verde",IF($K10>=Cadastro!$H$6,"Atenção","Crítico"))) | M10: =IF($A10="","",COUNTIFS('Avaliação Semanal'!$B$5:$B$504,$A10,'Avaliação Semanal'!$A$5:$A$504,">="&$B$3,'Avaliação Semanal'!$A$5:$A$504,"<="&$D$3,'Avaliação Semanal'!$J$5:$J$504,">0")) | N10: =IF($M10=0,"",_xlfn.MAXIFS('Avaliação Semanal'!$A$5:$A$504,'Avaliação Semanal'!$B$5:$B$504,$A10,'Avaliação Semanal'!$A$5:$A$504,"<="&$D$3)) | O10: =IF($A10="","",COUNTIFS('Ocorrências'!$B$5:$B$204,$A10,'Ocorrências'!$A$5:$A$204,">="&$B$3,'Ocorrências'!$A$5:$A$204,"<="&$D$3)) | P10: =IF($A10="","",COUNTIFS('Ocorrências'!$B$5:$B$204,$A10,'Ocorrências'!$C$5:$C$204,"Ponto de atenção",'Ocorrências'!$A$5:$A$204,">="&$B$3,'Ocorrências'!$A$5:$A$204,"<="&$D$3)+COUNTIFS('Ocorrências'!$B$5:$B$204,$A10,'Ocorrências'!$C$5:$C$204,"Crítica",'Ocorrências'!$A$5:$A$204,">="&$B$3,'Ocorrências'!$A$5:$A$204,"<="&$D$3)) | Q10: =IF($A10="","",IF(COUNTIFS('Avaliação Semanal'!$B$5:$B$504,$A10,'Avaliação Semanal'!$C$5:$C$504,"GP",'Avaliação Semanal'!$A$5:$A$504,">="&$B$3,'Avaliação Semanal'!$A$5:$A$504,"<="&$D$3)=0,"",IFERROR(INDEX('Avaliação Semanal'!$L$5:$L$504,MATCH($A10&"|GP|"&TEXT(_xlfn.MAXIFS('Avaliação Semanal'!$A$5:$A$504,'Avaliação Semanal'!$B$5:$B$504,$A10,'Avaliação Semanal'!$C$5:$C$504,"GP",'Avaliação Semanal'!$A$5:$A$504,"<="&$D$3),"00000"),'Avaliação Semanal'!$M$5:$M$504,0)),""))) | R10: =IF($A10="","",IF(COUNTIFS('Avaliação Semanal'!$B$5:$B$504,$A10,'Avaliação Semanal'!$C$5:$C$504,"Líder Técnico",'Avaliação Semanal'!$A$5:$A$504,">="&$B$3,'Avaliação Semanal'!$A$5:$A$504,"<="&$D$3)=0,"",IFERROR(INDEX('Avaliação Semanal'!$L$5:$L$504,MATCH($A10&"|Líder Técnico|"&TEXT(_xlfn.MAXIFS('Avaliação Semanal'!$A$5:$A$504,'Avaliação Semanal'!$B$5:$B$504,$A10,'Avaliação Semanal'!$C$5:$C$504,"Líder Técnico",'Avaliação Semanal'!$A$5:$A$504,"<="&$D$3),"00000"),'Avaliação Semanal'!$M$5:$M$504,0)),"")))
A11: =IF(Cadastro!$A10="","",Cadastro!$A10) | B11: =IF(Cadastro!$A10="","",Cadastro!$B10) | C11: =IF(Cadastro!$A10="","",Cadastro!$C10) | D11: =IF($A11="","",IF(COUNTIFS('Avaliação Semanal'!$B$5:$B$504,$A11,'Avaliação Semanal'!$C$5:$C$504,"GP",'Avaliação Semanal'!$A$5:$A$504,">="&$B$3,'Avaliação Semanal'!$A$5:$A$504,"<="&$D$3,'Avaliação Semanal'!$J$5:$J$504,">0")=0,"",ROUND(AVERAGEIFS('Avaliação Semanal'!$J$5:$J$504,'Avaliação Semanal'!$B$5:$B$504,$A11,'Avaliação Semanal'!$C$5:$C$504,"GP",'Avaliação Semanal'!$A$5:$A$504,">="&$B$3,'Avaliação Semanal'!$A$5:$A$504,"<="&$D$3),2))) | E11: =IF($A11="","",IF(COUNTIFS('Avaliação Semanal'!$B$5:$B$504,$A11,'Avaliação Semanal'!$C$5:$C$504,"Líder Técnico",'Avaliação Semanal'!$A$5:$A$504,">="&$B$3,'Avaliação Semanal'!$A$5:$A$504,"<="&$D$3,'Avaliação Semanal'!$J$5:$J$504,">0")=0,"",ROUND(AVERAGEIFS('Avaliação Semanal'!$J$5:$J$504,'Avaliação Semanal'!$B$5:$B$504,$A11,'Avaliação Semanal'!$C$5:$C$504,"Líder Técnico",'Avaliação Semanal'!$A$5:$A$504,">="&$B$3,'Avaliação Semanal'!$A$5:$A$504,"<="&$D$3),2))) | F11: =IF($A11="","",IF(COUNTIFS('Avaliação Semanal'!$B$5:$B$504,$A11,'Avaliação Semanal'!$A$5:$A$504,">="&$B$3,'Avaliação Semanal'!$A$5:$A$504,"<="&$D$3,'Avaliação Semanal'!$E$5:$E$504,">0")=0,"",ROUND(AVERAGEIFS('Avaliação Semanal'!$E$5:$E$504,'Avaliação Semanal'!$B$5:$B$504,$A11,'Avaliação Semanal'!$A$5:$A$504,">="&$B$3,'Avaliação Semanal'!$A$5:$A$504,"<="&$D$3),2))) | G11: =IF($A11="","",IF(COUNTIFS('Avaliação Semanal'!$B$5:$B$504,$A11,'Avaliação Semanal'!$A$5:$A$504,">="&$B$3,'Avaliação Semanal'!$A$5:$A$504,"<="&$D$3,'Avaliação Semanal'!$F$5:$F$504,">0")=0,"",ROUND(AVERAGEIFS('Avaliação Semanal'!$F$5:$F$504,'Avaliação Semanal'!$B$5:$B$504,$A11,'Avaliação Semanal'!$A$5:$A$504,">="&$B$3,'Avaliação Semanal'!$A$5:$A$504,"<="&$D$3),2))) | H11: =IF($A11="","",IF(COUNTIFS('Avaliação Semanal'!$B$5:$B$504,$A11,'Avaliação Semanal'!$A$5:$A$504,">="&$B$3,'Avaliação Semanal'!$A$5:$A$504,"<="&$D$3,'Avaliação Semanal'!$G$5:$G$504,">0")=0,"",ROUND(AVERAGEIFS('Avaliação Semanal'!$G$5:$G$504,'Avaliação Semanal'!$B$5:$B$504,$A11,'Avaliação Semanal'!$A$5:$A$504,">="&$B$3,'Avaliação Semanal'!$A$5:$A$504,"<="&$D$3),2))) | I11: =IF($A11="","",IF(COUNTIFS('Avaliação Semanal'!$B$5:$B$504,$A11,'Avaliação Semanal'!$A$5:$A$504,">="&$B$3,'Avaliação Semanal'!$A$5:$A$504,"<="&$D$3,'Avaliação Semanal'!$H$5:$H$504,">0")=0,"",ROUND(AVERAGEIFS('Avaliação Semanal'!$H$5:$H$504,'Avaliação Semanal'!$B$5:$B$504,$A11,'Avaliação Semanal'!$A$5:$A$504,">="&$B$3,'Avaliação Semanal'!$A$5:$A$504,"<="&$D$3),2))) | J11: =IF($A11="","",IF(COUNTIFS('Avaliação Semanal'!$B$5:$B$504,$A11,'Avaliação Semanal'!$A$5:$A$504,">="&$B$3,'Avaliação Semanal'!$A$5:$A$504,"<="&$D$3,'Avaliação Semanal'!$I$5:$I$504,">0")=0,"",ROUND(AVERAGEIFS('Avaliação Semanal'!$I$5:$I$504,'Avaliação Semanal'!$B$5:$B$504,$A11,'Avaliação Semanal'!$A$5:$A$504,">="&$B$3,'Avaliação Semanal'!$A$5:$A$504,"<="&$D$3),2))) | K11: =IF(COUNT($F11:$J11)=0,"",ROUND(AVERAGE($F11:$J11),2)) | L11: =IF($K11="","",IF($K11>=Cadastro!$H$5,"Verde",IF($K11>=Cadastro!$H$6,"Atenção","Crítico"))) | M11: =IF($A11="","",COUNTIFS('Avaliação Semanal'!$B$5:$B$504,$A11,'Avaliação Semanal'!$A$5:$A$504,">="&$B$3,'Avaliação Semanal'!$A$5:$A$504,"<="&$D$3,'Avaliação Semanal'!$J$5:$J$504,">0")) | N11: =IF($M11=0,"",_xlfn.MAXIFS('Avaliação Semanal'!$A$5:$A$504,'Avaliação Semanal'!$B$5:$B$504,$A11,'Avaliação Semanal'!$A$5:$A$504,"<="&$D$3)) | O11: =IF($A11="","",COUNTIFS('Ocorrências'!$B$5:$B$204,$A11,'Ocorrências'!$A$5:$A$204,">="&$B$3,'Ocorrências'!$A$5:$A$204,"<="&$D$3)) | P11: =IF($A11="","",COUNTIFS('Ocorrências'!$B$5:$B$204,$A11,'Ocorrências'!$C$5:$C$204,"Ponto de atenção",'Ocorrências'!$A$5:$A$204,">="&$B$3,'Ocorrências'!$A$5:$A$204,"<="&$D$3)+COUNTIFS('Ocorrências'!$B$5:$B$204,$A11,'Ocorrências'!$C$5:$C$204,"Crítica",'Ocorrências'!$A$5:$A$204,">="&$B$3,'Ocorrências'!$A$5:$A$204,"<="&$D$3)) | Q11: =IF($A11="","",IF(COUNTIFS('Avaliação Semanal'!$B$5:$B$504,$A11,'Avaliação Semanal'!$C$5:$C$504,"GP",'Avaliação Semanal'!$A$5:$A$504,">="&$B$3,'Avaliação Semanal'!$A$5:$A$504,"<="&$D$3)=0,"",IFERROR(INDEX('Avaliação Semanal'!$L$5:$L$504,MATCH($A11&"|GP|"&TEXT(_xlfn.MAXIFS('Avaliação Semanal'!$A$5:$A$504,'Avaliação Semanal'!$B$5:$B$504,$A11,'Avaliação Semanal'!$C$5:$C$504,"GP",'Avaliação Semanal'!$A$5:$A$504,"<="&$D$3),"00000"),'Avaliação Semanal'!$M$5:$M$504,0)),""))) | R11: =IF($A11="","",IF(COUNTIFS('Avaliação Semanal'!$B$5:$B$504,$A11,'Avaliação Semanal'!$C$5:$C$504,"Líder Técnico",'Avaliação Semanal'!$A$5:$A$504,">="&$B$3,'Avaliação Semanal'!$A$5:$A$504,"<="&$D$3)=0,"",IFERROR(INDEX('Avaliação Semanal'!$L$5:$L$504,MATCH($A11&"|Líder Técnico|"&TEXT(_xlfn.MAXIFS('Avaliação Semanal'!$A$5:$A$504,'Avaliação Semanal'!$B$5:$B$504,$A11,'Avaliação Semanal'!$C$5:$C$504,"Líder Técnico",'Avaliação Semanal'!$A$5:$A$504,"<="&$D$3),"00000"),'Avaliação Semanal'!$M$5:$M$504,0)),"")))
A12: =IF(Cadastro!$A11="","",Cadastro!$A11) | B12: =IF(Cadastro!$A11="","",Cadastro!$B11) | C12: =IF(Cadastro!$A11="","",Cadastro!$C11) | D12: =IF($A12="","",IF(COUNTIFS('Avaliação Semanal'!$B$5:$B$504,$A12,'Avaliação Semanal'!$C$5:$C$504,"GP",'Avaliação Semanal'!$A$5:$A$504,">="&$B$3,'Avaliação Semanal'!$A$5:$A$504,"<="&$D$3,'Avaliação Semanal'!$J$5:$J$504,">0")=0,"",ROUND(AVERAGEIFS('Avaliação Semanal'!$J$5:$J$504,'Avaliação Semanal'!$B$5:$B$504,$A12,'Avaliação Semanal'!$C$5:$C$504,"GP",'Avaliação Semanal'!$A$5:$A$504,">="&$B$3,'Avaliação Semanal'!$A$5:$A$504,"<="&$D$3),2))) | E12: =IF($A12="","",IF(COUNTIFS('Avaliação Semanal'!$B$5:$B$504,$A12,'Avaliação Semanal'!$C$5:$C$504,"Líder Técnico",'Avaliação Semanal'!$A$5:$A$504,">="&$B$3,'Avaliação Semanal'!$A$5:$A$504,"<="&$D$3,'Avaliação Semanal'!$J$5:$J$504,">0")=0,"",ROUND(AVERAGEIFS('Avaliação Semanal'!$J$5:$J$504,'Avaliação Semanal'!$B$5:$B$504,$A12,'Avaliação Semanal'!$C$5:$C$504,"Líder Técnico",'Avaliação Semanal'!$A$5:$A$504,">="&$B$3,'Avaliação Semanal'!$A$5:$A$504,"<="&$D$3),2))) | F12: =IF($A12="","",IF(COUNTIFS('Avaliação Semanal'!$B$5:$B$504,$A12,'Avaliação Semanal'!$A$5:$A$504,">="&$B$3,'Avaliação Semanal'!$A$5:$A$504,"<="&$D$3,'Avaliação Semanal'!$E$5:$E$504,">0")=0,"",ROUND(AVERAGEIFS('Avaliação Semanal'!$E$5:$E$504,'Avaliação Semanal'!$B$5:$B$504,$A12,'Avaliação Semanal'!$A$5:$A$504,">="&$B$3,'Avaliação Semanal'!$A$5:$A$504,"<="&$D$3),2))) | G12: =IF($A12="","",IF(COUNTIFS('Avaliação Semanal'!$B$5:$B$504,$A12,'Avaliação Semanal'!$A$5:$A$504,">="&$B$3,'Avaliação Semanal'!$A$5:$A$504,"<="&$D$3,'Avaliação Semanal'!$F$5:$F$504,">0")=0,"",ROUND(AVERAGEIFS('Avaliação Semanal'!$F$5:$F$504,'Avaliação Semanal'!$B$5:$B$504,$A12,'Avaliação Semanal'!$A$5:$A$504,">="&$B$3,'Avaliação Semanal'!$A$5:$A$504,"<="&$D$3),2))) | H12: =IF($A12="","",IF(COUNTIFS('Avaliação Semanal'!$B$5:$B$504,$A12,'Avaliação Semanal'!$A$5:$A$504,">="&$B$3,'Avaliação Semanal'!$A$5:$A$504,"<="&$D$3,'Avaliação Semanal'!$G$5:$G$504,">0")=0,"",ROUND(AVERAGEIFS('Avaliação Semanal'!$G$5:$G$504,'Avaliação Semanal'!$B$5:$B$504,$A12,'Avaliação Semanal'!$A$5:$A$504,">="&$B$3,'Avaliação Semanal'!$A$5:$A$504,"<="&$D$3),2))) | I12: =IF($A12="","",IF(COUNTIFS('Avaliação Semanal'!$B$5:$B$504,$A12,'Avaliação Semanal'!$A$5:$A$504,">="&$B$3,'Avaliação Semanal'!$A$5:$A$504,"<="&$D$3,'Avaliação Semanal'!$H$5:$H$504,">0")=0,"",ROUND(AVERAGEIFS('Avaliação Semanal'!$H$5:$H$504,'Avaliação Semanal'!$B$5:$B$504,$A12,'Avaliação Semanal'!$A$5:$A$504,">="&$B$3,'Avaliação Semanal'!$A$5:$A$504,"<="&$D$3),2))) | J12: =IF($A12="","",IF(COUNTIFS('Avaliação Semanal'!$B$5:$B$504,$A12,'Avaliação Semanal'!$A$5:$A$504,">="&$B$3,'Avaliação Semanal'!$A$5:$A$504,"<="&$D$3,'Avaliação Semanal'!$I$5:$I$504,">0")=0,"",ROUND(AVERAGEIFS('Avaliação Semanal'!$I$5:$I$504,'Avaliação Semanal'!$B$5:$B$504,$A12,'Avaliação Semanal'!$A$5:$A$504,">="&$B$3,'Avaliação Semanal'!$A$5:$A$504,"<="&$D$3),2))) | K12: =IF(COUNT($F12:$J12)=0,"",ROUND(AVERAGE($F12:$J12),2)) | L12: =IF($K12="","",IF($K12>=Cadastro!$H$5,"Verde",IF($K12>=Cadastro!$H$6,"Atenção","Crítico"))) | M12: =IF($A12="","",COUNTIFS('Avaliação Semanal'!$B$5:$B$504,$A12,'Avaliação Semanal'!$A$5:$A$504,">="&$B$3,'Avaliação Semanal'!$A$5:$A$504,"<="&$D$3,'Avaliação Semanal'!$J$5:$J$504,">0")) | N12: =IF($M12=0,"",_xlfn.MAXIFS('Avaliação Semanal'!$A$5:$A$504,'Avaliação Semanal'!$B$5:$B$504,$A12,'Avaliação Semanal'!$A$5:$A$504,"<="&$D$3)) | O12: =IF($A12="","",COUNTIFS('Ocorrências'!$B$5:$B$204,$A12,'Ocorrências'!$A$5:$A$204,">="&$B$3,'Ocorrências'!$A$5:$A$204,"<="&$D$3)) | P12: =IF($A12="","",COUNTIFS('Ocorrências'!$B$5:$B$204,$A12,'Ocorrências'!$C$5:$C$204,"Ponto de atenção",'Ocorrências'!$A$5:$A$204,">="&$B$3,'Ocorrências'!$A$5:$A$204,"<="&$D$3)+COUNTIFS('Ocorrências'!$B$5:$B$204,$A12,'Ocorrências'!$C$5:$C$204,"Crítica",'Ocorrências'!$A$5:$A$204,">="&$B$3,'Ocorrências'!$A$5:$A$204,"<="&$D$3)) | Q12: =IF($A12="","",IF(COUNTIFS('Avaliação Semanal'!$B$5:$B$504,$A12,'Avaliação Semanal'!$C$5:$C$504,"GP",'Avaliação Semanal'!$A$5:$A$504,">="&$B$3,'Avaliação Semanal'!$A$5:$A$504,"<="&$D$3)=0,"",IFERROR(INDEX('Avaliação Semanal'!$L$5:$L$504,MATCH($A12&"|GP|"&TEXT(_xlfn.MAXIFS('Avaliação Semanal'!$A$5:$A$504,'Avaliação Semanal'!$B$5:$B$504,$A12,'Avaliação Semanal'!$C$5:$C$504,"GP",'Avaliação Semanal'!$A$5:$A$504,"<="&$D$3),"00000"),'Avaliação Semanal'!$M$5:$M$504,0)),""))) | R12: =IF($A12="","",IF(COUNTIFS('Avaliação Semanal'!$B$5:$B$504,$A12,'Avaliação Semanal'!$C$5:$C$504,"Líder Técnico",'Avaliação Semanal'!$A$5:$A$504,">="&$B$3,'Avaliação Semanal'!$A$5:$A$504,"<="&$D$3)=0,"",IFERROR(INDEX('Avaliação Semanal'!$L$5:$L$504,MATCH($A12&"|Líder Técnico|"&TEXT(_xlfn.MAXIFS('Avaliação Semanal'!$A$5:$A$504,'Avaliação Semanal'!$B$5:$B$504,$A12,'Avaliação Semanal'!$C$5:$C$504,"Líder Técnico",'Avaliação Semanal'!$A$5:$A$504,"<="&$D$3),"00000"),'Avaliação Semanal'!$M$5:$M$504,0)),"")))
A13: =IF(Cadastro!$A12="","",Cadastro!$A12) | B13: =IF(Cadastro!$A12="","",Cadastro!$B12) | C13: =IF(Cadastro!$A12="","",Cadastro!$C12) | D13: =IF($A13="","",IF(COUNTIFS('Avaliação Semanal'!$B$5:$B$504,$A13,'Avaliação Semanal'!$C$5:$C$504,"GP",'Avaliação Semanal'!$A$5:$A$504,">="&$B$3,'Avaliação Semanal'!$A$5:$A$504,"<="&$D$3,'Avaliação Semanal'!$J$5:$J$504,">0")=0,"",ROUND(AVERAGEIFS('Avaliação Semanal'!$J$5:$J$504,'Avaliação Semanal'!$B$5:$B$504,$A13,'Avaliação Semanal'!$C$5:$C$504,"GP",'Avaliação Semanal'!$A$5:$A$504,">="&$B$3,'Avaliação Semanal'!$A$5:$A$504,"<="&$D$3),2))) | E13: =IF($A13="","",IF(COUNTIFS('Avaliação Semanal'!$B$5:$B$504,$A13,'Avaliação Semanal'!$C$5:$C$504,"Líder Técnico",'Avaliação Semanal'!$A$5:$A$504,">="&$B$3,'Avaliação Semanal'!$A$5:$A$504,"<="&$D$3,'Avaliação Semanal'!$J$5:$J$504,">0")=0,"",ROUND(AVERAGEIFS('Avaliação Semanal'!$J$5:$J$504,'Avaliação Semanal'!$B$5:$B$504,$A13,'Avaliação Semanal'!$C$5:$C$504,"Líder Técnico",'Avaliação Semanal'!$A$5:$A$504,">="&$B$3,'Avaliação Semanal'!$A$5:$A$504,"<="&$D$3),2))) | F13: =IF($A13="","",IF(COUNTIFS('Avaliação Semanal'!$B$5:$B$504,$A13,'Avaliação Semanal'!$A$5:$A$504,">="&$B$3,'Avaliação Semanal'!$A$5:$A$504,"<="&$D$3,'Avaliação Semanal'!$E$5:$E$504,">0")=0,"",ROUND(AVERAGEIFS('Avaliação Semanal'!$E$5:$E$504,'Avaliação Semanal'!$B$5:$B$504,$A13,'Avaliação Semanal'!$A$5:$A$504,">="&$B$3,'Avaliação Semanal'!$A$5:$A$504,"<="&$D$3),2))) | G13: =IF($A13="","",IF(COUNTIFS('Avaliação Semanal'!$B$5:$B$504,$A13,'Avaliação Semanal'!$A$5:$A$504,">="&$B$3,'Avaliação Semanal'!$A$5:$A$504,"<="&$D$3,'Avaliação Semanal'!$F$5:$F$504,">0")=0,"",ROUND(AVERAGEIFS('Avaliação Semanal'!$F$5:$F$504,'Avaliação Semanal'!$B$5:$B$504,$A13,'Avaliação Semanal'!$A$5:$A$504,">="&$B$3,'Avaliação Semanal'!$A$5:$A$504,"<="&$D$3),2))) | H13: =IF($A13="","",IF(COUNTIFS('Avaliação Semanal'!$B$5:$B$504,$A13,'Avaliação Semanal'!$A$5:$A$504,">="&$B$3,'Avaliação Semanal'!$A$5:$A$504,"<="&$D$3,'Avaliação Semanal'!$G$5:$G$504,">0")=0,"",ROUND(AVERAGEIFS('Avaliação Semanal'!$G$5:$G$504,'Avaliação Semanal'!$B$5:$B$504,$A13,'Avaliação Semanal'!$A$5:$A$504,">="&$B$3,'Avaliação Semanal'!$A$5:$A$504,"<="&$D$3),2))) | I13: =IF($A13="","",IF(COUNTIFS('Avaliação Semanal'!$B$5:$B$504,$A13,'Avaliação Semanal'!$A$5:$A$504,">="&$B$3,'Avaliação Semanal'!$A$5:$A$504,"<="&$D$3,'Avaliação Semanal'!$H$5:$H$504,">0")=0,"",ROUND(AVERAGEIFS('Avaliação Semanal'!$H$5:$H$504,'Avaliação Semanal'!$B$5:$B$504,$A13,'Avaliação Semanal'!$A$5:$A$504,">="&$B$3,'Avaliação Semanal'!$A$5:$A$504,"<="&$D$3),2))) | J13: =IF($A13="","",IF(COUNTIFS('Avaliação Semanal'!$B$5:$B$504,$A13,'Avaliação Semanal'!$A$5:$A$504,">="&$B$3,'Avaliação Semanal'!$A$5:$A$504,"<="&$D$3,'Avaliação Semanal'!$I$5:$I$504,">0")=0,"",ROUND(AVERAGEIFS('Avaliação Semanal'!$I$5:$I$504,'Avaliação Semanal'!$B$5:$B$504,$A13,'Avaliação Semanal'!$A$5:$A$504,">="&$B$3,'Avaliação Semanal'!$A$5:$A$504,"<="&$D$3),2))) | K13: =IF(COUNT($F13:$J13)=0,"",ROUND(AVERAGE($F13:$J13),2)) | L13: =IF($K13="","",IF($K13>=Cadastro!$H$5,"Verde",IF($K13>=Cadastro!$H$6,"Atenção","Crítico"))) | M13: =IF($A13="","",COUNTIFS('Avaliação Semanal'!$B$5:$B$504,$A13,'Avaliação Semanal'!$A$5:$A$504,">="&$B$3,'Avaliação Semanal'!$A$5:$A$504,"<="&$D$3,'Avaliação Semanal'!$J$5:$J$504,">0")) | N13: =IF($M13=0,"",_xlfn.MAXIFS('Avaliação Semanal'!$A$5:$A$504,'Avaliação Semanal'!$B$5:$B$504,$A13,'Avaliação Semanal'!$A$5:$A$504,"<="&$D$3)) | O13: =IF($A13="","",COUNTIFS('Ocorrências'!$B$5:$B$204,$A13,'Ocorrências'!$A$5:$A$204,">="&$B$3,'Ocorrências'!$A$5:$A$204,"<="&$D$3)) | P13: =IF($A13="","",COUNTIFS('Ocorrências'!$B$5:$B$204,$A13,'Ocorrências'!$C$5:$C$204,"Ponto de atenção",'Ocorrências'!$A$5:$A$204,">="&$B$3,'Ocorrências'!$A$5:$A$204,"<="&$D$3)+COUNTIFS('Ocorrências'!$B$5:$B$204,$A13,'Ocorrências'!$C$5:$C$204,"Crítica",'Ocorrências'!$A$5:$A$204,">="&$B$3,'Ocorrências'!$A$5:$A$204,"<="&$D$3)) | Q13: =IF($A13="","",IF(COUNTIFS('Avaliação Semanal'!$B$5:$B$504,$A13,'Avaliação Semanal'!$C$5:$C$504,"GP",'Avaliação Semanal'!$A$5:$A$504,">="&$B$3,'Avaliação Semanal'!$A$5:$A$504,"<="&$D$3)=0,"",IFERROR(INDEX('Avaliação Semanal'!$L$5:$L$504,MATCH($A13&"|GP|"&TEXT(_xlfn.MAXIFS('Avaliação Semanal'!$A$5:$A$504,'Avaliação Semanal'!$B$5:$B$504,$A13,'Avaliação Semanal'!$C$5:$C$504,"GP",'Avaliação Semanal'!$A$5:$A$504,"<="&$D$3),"00000"),'Avaliação Semanal'!$M$5:$M$504,0)),""))) | R13: =IF($A13="","",IF(COUNTIFS('Avaliação Semanal'!$B$5:$B$504,$A13,'Avaliação Semanal'!$C$5:$C$504,"Líder Técnico",'Avaliação Semanal'!$A$5:$A$504,">="&$B$3,'Avaliação Semanal'!$A$5:$A$504,"<="&$D$3)=0,"",IFERROR(INDEX('Avaliação Semanal'!$L$5:$L$504,MATCH($A13&"|Líder Técnico|"&TEXT(_xlfn.MAXIFS('Avaliação Semanal'!$A$5:$A$504,'Avaliação Semanal'!$B$5:$B$504,$A13,'Avaliação Semanal'!$C$5:$C$504,"Líder Técnico",'Avaliação Semanal'!$A$5:$A$504,"<="&$D$3),"00000"),'Avaliação Semanal'!$M$5:$M$504,0)),"")))
A14: =IF(Cadastro!$A13="","",Cadastro!$A13) | B14: =IF(Cadastro!$A13="","",Cadastro!$B13) | C14: =IF(Cadastro!$A13="","",Cadastro!$C13) | D14: =IF($A14="","",IF(COUNTIFS('Avaliação Semanal'!$B$5:$B$504,$A14,'Avaliação Semanal'!$C$5:$C$504,"GP",'Avaliação Semanal'!$A$5:$A$504,">="&$B$3,'Avaliação Semanal'!$A$5:$A$504,"<="&$D$3,'Avaliação Semanal'!$J$5:$J$504,">0")=0,"",ROUND(AVERAGEIFS('Avaliação Semanal'!$J$5:$J$504,'Avaliação Semanal'!$B$5:$B$504,$A14,'Avaliação Semanal'!$C$5:$C$504,"GP",'Avaliação Semanal'!$A$5:$A$504,">="&$B$3,'Avaliação Semanal'!$A$5:$A$504,"<="&$D$3),2))) | E14: =IF($A14="","",IF(COUNTIFS('Avaliação Semanal'!$B$5:$B$504,$A14,'Avaliação Semanal'!$C$5:$C$504,"Líder Técnico",'Avaliação Semanal'!$A$5:$A$504,">="&$B$3,'Avaliação Semanal'!$A$5:$A$504,"<="&$D$3,'Avaliação Semanal'!$J$5:$J$504,">0")=0,"",ROUND(AVERAGEIFS('Avaliação Semanal'!$J$5:$J$504,'Avaliação Semanal'!$B$5:$B$504,$A14,'Avaliação Semanal'!$C$5:$C$504,"Líder Técnico",'Avaliação Semanal'!$A$5:$A$504,">="&$B$3,'Avaliação Semanal'!$A$5:$A$504,"<="&$D$3),2))) | F14: =IF($A14="","",IF(COUNTIFS('Avaliação Semanal'!$B$5:$B$504,$A14,'Avaliação Semanal'!$A$5:$A$504,">="&$B$3,'Avaliação Semanal'!$A$5:$A$504,"<="&$D$3,'Avaliação Semanal'!$E$5:$E$504,">0")=0,"",ROUND(AVERAGEIFS('Avaliação Semanal'!$E$5:$E$504,'Avaliação Semanal'!$B$5:$B$504,$A14,'Avaliação Semanal'!$A$5:$A$504,">="&$B$3,'Avaliação Semanal'!$A$5:$A$504,"<="&$D$3),2))) | G14: =IF($A14="","",IF(COUNTIFS('Avaliação Semanal'!$B$5:$B$504,$A14,'Avaliação Semanal'!$A$5:$A$504,">="&$B$3,'Avaliação Semanal'!$A$5:$A$504,"<="&$D$3,'Avaliação Semanal'!$F$5:$F$504,">0")=0,"",ROUND(AVERAGEIFS('Avaliação Semanal'!$F$5:$F$504,'Avaliação Semanal'!$B$5:$B$504,$A14,'Avaliação Semanal'!$A$5:$A$504,">="&$B$3,'Avaliação Semanal'!$A$5:$A$504,"<="&$D$3),2))) | H14: =IF($A14="","",IF(COUNTIFS('Avaliação Semanal'!$B$5:$B$504,$A14,'Avaliação Semanal'!$A$5:$A$504,">="&$B$3,'Avaliação Semanal'!$A$5:$A$504,"<="&$D$3,'Avaliação Semanal'!$G$5:$G$504,">0")=0,"",ROUND(AVERAGEIFS('Avaliação Semanal'!$G$5:$G$504,'Avaliação Semanal'!$B$5:$B$504,$A14,'Avaliação Semanal'!$A$5:$A$504,">="&$B$3,'Avaliação Semanal'!$A$5:$A$504,"<="&$D$3),2))) | I14: =IF($A14="","",IF(COUNTIFS('Avaliação Semanal'!$B$5:$B$504,$A14,'Avaliação Semanal'!$A$5:$A$504,">="&$B$3,'Avaliação Semanal'!$A$5:$A$504,"<="&$D$3,'Avaliação Semanal'!$H$5:$H$504,">0")=0,"",ROUND(AVERAGEIFS('Avaliação Semanal'!$H$5:$H$504,'Avaliação Semanal'!$B$5:$B$504,$A14,'Avaliação Semanal'!$A$5:$A$504,">="&$B$3,'Avaliação Semanal'!$A$5:$A$504,"<="&$D$3),2))) | J14: =IF($A14="","",IF(COUNTIFS('Avaliação Semanal'!$B$5:$B$504,$A14,'Avaliação Semanal'!$A$5:$A$504,">="&$B$3,'Avaliação Semanal'!$A$5:$A$504,"<="&$D$3,'Avaliação Semanal'!$I$5:$I$504,">0")=0,"",ROUND(AVERAGEIFS('Avaliação Semanal'!$I$5:$I$504,'Avaliação Semanal'!$B$5:$B$504,$A14,'Avaliação Semanal'!$A$5:$A$504,">="&$B$3,'Avaliação Semanal'!$A$5:$A$504,"<="&$D$3),2))) | K14: =IF(COUNT($F14:$J14)=0,"",ROUND(AVERAGE($F14:$J14),2)) | L14: =IF($K14="","",IF($K14>=Cadastro!$H$5,"Verde",IF($K14>=Cadastro!$H$6,"Atenção","Crítico"))) | M14: =IF($A14="","",COUNTIFS('Avaliação Semanal'!$B$5:$B$504,$A14,'Avaliação Semanal'!$A$5:$A$504,">="&$B$3,'Avaliação Semanal'!$A$5:$A$504,"<="&$D$3,'Avaliação Semanal'!$J$5:$J$504,">0")) | N14: =IF($M14=0,"",_xlfn.MAXIFS('Avaliação Semanal'!$A$5:$A$504,'Avaliação Semanal'!$B$5:$B$504,$A14,'Avaliação Semanal'!$A$5:$A$504,"<="&$D$3)) | O14: =IF($A14="","",COUNTIFS('Ocorrências'!$B$5:$B$204,$A14,'Ocorrências'!$A$5:$A$204,">="&$B$3,'Ocorrências'!$A$5:$A$204,"<="&$D$3)) | P14: =IF($A14="","",COUNTIFS('Ocorrências'!$B$5:$B$204,$A14,'Ocorrências'!$C$5:$C$204,"Ponto de atenção",'Ocorrências'!$A$5:$A$204,">="&$B$3,'Ocorrências'!$A$5:$A$204,"<="&$D$3)+COUNTIFS('Ocorrências'!$B$5:$B$204,$A14,'Ocorrências'!$C$5:$C$204,"Crítica",'Ocorrências'!$A$5:$A$204,">="&$B$3,'Ocorrências'!$A$5:$A$204,"<="&$D$3)) | Q14: =IF($A14="","",IF(COUNTIFS('Avaliação Semanal'!$B$5:$B$504,$A14,'Avaliação Semanal'!$C$5:$C$504,"GP",'Avaliação Semanal'!$A$5:$A$504,">="&$B$3,'Avaliação Semanal'!$A$5:$A$504,"<="&$D$3)=0,"",IFERROR(INDEX('Avaliação Semanal'!$L$5:$L$504,MATCH($A14&"|GP|"&TEXT(_xlfn.MAXIFS('Avaliação Semanal'!$A$5:$A$504,'Avaliação Semanal'!$B$5:$B$504,$A14,'Avaliação Semanal'!$C$5:$C$504,"GP",'Avaliação Semanal'!$A$5:$A$504,"<="&$D$3),"00000"),'Avaliação Semanal'!$M$5:$M$504,0)),""))) | R14: =IF($A14="","",IF(COUNTIFS('Avaliação Semanal'!$B$5:$B$504,$A14,'Avaliação Semanal'!$C$5:$C$504,"Líder Técnico",'Avaliação Semanal'!$A$5:$A$504,">="&$B$3,'Avaliação Semanal'!$A$5:$A$504,"<="&$D$3)=0,"",IFERROR(INDEX('Avaliação Semanal'!$L$5:$L$504,MATCH($A14&"|Líder Técnico|"&TEXT(_xlfn.MAXIFS('Avaliação Semanal'!$A$5:$A$504,'Avaliação Semanal'!$B$5:$B$504,$A14,'Avaliação Semanal'!$C$5:$C$504,"Líder Técnico",'Avaliação Semanal'!$A$5:$A$504,"<="&$D$3),"00000"),'Avaliação Semanal'!$M$5:$M$504,0)),"")))
A15: =IF(Cadastro!$A14="","",Cadastro!$A14) | B15: =IF(Cadastro!$A14="","",Cadastro!$B14) | C15: =IF(Cadastro!$A14="","",Cadastro!$C14) | D15: =IF($A15="","",IF(COUNTIFS('Avaliação Semanal'!$B$5:$B$504,$A15,'Avaliação Semanal'!$C$5:$C$504,"GP",'Avaliação Semanal'!$A$5:$A$504,">="&$B$3,'Avaliação Semanal'!$A$5:$A$504,"<="&$D$3,'Avaliação Semanal'!$J$5:$J$504,">0")=0,"",ROUND(AVERAGEIFS('Avaliação Semanal'!$J$5:$J$504,'Avaliação Semanal'!$B$5:$B$504,$A15,'Avaliação Semanal'!$C$5:$C$504,"GP",'Avaliação Semanal'!$A$5:$A$504,">="&$B$3,'Avaliação Semanal'!$A$5:$A$504,"<="&$D$3),2))) | E15: =IF($A15="","",IF(COUNTIFS('Avaliação Semanal'!$B$5:$B$504,$A15,'Avaliação Semanal'!$C$5:$C$504,"Líder Técnico",'Avaliação Semanal'!$A$5:$A$504,">="&$B$3,'Avaliação Semanal'!$A$5:$A$504,"<="&$D$3,'Avaliação Semanal'!$J$5:$J$504,">0")=0,"",ROUND(AVERAGEIFS('Avaliação Semanal'!$J$5:$J$504,'Avaliação Semanal'!$B$5:$B$504,$A15,'Avaliação Semanal'!$C$5:$C$504,"Líder Técnico",'Avaliação Semanal'!$A$5:$A$504,">="&$B$3,'Avaliação Semanal'!$A$5:$A$504,"<="&$D$3),2))) | F15: =IF($A15="","",IF(COUNTIFS('Avaliação Semanal'!$B$5:$B$504,$A15,'Avaliação Semanal'!$A$5:$A$504,">="&$B$3,'Avaliação Semanal'!$A$5:$A$504,"<="&$D$3,'Avaliação Semanal'!$E$5:$E$504,">0")=0,"",ROUND(AVERAGEIFS('Avaliação Semanal'!$E$5:$E$504,'Avaliação Semanal'!$B$5:$B$504,$A15,'Avaliação Semanal'!$A$5:$A$504,">="&$B$3,'Avaliação Semanal'!$A$5:$A$504,"<="&$D$3),2))) | G15: =IF($A15="","",IF(COUNTIFS('Avaliação Semanal'!$B$5:$B$504,$A15,'Avaliação Semanal'!$A$5:$A$504,">="&$B$3,'Avaliação Semanal'!$A$5:$A$504,"<="&$D$3,'Avaliação Semanal'!$F$5:$F$504,">0")=0,"",ROUND(AVERAGEIFS('Avaliação Semanal'!$F$5:$F$504,'Avaliação Semanal'!$B$5:$B$504,$A15,'Avaliação Semanal'!$A$5:$A$504,">="&$B$3,'Avaliação Semanal'!$A$5:$A$504,"<="&$D$3),2))) | H15: =IF($A15="","",IF(COUNTIFS('Avaliação Semanal'!$B$5:$B$504,$A15,'Avaliação Semanal'!$A$5:$A$504,">="&$B$3,'Avaliação Semanal'!$A$5:$A$504,"<="&$D$3,'Avaliação Semanal'!$G$5:$G$504,">0")=0,"",ROUND(AVERAGEIFS('Avaliação Semanal'!$G$5:$G$504,'Avaliação Semanal'!$B$5:$B$504,$A15,'Avaliação Semanal'!$A$5:$A$504,">="&$B$3,'Avaliação Semanal'!$A$5:$A$504,"<="&$D$3),2))) | I15: =IF($A15="","",IF(COUNTIFS('Avaliação Semanal'!$B$5:$B$504,$A15,'Avaliação Semanal'!$A$5:$A$504,">="&$B$3,'Avaliação Semanal'!$A$5:$A$504,"<="&$D$3,'Avaliação Semanal'!$H$5:$H$504,">0")=0,"",ROUND(AVERAGEIFS('Avaliação Semanal'!$H$5:$H$504,'Avaliação Semanal'!$B$5:$B$504,$A15,'Avaliação Semanal'!$A$5:$A$504,">="&$B$3,'Avaliação Semanal'!$A$5:$A$504,"<="&$D$3),2))) | J15: =IF($A15="","",IF(COUNTIFS('Avaliação Semanal'!$B$5:$B$504,$A15,'Avaliação Semanal'!$A$5:$A$504,">="&$B$3,'Avaliação Semanal'!$A$5:$A$504,"<="&$D$3,'Avaliação Semanal'!$I$5:$I$504,">0")=0,"",ROUND(AVERAGEIFS('Avaliação Semanal'!$I$5:$I$504,'Avaliação Semanal'!$B$5:$B$504,$A15,'Avaliação Semanal'!$A$5:$A$504,">="&$B$3,'Avaliação Semanal'!$A$5:$A$504,"<="&$D$3),2))) | K15: =IF(COUNT($F15:$J15)=0,"",ROUND(AVERAGE($F15:$J15),2)) | L15: =IF($K15="","",IF($K15>=Cadastro!$H$5,"Verde",IF($K15>=Cadastro!$H$6,"Atenção","Crítico"))) | M15: =IF($A15="","",COUNTIFS('Avaliação Semanal'!$B$5:$B$504,$A15,'Avaliação Semanal'!$A$5:$A$504,">="&$B$3,'Avaliação Semanal'!$A$5:$A$504,"<="&$D$3,'Avaliação Semanal'!$J$5:$J$504,">0")) | N15: =IF($M15=0,"",_xlfn.MAXIFS('Avaliação Semanal'!$A$5:$A$504,'Avaliação Semanal'!$B$5:$B$504,$A15,'Avaliação Semanal'!$A$5:$A$504,"<="&$D$3)) | O15: =IF($A15="","",COUNTIFS('Ocorrências'!$B$5:$B$204,$A15,'Ocorrências'!$A$5:$A$204,">="&$B$3,'Ocorrências'!$A$5:$A$204,"<="&$D$3)) | P15: =IF($A15="","",COUNTIFS('Ocorrências'!$B$5:$B$204,$A15,'Ocorrências'!$C$5:$C$204,"Ponto de atenção",'Ocorrências'!$A$5:$A$204,">="&$B$3,'Ocorrências'!$A$5:$A$204,"<="&$D$3)+COUNTIFS('Ocorrências'!$B$5:$B$204,$A15,'Ocorrências'!$C$5:$C$204,"Crítica",'Ocorrências'!$A$5:$A$204,">="&$B$3,'Ocorrências'!$A$5:$A$204,"<="&$D$3)) | Q15: =IF($A15="","",IF(COUNTIFS('Avaliação Semanal'!$B$5:$B$504,$A15,'Avaliação Semanal'!$C$5:$C$504,"GP",'Avaliação Semanal'!$A$5:$A$504,">="&$B$3,'Avaliação Semanal'!$A$5:$A$504,"<="&$D$3)=0,"",IFERROR(INDEX('Avaliação Semanal'!$L$5:$L$504,MATCH($A15&"|GP|"&TEXT(_xlfn.MAXIFS('Avaliação Semanal'!$A$5:$A$504,'Avaliação Semanal'!$B$5:$B$504,$A15,'Avaliação Semanal'!$C$5:$C$504,"GP",'Avaliação Semanal'!$A$5:$A$504,"<="&$D$3),"00000"),'Avaliação Semanal'!$M$5:$M$504,0)),""))) | R15: =IF($A15="","",IF(COUNTIFS('Avaliação Semanal'!$B$5:$B$504,$A15,'Avaliação Semanal'!$C$5:$C$504,"Líder Técnico",'Avaliação Semanal'!$A$5:$A$504,">="&$B$3,'Avaliação Semanal'!$A$5:$A$504,"<="&$D$3)=0,"",IFERROR(INDEX('Avaliação Semanal'!$L$5:$L$504,MATCH($A15&"|Líder Técnico|"&TEXT(_xlfn.MAXIFS('Avaliação Semanal'!$A$5:$A$504,'Avaliação Semanal'!$B$5:$B$504,$A15,'Avaliação Semanal'!$C$5:$C$504,"Líder Técnico",'Avaliação Semanal'!$A$5:$A$504,"<="&$D$3),"00000"),'Avaliação Semanal'!$M$5:$M$504,0)),"")))
A16: =IF(Cadastro!$A15="","",Cadastro!$A15) | B16: =IF(Cadastro!$A15="","",Cadastro!$B15) | C16: =IF(Cadastro!$A15="","",Cadastro!$C15) | D16: =IF($A16="","",IF(COUNTIFS('Avaliação Semanal'!$B$5:$B$504,$A16,'Avaliação Semanal'!$C$5:$C$504,"GP",'Avaliação Semanal'!$A$5:$A$504,">="&$B$3,'Avaliação Semanal'!$A$5:$A$504,"<="&$D$3,'Avaliação Semanal'!$J$5:$J$504,">0")=0,"",ROUND(AVERAGEIFS('Avaliação Semanal'!$J$5:$J$504,'Avaliação Semanal'!$B$5:$B$504,$A16,'Avaliação Semanal'!$C$5:$C$504,"GP",'Avaliação Semanal'!$A$5:$A$504,">="&$B$3,'Avaliação Semanal'!$A$5:$A$504,"<="&$D$3),2))) | E16: =IF($A16="","",IF(COUNTIFS('Avaliação Semanal'!$B$5:$B$504,$A16,'Avaliação Semanal'!$C$5:$C$504,"Líder Técnico",'Avaliação Semanal'!$A$5:$A$504,">="&$B$3,'Avaliação Semanal'!$A$5:$A$504,"<="&$D$3,'Avaliação Semanal'!$J$5:$J$504,">0")=0,"",ROUND(AVERAGEIFS('Avaliação Semanal'!$J$5:$J$504,'Avaliação Semanal'!$B$5:$B$504,$A16,'Avaliação Semanal'!$C$5:$C$504,"Líder Técnico",'Avaliação Semanal'!$A$5:$A$504,">="&$B$3,'Avaliação Semanal'!$A$5:$A$504,"<="&$D$3),2))) | F16: =IF($A16="","",IF(COUNTIFS('Avaliação Semanal'!$B$5:$B$504,$A16,'Avaliação Semanal'!$A$5:$A$504,">="&$B$3,'Avaliação Semanal'!$A$5:$A$504,"<="&$D$3,'Avaliação Semanal'!$E$5:$E$504,">0")=0,"",ROUND(AVERAGEIFS('Avaliação Semanal'!$E$5:$E$504,'Avaliação Semanal'!$B$5:$B$504,$A16,'Avaliação Semanal'!$A$5:$A$504,">="&$B$3,'Avaliação Semanal'!$A$5:$A$504,"<="&$D$3),2))) | G16: =IF($A16="","",IF(COUNTIFS('Avaliação Semanal'!$B$5:$B$504,$A16,'Avaliação Semanal'!$A$5:$A$504,">="&$B$3,'Avaliação Semanal'!$A$5:$A$504,"<="&$D$3,'Avaliação Semanal'!$F$5:$F$504,">0")=0,"",ROUND(AVERAGEIFS('Avaliação Semanal'!$F$5:$F$504,'Avaliação Semanal'!$B$5:$B$504,$A16,'Avaliação Semanal'!$A$5:$A$504,">="&$B$3,'Avaliação Semanal'!$A$5:$A$504,"<="&$D$3),2))) | H16: =IF($A16="","",IF(COUNTIFS('Avaliação Semanal'!$B$5:$B$504,$A16,'Avaliação Semanal'!$A$5:$A$504,">="&$B$3,'Avaliação Semanal'!$A$5:$A$504,"<="&$D$3,'Avaliação Semanal'!$G$5:$G$504,">0")=0,"",ROUND(AVERAGEIFS('Avaliação Semanal'!$G$5:$G$504,'Avaliação Semanal'!$B$5:$B$504,$A16,'Avaliação Semanal'!$A$5:$A$504,">="&$B$3,'Avaliação Semanal'!$A$5:$A$504,"<="&$D$3),2))) | I16: =IF($A16="","",IF(COUNTIFS('Avaliação Semanal'!$B$5:$B$504,$A16,'Avaliação Semanal'!$A$5:$A$504,">="&$B$3,'Avaliação Semanal'!$A$5:$A$504,"<="&$D$3,'Avaliação Semanal'!$H$5:$H$504,">0")=0,"",ROUND(AVERAGEIFS('Avaliação Semanal'!$H$5:$H$504,'Avaliação Semanal'!$B$5:$B$504,$A16,'Avaliação Semanal'!$A$5:$A$504,">="&$B$3,'Avaliação Semanal'!$A$5:$A$504,"<="&$D$3),2))) | J16: =IF($A16="","",IF(COUNTIFS('Avaliação Semanal'!$B$5:$B$504,$A16,'Avaliação Semanal'!$A$5:$A$504,">="&$B$3,'Avaliação Semanal'!$A$5:$A$504,"<="&$D$3,'Avaliação Semanal'!$I$5:$I$504,">0")=0,"",ROUND(AVERAGEIFS('Avaliação Semanal'!$I$5:$I$504,'Avaliação Semanal'!$B$5:$B$504,$A16,'Avaliação Semanal'!$A$5:$A$504,">="&$B$3,'Avaliação Semanal'!$A$5:$A$504,"<="&$D$3),2))) | K16: =IF(COUNT($F16:$J16)=0,"",ROUND(AVERAGE($F16:$J16),2)) | L16: =IF($K16="","",IF($K16>=Cadastro!$H$5,"Verde",IF($K16>=Cadastro!$H$6,"Atenção","Crítico"))) | M16: =IF($A16="","",COUNTIFS('Avaliação Semanal'!$B$5:$B$504,$A16,'Avaliação Semanal'!$A$5:$A$504,">="&$B$3,'Avaliação Semanal'!$A$5:$A$504,"<="&$D$3,'Avaliação Semanal'!$J$5:$J$504,">0")) | N16: =IF($M16=0,"",_xlfn.MAXIFS('Avaliação Semanal'!$A$5:$A$504,'Avaliação Semanal'!$B$5:$B$504,$A16,'Avaliação Semanal'!$A$5:$A$504,"<="&$D$3)) | O16: =IF($A16="","",COUNTIFS('Ocorrências'!$B$5:$B$204,$A16,'Ocorrências'!$A$5:$A$204,">="&$B$3,'Ocorrências'!$A$5:$A$204,"<="&$D$3)) | P16: =IF($A16="","",COUNTIFS('Ocorrências'!$B$5:$B$204,$A16,'Ocorrências'!$C$5:$C$204,"Ponto de atenção",'Ocorrências'!$A$5:$A$204,">="&$B$3,'Ocorrências'!$A$5:$A$204,"<="&$D$3)+COUNTIFS('Ocorrências'!$B$5:$B$204,$A16,'Ocorrências'!$C$5:$C$204,"Crítica",'Ocorrências'!$A$5:$A$204,">="&$B$3,'Ocorrências'!$A$5:$A$204,"<="&$D$3)) | Q16: =IF($A16="","",IF(COUNTIFS('Avaliação Semanal'!$B$5:$B$504,$A16,'Avaliação Semanal'!$C$5:$C$504,"GP",'Avaliação Semanal'!$A$5:$A$504,">="&$B$3,'Avaliação Semanal'!$A$5:$A$504,"<="&$D$3)=0,"",IFERROR(INDEX('Avaliação Semanal'!$L$5:$L$504,MATCH($A16&"|GP|"&TEXT(_xlfn.MAXIFS('Avaliação Semanal'!$A$5:$A$504,'Avaliação Semanal'!$B$5:$B$504,$A16,'Avaliação Semanal'!$C$5:$C$504,"GP",'Avaliação Semanal'!$A$5:$A$504,"<="&$D$3),"00000"),'Avaliação Semanal'!$M$5:$M$504,0)),""))) | R16: =IF($A16="","",IF(COUNTIFS('Avaliação Semanal'!$B$5:$B$504,$A16,'Avaliação Semanal'!$C$5:$C$504,"Líder Técnico",'Avaliação Semanal'!$A$5:$A$504,">="&$B$3,'Avaliação Semanal'!$A$5:$A$504,"<="&$D$3)=0,"",IFERROR(INDEX('Avaliação Semanal'!$L$5:$L$504,MATCH($A16&"|Líder Técnico|"&TEXT(_xlfn.MAXIFS('Avaliação Semanal'!$A$5:$A$504,'Avaliação Semanal'!$B$5:$B$504,$A16,'Avaliação Semanal'!$C$5:$C$504,"Líder Técnico",'Avaliação Semanal'!$A$5:$A$504,"<="&$D$3),"00000"),'Avaliação Semanal'!$M$5:$M$504,0)),"")))
A17: =IF(Cadastro!$A16="","",Cadastro!$A16) | B17: =IF(Cadastro!$A16="","",Cadastro!$B16) | C17: =IF(Cadastro!$A16="","",Cadastro!$C16) | D17: =IF($A17="","",IF(COUNTIFS('Avaliação Semanal'!$B$5:$B$504,$A17,'Avaliação Semanal'!$C$5:$C$504,"GP",'Avaliação Semanal'!$A$5:$A$504,">="&$B$3,'Avaliação Semanal'!$A$5:$A$504,"<="&$D$3,'Avaliação Semanal'!$J$5:$J$504,">0")=0,"",ROUND(AVERAGEIFS('Avaliação Semanal'!$J$5:$J$504,'Avaliação Semanal'!$B$5:$B$504,$A17,'Avaliação Semanal'!$C$5:$C$504,"GP",'Avaliação Semanal'!$A$5:$A$504,">="&$B$3,'Avaliação Semanal'!$A$5:$A$504,"<="&$D$3),2))) | E17: =IF($A17="","",IF(COUNTIFS('Avaliação Semanal'!$B$5:$B$504,$A17,'Avaliação Semanal'!$C$5:$C$504,"Líder Técnico",'Avaliação Semanal'!$A$5:$A$504,">="&$B$3,'Avaliação Semanal'!$A$5:$A$504,"<="&$D$3,'Avaliação Semanal'!$J$5:$J$504,">0")=0,"",ROUND(AVERAGEIFS('Avaliação Semanal'!$J$5:$J$504,'Avaliação Semanal'!$B$5:$B$504,$A17,'Avaliação Semanal'!$C$5:$C$504,"Líder Técnico",'Avaliação Semanal'!$A$5:$A$504,">="&$B$3,'Avaliação Semanal'!$A$5:$A$504,"<="&$D$3),2))) | F17: =IF($A17="","",IF(COUNTIFS('Avaliação Semanal'!$B$5:$B$504,$A17,'Avaliação Semanal'!$A$5:$A$504,">="&$B$3,'Avaliação Semanal'!$A$5:$A$504,"<="&$D$3,'Avaliação Semanal'!$E$5:$E$504,">0")=0,"",ROUND(AVERAGEIFS('Avaliação Semanal'!$E$5:$E$504,'Avaliação Semanal'!$B$5:$B$504,$A17,'Avaliação Semanal'!$A$5:$A$504,">="&$B$3,'Avaliação Semanal'!$A$5:$A$504,"<="&$D$3),2))) | G17: =IF($A17="","",IF(COUNTIFS('Avaliação Semanal'!$B$5:$B$504,$A17,'Avaliação Semanal'!$A$5:$A$504,">="&$B$3,'Avaliação Semanal'!$A$5:$A$504,"<="&$D$3,'Avaliação Semanal'!$F$5:$F$504,">0")=0,"",ROUND(AVERAGEIFS('Avaliação Semanal'!$F$5:$F$504,'Avaliação Semanal'!$B$5:$B$504,$A17,'Avaliação Semanal'!$A$5:$A$504,">="&$B$3,'Avaliação Semanal'!$A$5:$A$504,"<="&$D$3),2))) | H17: =IF($A17="","",IF(COUNTIFS('Avaliação Semanal'!$B$5:$B$504,$A17,'Avaliação Semanal'!$A$5:$A$504,">="&$B$3,'Avaliação Semanal'!$A$5:$A$504,"<="&$D$3,'Avaliação Semanal'!$G$5:$G$504,">0")=0,"",ROUND(AVERAGEIFS('Avaliação Semanal'!$G$5:$G$504,'Avaliação Semanal'!$B$5:$B$504,$A17,'Avaliação Semanal'!$A$5:$A$504,">="&$B$3,'Avaliação Semanal'!$A$5:$A$504,"<="&$D$3),2))) | I17: =IF($A17="","",IF(COUNTIFS('Avaliação Semanal'!$B$5:$B$504,$A17,'Avaliação Semanal'!$A$5:$A$504,">="&$B$3,'Avaliação Semanal'!$A$5:$A$504,"<="&$D$3,'Avaliação Semanal'!$H$5:$H$504,">0")=0,"",ROUND(AVERAGEIFS('Avaliação Semanal'!$H$5:$H$504,'Avaliação Semanal'!$B$5:$B$504,$A17,'Avaliação Semanal'!$A$5:$A$504,">="&$B$3,'Avaliação Semanal'!$A$5:$A$504,"<="&$D$3),2))) | J17: =IF($A17="","",IF(COUNTIFS('Avaliação Semanal'!$B$5:$B$504,$A17,'Avaliação Semanal'!$A$5:$A$504,">="&$B$3,'Avaliação Semanal'!$A$5:$A$504,"<="&$D$3,'Avaliação Semanal'!$I$5:$I$504,">0")=0,"",ROUND(AVERAGEIFS('Avaliação Semanal'!$I$5:$I$504,'Avaliação Semanal'!$B$5:$B$504,$A17,'Avaliação Semanal'!$A$5:$A$504,">="&$B$3,'Avaliação Semanal'!$A$5:$A$504,"<="&$D$3),2))) | K17: =IF(COUNT($F17:$J17)=0,"",ROUND(AVERAGE($F17:$J17),2)) | L17: =IF($K17="","",IF($K17>=Cadastro!$H$5,"Verde",IF($K17>=Cadastro!$H$6,"Atenção","Crítico"))) | M17: =IF($A17="","",COUNTIFS('Avaliação Semanal'!$B$5:$B$504,$A17,'Avaliação Semanal'!$A$5:$A$504,">="&$B$3,'Avaliação Semanal'!$A$5:$A$504,"<="&$D$3,'Avaliação Semanal'!$J$5:$J$504,">0")) | N17: =IF($M17=0,"",_xlfn.MAXIFS('Avaliação Semanal'!$A$5:$A$504,'Avaliação Semanal'!$B$5:$B$504,$A17,'Avaliação Semanal'!$A$5:$A$504,"<="&$D$3)) | O17: =IF($A17="","",COUNTIFS('Ocorrências'!$B$5:$B$204,$A17,'Ocorrências'!$A$5:$A$204,">="&$B$3,'Ocorrências'!$A$5:$A$204,"<="&$D$3)) | P17: =IF($A17="","",COUNTIFS('Ocorrências'!$B$5:$B$204,$A17,'Ocorrências'!$C$5:$C$204,"Ponto de atenção",'Ocorrências'!$A$5:$A$204,">="&$B$3,'Ocorrências'!$A$5:$A$204,"<="&$D$3)+COUNTIFS('Ocorrências'!$B$5:$B$204,$A17,'Ocorrências'!$C$5:$C$204,"Crítica",'Ocorrências'!$A$5:$A$204,">="&$B$3,'Ocorrências'!$A$5:$A$204,"<="&$D$3)) | Q17: =IF($A17="","",IF(COUNTIFS('Avaliação Semanal'!$B$5:$B$504,$A17,'Avaliação Semanal'!$C$5:$C$504,"GP",'Avaliação Semanal'!$A$5:$A$504,">="&$B$3,'Avaliação Semanal'!$A$5:$A$504,"<="&$D$3)=0,"",IFERROR(INDEX('Avaliação Semanal'!$L$5:$L$504,MATCH($A17&"|GP|"&TEXT(_xlfn.MAXIFS('Avaliação Semanal'!$A$5:$A$504,'Avaliação Semanal'!$B$5:$B$504,$A17,'Avaliação Semanal'!$C$5:$C$504,"GP",'Avaliação Semanal'!$A$5:$A$504,"<="&$D$3),"00000"),'Avaliação Semanal'!$M$5:$M$504,0)),""))) | R17: =IF($A17="","",IF(COUNTIFS('Avaliação Semanal'!$B$5:$B$504,$A17,'Avaliação Semanal'!$C$5:$C$504,"Líder Técnico",'Avaliação Semanal'!$A$5:$A$504,">="&$B$3,'Avaliação Semanal'!$A$5:$A$504,"<="&$D$3)=0,"",IFERROR(INDEX('Avaliação Semanal'!$L$5:$L$504,MATCH($A17&"|Líder Técnico|"&TEXT(_xlfn.MAXIFS('Avaliação Semanal'!$A$5:$A$504,'Avaliação Semanal'!$B$5:$B$504,$A17,'Avaliação Semanal'!$C$5:$C$504,"Líder Técnico",'Avaliação Semanal'!$A$5:$A$504,"<="&$D$3),"00000"),'Avaliação Semanal'!$M$5:$M$504,0)),"")))
... A53: =IF(Cadastro!$A52="","",Cadastro!$A52) | B53: =IF(Cadastro!$A52="","",Cadastro!$B52) | C53: =IF(Cadastro!$A52="","",Cadastro!$C52) | D53: =IF($A53="","",IF(COUNTIFS('Avaliação Semanal'!$B$5:$B$504,$A53,'Avaliação Semanal'!$C$5:$C$504,"GP",'Avaliação Semanal'!$A$5:$A$504,">="&$B$3,'Avaliação Semanal'!$A$5:$A$504,"<="&$D$3,'Avaliação Semanal'!$J$5:$J$504,">0")=0,"",ROUND(AVERAGEIFS('Avaliação Semanal'!$J$5:$J$504,'Avaliação Semanal'!$B$5:$B$504,$A53,'Avaliação Semanal'!$C$5:$C$504,"GP",'Avaliação Semanal'!$A$5:$A$504,">="&$B$3,'Avaliação Semanal'!$A$5:$A$504,"<="&$D$3),2))) | E53: =IF($A53="","",IF(COUNTIFS('Avaliação Semanal'!$B$5:$B$504,$A53,'Avaliação Semanal'!$C$5:$C$504,"Líder Técnico",'Avaliação Semanal'!$A$5:$A$504,">="&$B$3,'Avaliação Semanal'!$A$5:$A$504,"<="&$D$3,'Avaliação Semanal'!$J$5:$J$504,">0")=0,"",ROUND(AVERAGEIFS('Avaliação Semanal'!$J$5:$J$504,'Avaliação Semanal'!$B$5:$B$504,$A53,'Avaliação Semanal'!$C$5:$C$504,"Líder Técnico",'Avaliação Semanal'!$A$5:$A$504,">="&$B$3,'Avaliação Semanal'!$A$5:$A$504,"<="&$D$3),2))) | F53: =IF($A53="","",IF(COUNTIFS('Avaliação Semanal'!$B$5:$B$504,$A53,'Avaliação Semanal'!$A$5:$A$504,">="&$B$3,'Avaliação Semanal'!$A$5:$A$504,"<="&$D$3,'Avaliação Semanal'!$E$5:$E$504,">0")=0,"",ROUND(AVERAGEIFS('Avaliação Semanal'!$E$5:$E$504,'Avaliação Semanal'!$B$5:$B$504,$A53,'Avaliação Semanal'!$A$5:$A$504,">="&$B$3,'Avaliação Semanal'!$A$5:$A$504,"<="&$D$3),2))) | G53: =IF($A53="","",IF(COUNTIFS('Avaliação Semanal'!$B$5:$B$504,$A53,'Avaliação Semanal'!$A$5:$A$504,">="&$B$3,'Avaliação Semanal'!$A$5:$A$504,"<="&$D$3,'Avaliação Semanal'!$F$5:$F$504,">0")=0,"",ROUND(AVERAGEIFS('Avaliação Semanal'!$F$5:$F$504,'Avaliação Semanal'!$B$5:$B$504,$A53,'Avaliação Semanal'!$A$5:$A$504,">="&$B$3,'Avaliação Semanal'!$A$5:$A$504,"<="&$D$3),2))) | H53: =IF($A53="","",IF(COUNTIFS('Avaliação Semanal'!$B$5:$B$504,$A53,'Avaliação Semanal'!$A$5:$A$504,">="&$B$3,'Avaliação Semanal'!$A$5:$A$504,"<="&$D$3,'Avaliação Semanal'!$G$5:$G$504,">0")=0,"",ROUND(AVERAGEIFS('Avaliação Semanal'!$G$5:$G$504,'Avaliação Semanal'!$B$5:$B$504,$A53,'Avaliação Semanal'!$A$5:$A$504,">="&$B$3,'Avaliação Semanal'!$A$5:$A$504,"<="&$D$3),2))) | I53: =IF($A53="","",IF(COUNTIFS('Avaliação Semanal'!$B$5:$B$504,$A53,'Avaliação Semanal'!$A$5:$A$504,">="&$B$3,'Avaliação Semanal'!$A$5:$A$504,"<="&$D$3,'Avaliação Semanal'!$H$5:$H$504,">0")=0,"",ROUND(AVERAGEIFS('Avaliação Semanal'!$H$5:$H$504,'Avaliação Semanal'!$B$5:$B$504,$A53,'Avaliação Semanal'!$A$5:$A$504,">="&$B$3,'Avaliação Semanal'!$A$5:$A$504,"<="&$D$3),2))) | J53: =IF($A53="","",IF(COUNTIFS('Avaliação Semanal'!$B$5:$B$504,$A53,'Avaliação Semanal'!$A$5:$A$504,">="&$B$3,'Avaliação Semanal'!$A$5:$A$504,"<="&$D$3,'Avaliação Semanal'!$I$5:$I$504,">0")=0,"",ROUND(AVERAGEIFS('Avaliação Semanal'!$I$5:$I$504,'Avaliação Semanal'!$B$5:$B$504,$A53,'Avaliação Semanal'!$A$5:$A$504,">="&$B$3,'Avaliação Semanal'!$A$5:$A$504,"<="&$D$3),2))) | K53: =IF(COUNT($F53:$J53)=0,"",ROUND(AVERAGE($F53:$J53),2)) | L53: =IF($K53="","",IF($K53>=Cadastro!$H$5,"Verde",IF($K53>=Cadastro!$H$6,"Atenção","Crítico"))) | M53: =IF($A53="","",COUNTIFS('Avaliação Semanal'!$B$5:$B$504,$A53,'Avaliação Semanal'!$A$5:$A$504,">="&$B$3,'Avaliação Semanal'!$A$5:$A$504,"<="&$D$3,'Avaliação Semanal'!$J$5:$J$504,">0")) | N53: =IF($M53=0,"",_xlfn.MAXIFS('Avaliação Semanal'!$A$5:$A$504,'Avaliação Semanal'!$B$5:$B$504,$A53,'Avaliação Semanal'!$A$5:$A$504,"<="&$D$3)) | O53: =IF($A53="","",COUNTIFS('Ocorrências'!$B$5:$B$204,$A53,'Ocorrências'!$A$5:$A$204,">="&$B$3,'Ocorrências'!$A$5:$A$204,"<="&$D$3)) | P53: =IF($A53="","",COUNTIFS('Ocorrências'!$B$5:$B$204,$A53,'Ocorrências'!$C$5:$C$204,"Ponto de atenção",'Ocorrências'!$A$5:$A$204,">="&$B$3,'Ocorrências'!$A$5:$A$204,"<="&$D$3)+COUNTIFS('Ocorrências'!$B$5:$B$204,$A53,'Ocorrências'!$C$5:$C$204,"Crítica",'Ocorrências'!$A$5:$A$204,">="&$B$3,'Ocorrências'!$A$5:$A$204,"<="&$D$3)) | Q53: =IF($A53="","",IF(COUNTIFS('Avaliação Semanal'!$B$5:$B$504,$A53,'Avaliação Semanal'!$C$5:$C$504,"GP",'Avaliação Semanal'!$A$5:$A$504,">="&$B$3,'Avaliação Semanal'!$A$5:$A$504,"<="&$D$3)=0,"",IFERROR(INDEX('Avaliação Semanal'!$L$5:$L$504,MATCH($A53&"|GP|"&TEXT(_xlfn.MAXIFS('Avaliação Semanal'!$A$5:$A$504,'Avaliação Semanal'!$B$5:$B$504,$A53,'Avaliação Semanal'!$C$5:$C$504,"GP",'Avaliação Semanal'!$A$5:$A$504,"<="&$D$3),"00000"),'Avaliação Semanal'!$M$5:$M$504,0)),""))) | R53: =IF($A53="","",IF(COUNTIFS('Avaliação Semanal'!$B$5:$B$504,$A53,'Avaliação Semanal'!$C$5:$C$504,"Líder Técnico",'Avaliação Semanal'!$A$5:$A$504,">="&$B$3,'Avaliação Semanal'!$A$5:$A$504,"<="&$D$3)=0,"",IFERROR(INDEX('Avaliação Semanal'!$L$5:$L$504,MATCH($A53&"|Líder Técnico|"&TEXT(_xlfn.MAXIFS('Avaliação Semanal'!$A$5:$A$504,'Avaliação Semanal'!$B$5:$B$504,$A53,'Avaliação Semanal'!$C$5:$C$504,"Líder Técnico",'Avaliação Semanal'!$A$5:$A$504,"<="&$D$3),"00000"),'Avaliação Semanal'!$M$5:$M$504,0)),"")))

Sheet Avaliação Semanal
A1: Avaliação semanal
A2: Sexta-feira, dois minutos por pessoa. GP e Líder Técnico preenchem cada um a sua linha. Notas de 1 a 5 — a legenda está no Cadastro.
A3: Não sabe avaliar um indicador nesta semana? Deixe em branco. Em branco sai da média — chutar 3 estraga o balizador. · O comentário da última coluna é o que mais serve ao gestor depois.
A4: Semana | B4: Colaborador | C4: Avaliador | D4: Quem avaliou | E4: Entrega | F4: Qualidade | G4: Comunicação | H4: Colaboração | I4: Autonomia | J4: Média | K4: Farol | L4: Comentários da semana | M4: chave
A5: 46241 | B5: Ana Ribeiro | C5: GP | D5: Marcos Lima | E5: 4 | F5: 4 | G5: 5 | H5: 4 | I5: 4 | J5: =IF(COUNT($E5:$I5)=0,"",ROUND(AVERAGE($E5:$I5),2)) | K5: =IF($J5="","",IF($J5>=Cadastro!$H$5,"Verde",IF($J5>=Cadastro!$H$6,"Atenção","Crítico"))) | L5: Semana boa. Avisou na segunda que o card de cupom ia atrasar e já trouxe o replanejamento. | M5: =IF($B5="","",$B5&"|"&$C5&"|"&TEXT($A5,"00000"))
A6: 46241 | B6: Ana Ribeiro | C6: Líder Técnico | D6: Rafael Souza | E6: 3 | F6: 3 | G6: 4 | H6: 4 | I6: 4 | J6: =IF(COUNT($E6:$I6)=0,"",ROUND(AVERAGE($E6:$I6),2)) | K6: =IF($J6="","",IF($J6>=Cadastro!$H$5,"Verde",IF($J6>=Cadastro!$H$6,"Atenção","Crítico"))) | L6: PR #812 excelente na revisão dos outros, mas o dela voltou 2 rodadas por falta de teste de erro. | M6: =IF($B6="","",$B6&"|"&$C6&"|"&TEXT($A6,"00000"))
A7: 46241 | B7: Bruno Tavares | C7: GP | D7: Marcos Lima | E7: 3 | F7: 3 | G7: 3 | H7: 4 | I7: 2 | J7: =IF(COUNT($E7:$I7)=0,"",ROUND(AVERAGE($E7:$I7),2)) | K7: =IF($J7="","",IF($J7>=Cadastro!$H$5,"Verde",IF($J7>=Cadastro!$H$6,"Atenção","Crítico"))) | L7: Ficou 3 dias travado em credencial de homologação sem avisar. Conversei na sexta. | M7: =IF($B7="","",$B7&"|"&$C7&"|"&TEXT($A7,"00000"))
A8: 46241 | B8: Bruno Tavares | C8: Líder Técnico | D8: Rafael Souza | E8: 2 | F8: 3 | G8: 3 | H8: 4 | I8: 2 | J8: =IF(COUNT($E8:$I8)=0,"",ROUND(AVERAGE($E8:$I8),2)) | K8: =IF($J8="","",IF($J8>=Cadastro!$H$5,"Verde",IF($J8>=Cadastro!$H$6,"Atenção","Crítico"))) | L8: Ainda depende de mim para fechar caso de erro. Combinamos pareamento 1h por semana. | M8: =IF($B8="","",$B8&"|"&$C8&"|"&TEXT($A8,"00000"))
A9: 46241 | B9: Carla Nunes | C9: GP | D9: Marcos Lima | E9: 5 | F9: 5 | G9: 5 | H9: 5 | I9: 5 | J9: =IF(COUNT($E9:$I9)=0,"",ROUND(AVERAGE($E9:$I9),2)) | K9: =IF($J9="","",IF($J9>=Cadastro!$H$5,"Verde",IF($J9>=Cadastro!$H$6,"Atenção","Crítico"))) | L9: Segurou o on-call do Contrato B cobrindo férias e ainda entregou a sprint. | M9: =IF($B9="","",$B9&"|"&$C9&"|"&TEXT($A9,"00000"))
A10: 46241 | B10: Carla Nunes | C10: Líder Técnico | D10: Rafael Souza | E10: 4 | F10: 5 | G10: 4 | H10: 5 | I10: 5 | J10: =IF(COUNT($E10:$I10)=0,"",ROUND(AVERAGE($E10:$I10),2)) | K10: =IF($J10="","",IF($J10>=Cadastro!$H$5,"Verde",IF($J10>=Cadastro!$H$6,"Atenção","Crítico"))) | L10: ADR-07 virou padrão em duas squads. Referência técnica do time. | M10: =IF($B10="","",$B10&"|"&$C10&"|"&TEXT($A10,"00000"))
A11: 46248 | B11: Ana Ribeiro | C11: GP | D11: Marcos Lima | E11: 4 | F11: 4 | G11: 5 | H11: 5 | I11: 4 | J11: =IF(COUNT($E11:$I11)=0,"",ROUND(AVERAGE($E11:$I11),2)) | K11: =IF($J11="","",IF($J11>=Cadastro!$H$5,"Verde",IF($J11>=Cadastro!$H$6,"Atenção","Crítico"))) | L11: Conduziu o refinamento sozinha, sem eu precisar entrar. | M11: =IF($B11="","",$B11&"|"&$C11&"|"&TEXT($A11,"00000"))
A12: 46248 | B12: Ana Ribeiro | C12: Líder Técnico | D12: Rafael Souza | E12: 3 | F12: 2 | G12: 4 | H12: 4 | I12: 4 | J12: =IF(COUNT($E12:$I12)=0,"",ROUND(AVERAGE($E12:$I12),2)) | K12: =IF($J12="","",IF($J12>=Cadastro!$H$5,"Verde",IF($J12>=Cadastro!$H$6,"Atenção","Crítico"))) | L12: PR #857 voltou 3 rodadas, de novo por teste de caminho de erro. É padrão, não caso isolado. | M12: =IF($B12="","",$B12&"|"&$C12&"|"&TEXT($A12,"00000"))
A13: 46248 | B13: Bruno Tavares | C13: GP | D13: Marcos Lima | E13: 3 | F13: 3 | G13: 4 | H13: 4 | I13: 3 | J13: =IF(COUNT($E13:$I13)=0,"",ROUND(AVERAGE($E13:$I13),2)) | K13: =IF($J13="","",IF($J13>=Cadastro!$H$5,"Verde",IF($J13>=Cadastro!$H$6,"Atenção","Crítico"))) | L13: Melhorou: avisou o bloqueio na daily do mesmo dia, como combinamos. | M13: =IF($B13="","",$B13&"|"&$C13&"|"&TEXT($A13,"00000"))
A14: 46248 | B14: Bruno Tavares | C14: Líder Técnico | D14: Rafael Souza | E14: 3 | F14: 3 | G14: 4 | H14: 4 | I14: 3 | J14: =IF(COUNT($E14:$I14)=0,"",ROUND(AVERAGE($E14:$I14),2)) | K14: =IF($J14="","",IF($J14>=Cadastro!$H$5,"Verde",IF($J14>=Cadastro!$H$6,"Atenção","Crítico"))) | L14: Evoluiu na comunicação técnica. Autonomia ainda é o ponto. | M14: =IF($B14="","",$B14&"|"&$C14&"|"&TEXT($A14,"00000"))
A15: 46248 | B15: Carla Nunes | C15: GP | D15: Marcos Lima | E15: 5 | F15: 4 | G15: 5 | H15: 5 | I15: 5 | J15: =IF(COUNT($E15:$I15)=0,"",ROUND(AVERAGE($E15:$I15),2)) | K15: =IF($J15="","",IF($J15>=Cadastro!$H$5,"Verde",IF($J15>=Cadastro!$H$6,"Atenção","Crítico"))) | L15: Sem ressalvas. Vale conversar sobre carreira — ela puxou o assunto. | M15: =IF($B15="","",$B15&"|"&$C15&"|"&TEXT($A15,"00000"))
A16: 46248 | B16: Carla Nunes | C16: Líder Técnico | D16: Rafael Souza | E16: 5 | F16: 5 | G16: 4 | H16: 5 | I16: 5 | J16: =IF(COUNT($E16:$I16)=0,"",ROUND(AVERAGE($E16:$I16),2)) | K16: =IF($J16="","",IF($J16>=Cadastro!$H$5,"Verde",IF($J16>=Cadastro!$H$6,"Atenção","Crítico"))) | L16: Conduziu a sessão de arquitetura com Alfa e Beta. Nível de especialista. | M16: =IF($B16="","",$B16&"|"&$C16&"|"&TEXT($A16,"00000"))
J17: =IF(COUNT($E17:$I17)=0,"",ROUND(AVERAGE($E17:$I17),2)) | K17: =IF($J17="","",IF($J17>=Cadastro!$H$5,"Verde",IF($J17>=Cadastro!$H$6,"Atenção","Crítico"))) | M17: =IF($B17="","",$B17&"|"&$C17&"|"&TEXT($A17,"00000"))
J18: =IF(COUNT($E18:$I18)=0,"",ROUND(AVERAGE($E18:$I18),2)) | K18: =IF($J18="","",IF($J18>=Cadastro!$H$5,"Verde",IF($J18>=Cadastro!$H$6,"Atenção","Crítico"))) | M18: =IF($B18="","",$B18&"|"&$C18&"|"&TEXT($A18,"00000"))
J19: =IF(COUNT($E19:$I19)=0,"",ROUND(AVERAGE($E19:$I19),2)) | K19: =IF($J19="","",IF($J19>=Cadastro!$H$5,"Verde",IF($J19>=Cadastro!$H$6,"Atenção","Crítico"))) | M19: =IF($B19="","",$B19&"|"&$C19&"|"&TEXT($A19,"00000"))
J20: =IF(COUNT($E20:$I20)=0,"",ROUND(AVERAGE($E20:$I20),2)) | K20: =IF($J20="","",IF($J20>=Cadastro!$H$5,"Verde",IF($J20>=Cadastro!$H$6,"Atenção","Crítico"))) | M20: =IF($B20="","",$B20&"|"&$C20&"|"&TEXT($A20,"00000"))
J21: =IF(COUNT($E21:$I21)=0,"",ROUND(AVERAGE($E21:$I21),2)) | K21: =IF($J21="","",IF($J21>=Cadastro!$H$5,"Verde",IF($J21>=Cadastro!$H$6,"Atenção","Crítico"))) | M21: =IF($B21="","",$B21&"|"&$C21&"|"&TEXT($A21,"00000"))
J22: =IF(COUNT($E22:$I22)=0,"",ROUND(AVERAGE($E22:$I22),2)) | K22: =IF($J22="","",IF($J22>=Cadastro!$H$5,"Verde",IF($J22>=Cadastro!$H$6,"Atenção","Crítico"))) | M22: =IF($B22="","",$B22&"|"&$C22&"|"&TEXT($A22,"00000"))
J23: =IF(COUNT($E23:$I23)=0,"",ROUND(AVERAGE($E23:$I23),2)) | K23: =IF($J23="","",IF($J23>=Cadastro!$H$5,"Verde",IF($J23>=Cadastro!$H$6,"Atenção","Crítico"))) | M23: =IF($B23="","",$B23&"|"&$C23&"|"&TEXT($A23,"00000"))
J24: =IF(COUNT($E24:$I24)=0,"",ROUND(AVERAGE($E24:$I24),2)) | K24: =IF($J24="","",IF($J24>=Cadastro!$H$5,"Verde",IF($J24>=Cadastro!$H$6,"Atenção","Crítico"))) | M24: =IF($B24="","",$B24&"|"&$C24&"|"&TEXT($A24,"00000"))
J25: =IF(COUNT($E25:$I25)=0,"",ROUND(AVERAGE($E25:$I25),2)) | K25: =IF($J25="","",IF($J25>=Cadastro!$H$5,"Verde",IF($J25>=Cadastro!$H$6,"Atenção","Crítico"))) | M25: =IF($B25="","",$B25&"|"&$C25&"|"&TEXT($A25,"00000"))
J26: =IF(COUNT($E26:$I26)=0,"",ROUND(AVERAGE($E26:$I26),2)) | K26: =IF($J26="","",IF($J26>=Cadastro!$H$5,"Verde",IF($J26>=Cadastro!$H$6,"Atenção","Crítico"))) | M26: =IF($B26="","",$B26&"|"&$C26&"|"&TEXT($A26,"00000"))
J27: =IF(COUNT($E27:$I27)=0,"",ROUND(AVERAGE($E27:$I27),2)) | K27: =IF($J27="","",IF($J27>=Cadastro!$H$5,"Verde",IF($J27>=Cadastro!$H$6,"Atenção","Crítico"))) | M27: =IF($B27="","",$B27&"|"&$C27&"|"&TEXT($A27,"00000"))
J28: =IF(COUNT($E28:$I28)=0,"",ROUND(AVERAGE($E28:$I28),2)) | K28: =IF($J28="","",IF($J28>=Cadastro!$H$5,"Verde",IF($J28>=Cadastro!$H$6,"Atenção","Crítico"))) | M28: =IF($B28="","",$B28&"|"&$C28&"|"&TEXT($A28,"00000"))
... J504: =IF(COUNT($E504:$I504)=0,"",ROUND(AVERAGE($E504:$I504),2)) | K504: =IF($J504="","",IF($J504>=Cadastro!$H$5,"Verde",IF($J504>=Cadastro!$H$6,"Atenção","Crítico"))) | M504: =IF($B504="","",$B504&"|"&$C504&"|"&TEXT($A504,"00000"))

Sheet Ocorrências
A1: Ocorrências
A2: O que aconteceu no dia a dia e vale registrar. Não é só o negativo — registre o que foi bom também.
A3: Escreva o FATO, não o julgamento: "subiu hotfix sem aprovação na sexta 18h", não "é descuidado". · Nada de saúde, vida pessoal ou conduta — conduta vai direto para o RH.
A4: Data | B4: Colaborador | C4: Tipo | D4: Registrado por | E4: O que aconteceu
A5: 46245 | B5: Ana Ribeiro | C5: Positiva | D5: Rafael Souza | E5: No PR #812 pegou uma condição de corrida no resgate de cupom antes do merge. Evitou bug de duplicidade em produção.
A6: 46246 | B6: Bruno Tavares | C6: Ponto de atenção | D6: Marcos Lima | E6: Card CB-118 ficou 4 dias sem atualização; o bloqueio só apareceu na review. Conversado na 1:1 de 13/08.
A7: 46259 | B7: Carla Nunes | C7: Positiva | D7: Rafael Souza | E7: Escreveu a ADR-07 do advisory lock e conduziu a sessão de 40 min com as squads Alfa e Beta.
A8: 46260 | B8: Carla Nunes | C8: Ponto de atenção | D8: Marcos Lima | E8: Disse que quer trilha técnica e não gestão. Aceitou o papel de LT por falta de alternativa.

Sheet Cadastro
A1: Cadastro
A2: Preencha uma vez. Alimenta os menus suspensos das outras abas.
A4: Colaborador | B4: Squad | C4: Papel | D4: GP | E4: Líder Técnico | G4: FARÓIS | J4: LISTAS
A5: Ana Ribeiro | B5: Alfa | C5: Dev | D5: Marcos Lima | E5: Rafael Souza | G5: Verde a partir de | H5: 4 | J5: Avaliador | K5: Tipo de ocorrência | L5: Notas
A6: Bruno Tavares | B6: Alfa | C6: Dev | D6: Marcos Lima | E6: Rafael Souza | G6: Atenção a partir de | H6: 3 | J6: GP | K6: Positiva | L6: 1
A7: Carla Nunes | B7: Beta | C7: Tech Lead | D7: Marcos Lima | E7: Rafael Souza | G7: Abaixo disso: Crítico | J7: Líder Técnico | K7: Ponto de atenção | L7: 2
K8: Crítica | L8: 3
G9: Ajuste os cortes aqui. Todos os faróis da planilha leem destas duas células. | L9: 4
L10: 5
A56: O QUE CADA NOTA SIGNIFICA
A57: 5 | B57: Referência. Vira exemplo para o time.
A58: 4 | B58: Acima do esperado, de forma consistente.
A59: 3 | B59: Fez o esperado para o nível dele. É a nota saudável, não é nota ruim.
A60: 2 | B60: Abaixo do esperado. Precisou de suporte acima do normal.
A61: 1 | B61: Bem abaixo. Gerou retrabalho ou dano.
A63: A nota é sempre relativa ao nível da pessoa: um Júnior 3 e um Sênior 3 são comportamentos diferentes, mas os dois estão fazendo o esperado.
