Workbook

Sheet Instruções
A1: Avaliação de Desempenho por Squad — GP + Líder Técnico + Gestor de Pessoas
A2: Versão 3 · construída com as visões de RH, Gerência de Projetos, Liderança Técnica e Gestão de Pessoas, e revisada por um revisor de qualidade e um revisor técnico
A4: O QUE ESTA PLANILHA É
B5: O registro contínuo é o produto; a nota é subproduto. Se só uma aba sobreviver, que seja 'Ocorrências'. Uma nota sem ocorrência vinculada não é avaliação, é impressão.
A6: RITMO DE USO
A7: Quando acontecer — 45 segundos | B7: Lance a ocorrência: bloco rápido, colunas A a J, um único campo de texto. Meta: 2 a 4 por pessoa por mês, com ao menos 1 positiva a cada 2 registros.
A8: Sexta — 15 min pela squad | B8: Abra o 'Painel'. Leia a primeira linha vermelha: de quem você não sabe nada. Não avalie nada.
A9: Fim do ciclo — 20 min por pessoa | B9: Preencha 'Avaliação'. Você não escreve do zero: lê o que já foi acumulado.
A10: Antes da devolutiva | B10: Calibração GP × LT só nos itens divergentes. Depois, a 1:1 com a aba '1a1' impressa.
A11: QUEM AVALIA O QUÊ
A12: Líder Técnico decide | B12: Qualidade da entrega · Domínio técnico · Design de solução.
A13: GP decide | B13: Previsibilidade.
A14: Compartilhado | B14: Comunicação e colaboração · Autonomia e ownership. Quem não tem evidência deixa em branco — em branco é resposta legítima e melhor que chute.
A15: AS NOVE REGRAS DURAS
A16: Regra 1 | B16: 3 é 'atende plenamente PARA A SENIORIDADE'. Não é nota ruim. Um Júnior 3 e um Sênior 3 são comportamentos diferentes.
A17: Regra 2 | B17: Nota 1, 2 ou 5 exige ocorrência vinculada no ciclo. Sem lastro, a célula acusa e o ciclo não fecha.
A18: Regra 3 | B18: Nunca a média entre avaliadores — nem GP × LT, nem GP × GP em quem tem dois contratos. A divergência é a informação.
A19: Regra 4 | B19: Ocorrência negativa nunca conversada com a pessoa NÃO entra no ciclo e não viaja no handover.
A20: Regra 5 | B20: 'Fato observável' não aceita adjetivo de personalidade. O juízo vai em 'Consequência', e tem de ser defensável a partir do fato ao lado.
A21: Regra 6 | B21: Comparação e ranking usam SEMPRE o gap contra a expectativa da senioridade. Nunca a nota bruta, nunca entre squads.
A22: Regra 7 | B22: Sem curva forçada. Distribuição imposta em squad de 6 pessoas é matematicamente absurda.
A23: Regra 8 | B23: Conduta, assédio, denúncia e saúde NÃO entram aqui, em nenhuma aba. Registre 'encaminhado ao RH em <data>' e a apuração corre em processo próprio.
A24: Regra 9 | B24: Nota 3 ou mais COM ocorrência negativa não conversada acende 'Nota sustentada por omissão' — endereçado ao gestor do GP, nunca à pessoa avaliada.
A25: DUAS COISAS QUE ESTA PLANILHA NÃO FAZ, E VOCÊ PRECISA SABER
B26: 1) A obrigatoriedade é DETECTIVA, não preventiva. Ninguém é impedido de salvar uma ocorrência incompleta — validação de dados não torna campo obrigatório, célula em branco nunca dispara validação. O que o modelo garante é que a linha incompleta NÃO CONTA: não entra no lastro, não viaja no handover, e acende alerta.
B27: 2) Ocorrência antiga não se esconde sozinha. Use o filtro na coluna 'Exibição' (Ativa / Histórico / Arquivada). Erro tratado não se cobra três vezes — mas quem esconde é o filtro, não a fórmula.
A28: LGPD — LEIA ANTES DE ESCREVER
B29: Não registre dado sensível: saúde, diagnóstico, religião, orientação sexual, filiação sindical, origem racial, vida familiar. Ausência registra o FATO, nunca o motivo.
B30: A pessoa pode pedir acesso ao que se registrou sobre ela. Regra prática: não escreva nada que você não sustentaria lendo em voz alta para ela.
B31: Arquivo único no drive corporativo, com coautoria. Nunca anexo de e-mail, nunca cópia local. Senha de planilha do Excel não é controle de acesso — por isso retenção, caso de promoção e registro privado do gestor vivem em ARQUIVO SEPARADO, não aqui.
A32: LEGENDA
A33: Fundo amarelo, texto azul | B33: Célula que você preenche.
A34: Fundo cinza | B34: Célula calculada. Não digite por cima — você quebra o Painel.
B35: As abas 'Pessoas', 'Alocações' e 'Config' são cadastro: ajuste no começo e não mexa no dia a dia. No dia a dia você convive com quatro abas: Painel, Ocorrências, Avaliação e 1a1.
A36: LIMITE HONESTO
B37: Excel não tem controle de acesso por linha nem trilha de auditoria. Use isto para provar o modelo em 2 ou 3 ciclos. Se funcionar, migre para um sistema.
B38: As expectativas por senioridade e os pesos por eixo são premissa desta versão, não benchmark de mercado. Calibre ao fim do primeiro ciclo real e registre quem confirmou, na aba Config.

Sheet Painel
A1: Painel do gestor — o que abrir na segunda de manhã
A2: ="Ciclo "&Config!$B$4&" · comparação sempre por GAP contra a expectativa da senioridade — nunca por nota bruta, nunca entre squads."
A3: =IF(SUM(Pessoas!$O$5:$O$64)=0,"Todas as pessoas têm registro neste ciclo.","Sem nenhum registro neste ciclo: "&IFERROR(INDEX(Pessoas!$B$5:$B$64,MATCH(1,Pessoas!$P$5:$P$64,0)),"")&IFERROR(", "&INDEX(Pessoas!$B$5:$B$64,MATCH(2,Pessoas!$P$5:$P$64,0)),"")&IFERROR(", "&INDEX(Pessoas!$B$5:$B$64,MATCH(3,Pessoas!$P$5:$P$64,0)),"")&IF(SUM(Pessoas!$O$5:$O$64)>3,", …","")&" ("&SUM(Pessoas!$O$5:$O$64)&" de "&COUNTIF(Pessoas!$I$5:$I$64,"Ativo")&")")
A4: ="Ocorrências registradas: "&COUNTIF('Ocorrências'!$A$5:$A$604,">0")&" de 600 linhas disponíveis"
A6: ID | B6: Pessoa | C6: Senioridade | D6: Papel considerado | E6: Multi | F6: Eixo A | G6: Eixo B | H6: Eixo C | I6: Eixo D | J6: Nota ponderada | K6: Expectativa | L6: Gap | M6: Faixa | N6: Ocorr. | O6: Positivas | P6: Negativas | Q6: Neg. não comunic. | R6: Dias desde 1:1 | S6: Diverg. 2+ | T6: Sem lastro | U6: Nota s/ omissão | V6: Sinal | W6: num | X6: den
A7: =IF(Pessoas!$B5="","",Pessoas!$A5) | B7: =IF(Pessoas!$B5="","",Pessoas!$B5) | C7: =IF(Pessoas!$B5="","",Pessoas!$D5) | D7: =IF(Pessoas!$B5="","",Pessoas!$L5) | E7: =IF(Pessoas!$B5="","",Pessoas!$M5) | F7: =IF($B7="","",IFERROR(AVERAGEIFS('Avaliação'!$P$5:$P$404,'Avaliação'!$Z$5:$Z$404,$A7&"|"&Config!$B$7&"|"&Config!$A$22),"")) | G7: =IF($B7="","",IFERROR(AVERAGEIFS('Avaliação'!$P$5:$P$404,'Avaliação'!$Z$5:$Z$404,$A7&"|"&Config!$B$7&"|"&Config!$A$23),"")) | H7: =IF($B7="","",IFERROR(AVERAGEIFS('Avaliação'!$P$5:$P$404,'Avaliação'!$Z$5:$Z$404,$A7&"|"&Config!$B$7&"|"&Config!$A$24),"")) | I7: =IF($B7="","",IFERROR(AVERAGEIFS('Avaliação'!$P$5:$P$404,'Avaliação'!$Z$5:$Z$404,$A7&"|"&Config!$B$7&"|"&Config!$A$25),"")) | J7: =IF($X7=0,"",$W7/$X7) | K7: =IFERROR(INDEX(Config!$B$30:$B$33,MATCH($C7,Config!$A$30:$A$33,0)),"") | L7: =IF(OR($J7="",$K7=""),"",$J7-$K7) | M7: =IF($J7="","",IF($J7<2.5,"Abaixo",IF($J7<3.5,"Atende",IF($J7<=4.2,"Supera","Referência")))) | N7: =IF($B7="","",COUNTIFS('Ocorrências'!$U$5:$U$604,$A7&"|"&Config!$B$7)) | O7: =IF($B7="","",COUNTIFS('Ocorrências'!$U$5:$U$604,$A7&"|"&Config!$B$7,'Ocorrências'!$F$5:$F$604,"Reconhecimento")+COUNTIFS('Ocorrências'!$U$5:$U$604,$A7&"|"&Config!$B$7,'Ocorrências'!$F$5:$F$604,"Positiva")) | P7: =IF($B7="","",COUNTIFS('Ocorrências'!$U$5:$U$604,$A7&"|"&Config!$B$7,'Ocorrências'!$F$5:$F$604,"Ponto de atenção")+COUNTIFS('Ocorrências'!$U$5:$U$604,$A7&"|"&Config!$B$7,'Ocorrências'!$F$5:$F$604,"Incidente")) | Q7: =IF($B7="","",COUNTIFS('Ocorrências'!$U$5:$U$604,$A7&"|"&Config!$B$7,'Ocorrências'!$F$5:$F$604,"Ponto de atenção",'Ocorrências'!$L$5:$L$604,"Não")+COUNTIFS('Ocorrências'!$U$5:$U$604,$A7&"|"&Config!$B$7,'Ocorrências'!$F$5:$F$604,"Incidente",'Ocorrências'!$L$5:$L$604,"Não")) | R7: =IF($B7="","",IF(INDEX(Pessoas!$J$5:$J$64,MATCH($A7,Pessoas!$A$5:$A$64,0))="","nunca",Config!$B$6-INDEX(Pessoas!$J$5:$J$64,MATCH($A7,Pessoas!$A$5:$A$64,0)))) | S7: =IF($B7="","",COUNTIFS('Avaliação'!$Y$5:$Y$404,$A7&"|"&Config!$B$7,'Avaliação'!$N$5:$N$404,">=2")) | T7: =IF($B7="","",COUNTIFS('Avaliação'!$Y$5:$Y$404,$A7&"|"&Config!$B$7,'Avaliação'!$V$5:$V$404,"SEM LASTRO")) | U7: =IF($B7="","",IF(AND($Q7>0,COUNTIFS('Avaliação'!$Y$5:$Y$404,$A7&"|"&Config!$B$7,'Avaliação'!$P$5:$P$404,">=3")>0),$Q7,0)) | V7: =IF($B7="","",IF($U7>0,"Nota sustentada por omissão",IF($T7>0,"Nota sem lastro",IF($J7="","Sem avaliação no ciclo",IF($S7>0,"Calibrar divergência",IF($L7<-0.3,"Abaixo da expectativa",IF($Q7>0,"Negativa não conversada",IF(OR($R7="nunca",$R7>30),"1:1 atrasada","OK")))))))) | W7: =IF(ISNUMBER($F7),$F7*Config!$B$22,0)+IF(ISNUMBER($G7),$G7*Config!$B$23,0)+IF(ISNUMBER($H7),$H7*Config!$B$24,0)+IF(ISNUMBER($I7),$I7*Config!$B$25,0) | X7: =IF(ISNUMBER($F7),Config!$B$22,0)+IF(ISNUMBER($G7),Config!$B$23,0)+IF(ISNUMBER($H7),Config!$B$24,0)+IF(ISNUMBER($I7),Config!$B$25,0)
A8: =IF(Pessoas!$B6="","",Pessoas!$A6) | B8: =IF(Pessoas!$B6="","",Pessoas!$B6) | C8: =IF(Pessoas!$B6="","",Pessoas!$D6) | D8: =IF(Pessoas!$B6="","",Pessoas!$L6) | E8: =IF(Pessoas!$B6="","",Pessoas!$M6) | F8: =IF($B8="","",IFERROR(AVERAGEIFS('Avaliação'!$P$5:$P$404,'Avaliação'!$Z$5:$Z$404,$A8&"|"&Config!$B$7&"|"&Config!$A$22),"")) | G8: =IF($B8="","",IFERROR(AVERAGEIFS('Avaliação'!$P$5:$P$404,'Avaliação'!$Z$5:$Z$404,$A8&"|"&Config!$B$7&"|"&Config!$A$23),"")) | H8: =IF($B8="","",IFERROR(AVERAGEIFS('Avaliação'!$P$5:$P$404,'Avaliação'!$Z$5:$Z$404,$A8&"|"&Config!$B$7&"|"&Config!$A$24),"")) | I8: =IF($B8="","",IFERROR(AVERAGEIFS('Avaliação'!$P$5:$P$404,'Avaliação'!$Z$5:$Z$404,$A8&"|"&Config!$B$7&"|"&Config!$A$25),"")) | J8: =IF($X8=0,"",$W8/$X8) | K8: =IFERROR(INDEX(Config!$B$30:$B$33,MATCH($C8,Config!$A$30:$A$33,0)),"") | L8: =IF(OR($J8="",$K8=""),"",$J8-$K8) | M8: =IF($J8="","",IF($J8<2.5,"Abaixo",IF($J8<3.5,"Atende",IF($J8<=4.2,"Supera","Referência")))) | N8: =IF($B8="","",COUNTIFS('Ocorrências'!$U$5:$U$604,$A8&"|"&Config!$B$7)) | O8: =IF($B8="","",COUNTIFS('Ocorrências'!$U$5:$U$604,$A8&"|"&Config!$B$7,'Ocorrências'!$F$5:$F$604,"Reconhecimento")+COUNTIFS('Ocorrências'!$U$5:$U$604,$A8&"|"&Config!$B$7,'Ocorrências'!$F$5:$F$604,"Positiva")) | P8: =IF($B8="","",COUNTIFS('Ocorrências'!$U$5:$U$604,$A8&"|"&Config!$B$7,'Ocorrências'!$F$5:$F$604,"Ponto de atenção")+COUNTIFS('Ocorrências'!$U$5:$U$604,$A8&"|"&Config!$B$7,'Ocorrências'!$F$5:$F$604,"Incidente")) | Q8: =IF($B8="","",COUNTIFS('Ocorrências'!$U$5:$U$604,$A8&"|"&Config!$B$7,'Ocorrências'!$F$5:$F$604,"Ponto de atenção",'Ocorrências'!$L$5:$L$604,"Não")+COUNTIFS('Ocorrências'!$U$5:$U$604,$A8&"|"&Config!$B$7,'Ocorrências'!$F$5:$F$604,"Incidente",'Ocorrências'!$L$5:$L$604,"Não")) | R8: =IF($B8="","",IF(INDEX(Pessoas!$J$5:$J$64,MATCH($A8,Pessoas!$A$5:$A$64,0))="","nunca",Config!$B$6-INDEX(Pessoas!$J$5:$J$64,MATCH($A8,Pessoas!$A$5:$A$64,0)))) | S8: =IF($B8="","",COUNTIFS('Avaliação'!$Y$5:$Y$404,$A8&"|"&Config!$B$7,'Avaliação'!$N$5:$N$404,">=2")) | T8: =IF($B8="","",COUNTIFS('Avaliação'!$Y$5:$Y$404,$A8&"|"&Config!$B$7,'Avaliação'!$V$5:$V$404,"SEM LASTRO")) | U8: =IF($B8="","",IF(AND($Q8>0,COUNTIFS('Avaliação'!$Y$5:$Y$404,$A8&"|"&Config!$B$7,'Avaliação'!$P$5:$P$404,">=3")>0),$Q8,0)) | V8: =IF($B8="","",IF($U8>0,"Nota sustentada por omissão",IF($T8>0,"Nota sem lastro",IF($J8="","Sem avaliação no ciclo",IF($S8>0,"Calibrar divergência",IF($L8<-0.3,"Abaixo da expectativa",IF($Q8>0,"Negativa não conversada",IF(OR($R8="nunca",$R8>30),"1:1 atrasada","OK")))))))) | W8: =IF(ISNUMBER($F8),$F8*Config!$B$22,0)+IF(ISNUMBER($G8),$G8*Config!$B$23,0)+IF(ISNUMBER($H8),$H8*Config!$B$24,0)+IF(ISNUMBER($I8),$I8*Config!$B$25,0) | X8: =IF(ISNUMBER($F8),Config!$B$22,0)+IF(ISNUMBER($G8),Config!$B$23,0)+IF(ISNUMBER($H8),Config!$B$24,0)+IF(ISNUMBER($I8),Config!$B$25,0)
A9: =IF(Pessoas!$B7="","",Pessoas!$A7) | B9: =IF(Pessoas!$B7="","",Pessoas!$B7) | C9: =IF(Pessoas!$B7="","",Pessoas!$D7) | D9: =IF(Pessoas!$B7="","",Pessoas!$L7) | E9: =IF(Pessoas!$B7="","",Pessoas!$M7) | F9: =IF($B9="","",IFERROR(AVERAGEIFS('Avaliação'!$P$5:$P$404,'Avaliação'!$Z$5:$Z$404,$A9&"|"&Config!$B$7&"|"&Config!$A$22),"")) | G9: =IF($B9="","",IFERROR(AVERAGEIFS('Avaliação'!$P$5:$P$404,'Avaliação'!$Z$5:$Z$404,$A9&"|"&Config!$B$7&"|"&Config!$A$23),"")) | H9: =IF($B9="","",IFERROR(AVERAGEIFS('Avaliação'!$P$5:$P$404,'Avaliação'!$Z$5:$Z$404,$A9&"|"&Config!$B$7&"|"&Config!$A$24),"")) | I9: =IF($B9="","",IFERROR(AVERAGEIFS('Avaliação'!$P$5:$P$404,'Avaliação'!$Z$5:$Z$404,$A9&"|"&Config!$B$7&"|"&Config!$A$25),"")) | J9: =IF($X9=0,"",$W9/$X9) | K9: =IFERROR(INDEX(Config!$B$30:$B$33,MATCH($C9,Config!$A$30:$A$33,0)),"") | L9: =IF(OR($J9="",$K9=""),"",$J9-$K9) | M9: =IF($J9="","",IF($J9<2.5,"Abaixo",IF($J9<3.5,"Atende",IF($J9<=4.2,"Supera","Referência")))) | N9: =IF($B9="","",COUNTIFS('Ocorrências'!$U$5:$U$604,$A9&"|"&Config!$B$7)) | O9: =IF($B9="","",COUNTIFS('Ocorrências'!$U$5:$U$604,$A9&"|"&Config!$B$7,'Ocorrências'!$F$5:$F$604,"Reconhecimento")+COUNTIFS('Ocorrências'!$U$5:$U$604,$A9&"|"&Config!$B$7,'Ocorrências'!$F$5:$F$604,"Positiva")) | P9: =IF($B9="","",COUNTIFS('Ocorrências'!$U$5:$U$604,$A9&"|"&Config!$B$7,'Ocorrências'!$F$5:$F$604,"Ponto de atenção")+COUNTIFS('Ocorrências'!$U$5:$U$604,$A9&"|"&Config!$B$7,'Ocorrências'!$F$5:$F$604,"Incidente")) | Q9: =IF($B9="","",COUNTIFS('Ocorrências'!$U$5:$U$604,$A9&"|"&Config!$B$7,'Ocorrências'!$F$5:$F$604,"Ponto de atenção",'Ocorrências'!$L$5:$L$604,"Não")+COUNTIFS('Ocorrências'!$U$5:$U$604,$A9&"|"&Config!$B$7,'Ocorrências'!$F$5:$F$604,"Incidente",'Ocorrências'!$L$5:$L$604,"Não")) | R9: =IF($B9="","",IF(INDEX(Pessoas!$J$5:$J$64,MATCH($A9,Pessoas!$A$5:$A$64,0))="","nunca",Config!$B$6-INDEX(Pessoas!$J$5:$J$64,MATCH($A9,Pessoas!$A$5:$A$64,0)))) | S9: =IF($B9="","",COUNTIFS('Avaliação'!$Y$5:$Y$404,$A9&"|"&Config!$B$7,'Avaliação'!$N$5:$N$404,">=2")) | T9: =IF($B9="","",COUNTIFS('Avaliação'!$Y$5:$Y$404,$A9&"|"&Config!$B$7,'Avaliação'!$V$5:$V$404,"SEM LASTRO")) | U9: =IF($B9="","",IF(AND($Q9>0,COUNTIFS('Avaliação'!$Y$5:$Y$404,$A9&"|"&Config!$B$7,'Avaliação'!$P$5:$P$404,">=3")>0),$Q9,0)) | V9: =IF($B9="","",IF($U9>0,"Nota sustentada por omissão",IF($T9>0,"Nota sem lastro",IF($J9="","Sem avaliação no ciclo",IF($S9>0,"Calibrar divergência",IF($L9<-0.3,"Abaixo da expectativa",IF($Q9>0,"Negativa não conversada",IF(OR($R9="nunca",$R9>30),"1:1 atrasada","OK")))))))) | W9: =IF(ISNUMBER($F9),$F9*Config!$B$22,0)+IF(ISNUMBER($G9),$G9*Config!$B$23,0)+IF(ISNUMBER($H9),$H9*Config!$B$24,0)+IF(ISNUMBER($I9),$I9*Config!$B$25,0) | X9: =IF(ISNUMBER($F9),Config!$B$22,0)+IF(ISNUMBER($G9),Config!$B$23,0)+IF(ISNUMBER($H9),Config!$B$24,0)+IF(ISNUMBER($I9),Config!$B$25,0)
A10: =IF(Pessoas!$B8="","",Pessoas!$A8) | B10: =IF(Pessoas!$B8="","",Pessoas!$B8) | C10: =IF(Pessoas!$B8="","",Pessoas!$D8) | D10: =IF(Pessoas!$B8="","",Pessoas!$L8) | E10: =IF(Pessoas!$B8="","",Pessoas!$M8) | F10: =IF($B10="","",IFERROR(AVERAGEIFS('Avaliação'!$P$5:$P$404,'Avaliação'!$Z$5:$Z$404,$A10&"|"&Config!$B$7&"|"&Config!$A$22),"")) | G10: =IF($B10="","",IFERROR(AVERAGEIFS('Avaliação'!$P$5:$P$404,'Avaliação'!$Z$5:$Z$404,$A10&"|"&Config!$B$7&"|"&Config!$A$23),"")) | H10: =IF($B10="","",IFERROR(AVERAGEIFS('Avaliação'!$P$5:$P$404,'Avaliação'!$Z$5:$Z$404,$A10&"|"&Config!$B$7&"|"&Config!$A$24),"")) | I10: =IF($B10="","",IFERROR(AVERAGEIFS('Avaliação'!$P$5:$P$404,'Avaliação'!$Z$5:$Z$404,$A10&"|"&Config!$B$7&"|"&Config!$A$25),"")) | J10: =IF($X10=0,"",$W10/$X10) | K10: =IFERROR(INDEX(Config!$B$30:$B$33,MATCH($C10,Config!$A$30:$A$33,0)),"") | L10: =IF(OR($J10="",$K10=""),"",$J10-$K10) | M10: =IF($J10="","",IF($J10<2.5,"Abaixo",IF($J10<3.5,"Atende",IF($J10<=4.2,"Supera","Referência")))) | N10: =IF($B10="","",COUNTIFS('Ocorrências'!$U$5:$U$604,$A10&"|"&Config!$B$7)) | O10: =IF($B10="","",COUNTIFS('Ocorrências'!$U$5:$U$604,$A10&"|"&Config!$B$7,'Ocorrências'!$F$5:$F$604,"Reconhecimento")+COUNTIFS('Ocorrências'!$U$5:$U$604,$A10&"|"&Config!$B$7,'Ocorrências'!$F$5:$F$604,"Positiva")) | P10: =IF($B10="","",COUNTIFS('Ocorrências'!$U$5:$U$604,$A10&"|"&Config!$B$7,'Ocorrências'!$F$5:$F$604,"Ponto de atenção")+COUNTIFS('Ocorrências'!$U$5:$U$604,$A10&"|"&Config!$B$7,'Ocorrências'!$F$5:$F$604,"Incidente")) | Q10: =IF($B10="","",COUNTIFS('Ocorrências'!$U$5:$U$604,$A10&"|"&Config!$B$7,'Ocorrências'!$F$5:$F$604,"Ponto de atenção",'Ocorrências'!$L$5:$L$604,"Não")+COUNTIFS('Ocorrências'!$U$5:$U$604,$A10&"|"&Config!$B$7,'Ocorrências'!$F$5:$F$604,"Incidente",'Ocorrências'!$L$5:$L$604,"Não")) | R10: =IF($B10="","",IF(INDEX(Pessoas!$J$5:$J$64,MATCH($A10,Pessoas!$A$5:$A$64,0))="","nunca",Config!$B$6-INDEX(Pessoas!$J$5:$J$64,MATCH($A10,Pessoas!$A$5:$A$64,0)))) | S10: =IF($B10="","",COUNTIFS('Avaliação'!$Y$5:$Y$404,$A10&"|"&Config!$B$7,'Avaliação'!$N$5:$N$404,">=2")) | T10: =IF($B10="","",COUNTIFS('Avaliação'!$Y$5:$Y$404,$A10&"|"&Config!$B$7,'Avaliação'!$V$5:$V$404,"SEM LASTRO")) | U10: =IF($B10="","",IF(AND($Q10>0,COUNTIFS('Avaliação'!$Y$5:$Y$404,$A10&"|"&Config!$B$7,'Avaliação'!$P$5:$P$404,">=3")>0),$Q10,0)) | V10: =IF($B10="","",IF($U10>0,"Nota sustentada por omissão",IF($T10>0,"Nota sem lastro",IF($J10="","Sem avaliação no ciclo",IF($S10>0,"Calibrar divergência",IF($L10<-0.3,"Abaixo da expectativa",IF($Q10>0,"Negativa não conversada",IF(OR($R10="nunca",$R10>30),"1:1 atrasada","OK")))))))) | W10: =IF(ISNUMBER($F10),$F10*Config!$B$22,0)+IF(ISNUMBER($G10),$G10*Config!$B$23,0)+IF(ISNUMBER($H10),$H10*Config!$B$24,0)+IF(ISNUMBER($I10),$I10*Config!$B$25,0) | X10: =IF(ISNUMBER($F10),Config!$B$22,0)+IF(ISNUMBER($G10),Config!$B$23,0)+IF(ISNUMBER($H10),Config!$B$24,0)+IF(ISNUMBER($I10),Config!$B$25,0)
A11: =IF(Pessoas!$B9="","",Pessoas!$A9) | B11: =IF(Pessoas!$B9="","",Pessoas!$B9) | C11: =IF(Pessoas!$B9="","",Pessoas!$D9) | D11: =IF(Pessoas!$B9="","",Pessoas!$L9) | E11: =IF(Pessoas!$B9="","",Pessoas!$M9) | F11: =IF($B11="","",IFERROR(AVERAGEIFS('Avaliação'!$P$5:$P$404,'Avaliação'!$Z$5:$Z$404,$A11&"|"&Config!$B$7&"|"&Config!$A$22),"")) | G11: =IF($B11="","",IFERROR(AVERAGEIFS('Avaliação'!$P$5:$P$404,'Avaliação'!$Z$5:$Z$404,$A11&"|"&Config!$B$7&"|"&Config!$A$23),"")) | H11: =IF($B11="","",IFERROR(AVERAGEIFS('Avaliação'!$P$5:$P$404,'Avaliação'!$Z$5:$Z$404,$A11&"|"&Config!$B$7&"|"&Config!$A$24),"")) | I11: =IF($B11="","",IFERROR(AVERAGEIFS('Avaliação'!$P$5:$P$404,'Avaliação'!$Z$5:$Z$404,$A11&"|"&Config!$B$7&"|"&Config!$A$25),"")) | J11: =IF($X11=0,"",$W11/$X11) | K11: =IFERROR(INDEX(Config!$B$30:$B$33,MATCH($C11,Config!$A$30:$A$33,0)),"") | L11: =IF(OR($J11="",$K11=""),"",$J11-$K11) | M11: =IF($J11="","",IF($J11<2.5,"Abaixo",IF($J11<3.5,"Atende",IF($J11<=4.2,"Supera","Referência")))) | N11: =IF($B11="","",COUNTIFS('Ocorrências'!$U$5:$U$604,$A11&"|"&Config!$B$7)) | O11: =IF($B11="","",COUNTIFS('Ocorrências'!$U$5:$U$604,$A11&"|"&Config!$B$7,'Ocorrências'!$F$5:$F$604,"Reconhecimento")+COUNTIFS('Ocorrências'!$U$5:$U$604,$A11&"|"&Config!$B$7,'Ocorrências'!$F$5:$F$604,"Positiva")) | P11: =IF($B11="","",COUNTIFS('Ocorrências'!$U$5:$U$604,$A11&"|"&Config!$B$7,'Ocorrências'!$F$5:$F$604,"Ponto de atenção")+COUNTIFS('Ocorrências'!$U$5:$U$604,$A11&"|"&Config!$B$7,'Ocorrências'!$F$5:$F$604,"Incidente")) | Q11: =IF($B11="","",COUNTIFS('Ocorrências'!$U$5:$U$604,$A11&"|"&Config!$B$7,'Ocorrências'!$F$5:$F$604,"Ponto de atenção",'Ocorrências'!$L$5:$L$604,"Não")+COUNTIFS('Ocorrências'!$U$5:$U$604,$A11&"|"&Config!$B$7,'Ocorrências'!$F$5:$F$604,"Incidente",'Ocorrências'!$L$5:$L$604,"Não")) | R11: =IF($B11="","",IF(INDEX(Pessoas!$J$5:$J$64,MATCH($A11,Pessoas!$A$5:$A$64,0))="","nunca",Config!$B$6-INDEX(Pessoas!$J$5:$J$64,MATCH($A11,Pessoas!$A$5:$A$64,0)))) | S11: =IF($B11="","",COUNTIFS('Avaliação'!$Y$5:$Y$404,$A11&"|"&Config!$B$7,'Avaliação'!$N$5:$N$404,">=2")) | T11: =IF($B11="","",COUNTIFS('Avaliação'!$Y$5:$Y$404,$A11&"|"&Config!$B$7,'Avaliação'!$V$5:$V$404,"SEM LASTRO")) | U11: =IF($B11="","",IF(AND($Q11>0,COUNTIFS('Avaliação'!$Y$5:$Y$404,$A11&"|"&Config!$B$7,'Avaliação'!$P$5:$P$404,">=3")>0),$Q11,0)) | V11: =IF($B11="","",IF($U11>0,"Nota sustentada por omissão",IF($T11>0,"Nota sem lastro",IF($J11="","Sem avaliação no ciclo",IF($S11>0,"Calibrar divergência",IF($L11<-0.3,"Abaixo da expectativa",IF($Q11>0,"Negativa não conversada",IF(OR($R11="nunca",$R11>30),"1:1 atrasada","OK")))))))) | W11: =IF(ISNUMBER($F11),$F11*Config!$B$22,0)+IF(ISNUMBER($G11),$G11*Config!$B$23,0)+IF(ISNUMBER($H11),$H11*Config!$B$24,0)+IF(ISNUMBER($I11),$I11*Config!$B$25,0) | X11: =IF(ISNUMBER($F11),Config!$B$22,0)+IF(ISNUMBER($G11),Config!$B$23,0)+IF(ISNUMBER($H11),Config!$B$24,0)+IF(ISNUMBER($I11),Config!$B$25,0)
A12: =IF(Pessoas!$B10="","",Pessoas!$A10) | B12: =IF(Pessoas!$B10="","",Pessoas!$B10) | C12: =IF(Pessoas!$B10="","",Pessoas!$D10) | D12: =IF(Pessoas!$B10="","",Pessoas!$L10) | E12: =IF(Pessoas!$B10="","",Pessoas!$M10) | F12: =IF($B12="","",IFERROR(AVERAGEIFS('Avaliação'!$P$5:$P$404,'Avaliação'!$Z$5:$Z$404,$A12&"|"&Config!$B$7&"|"&Config!$A$22),"")) | G12: =IF($B12="","",IFERROR(AVERAGEIFS('Avaliação'!$P$5:$P$404,'Avaliação'!$Z$5:$Z$404,$A12&"|"&Config!$B$7&"|"&Config!$A$23),"")) | H12: =IF($B12="","",IFERROR(AVERAGEIFS('Avaliação'!$P$5:$P$404,'Avaliação'!$Z$5:$Z$404,$A12&"|"&Config!$B$7&"|"&Config!$A$24),"")) | I12: =IF($B12="","",IFERROR(AVERAGEIFS('Avaliação'!$P$5:$P$404,'Avaliação'!$Z$5:$Z$404,$A12&"|"&Config!$B$7&"|"&Config!$A$25),"")) | J12: =IF($X12=0,"",$W12/$X12) | K12: =IFERROR(INDEX(Config!$B$30:$B$33,MATCH($C12,Config!$A$30:$A$33,0)),"") | L12: =IF(OR($J12="",$K12=""),"",$J12-$K12) | M12: =IF($J12="","",IF($J12<2.5,"Abaixo",IF($J12<3.5,"Atende",IF($J12<=4.2,"Supera","Referência")))) | N12: =IF($B12="","",COUNTIFS('Ocorrências'!$U$5:$U$604,$A12&"|"&Config!$B$7)) | O12: =IF($B12="","",COUNTIFS('Ocorrências'!$U$5:$U$604,$A12&"|"&Config!$B$7,'Ocorrências'!$F$5:$F$604,"Reconhecimento")+COUNTIFS('Ocorrências'!$U$5:$U$604,$A12&"|"&Config!$B$7,'Ocorrências'!$F$5:$F$604,"Positiva")) | P12: =IF($B12="","",COUNTIFS('Ocorrências'!$U$5:$U$604,$A12&"|"&Config!$B$7,'Ocorrências'!$F$5:$F$604,"Ponto de atenção")+COUNTIFS('Ocorrências'!$U$5:$U$604,$A12&"|"&Config!$B$7,'Ocorrências'!$F$5:$F$604,"Incidente")) | Q12: =IF($B12="","",COUNTIFS('Ocorrências'!$U$5:$U$604,$A12&"|"&Config!$B$7,'Ocorrências'!$F$5:$F$604,"Ponto de atenção",'Ocorrências'!$L$5:$L$604,"Não")+COUNTIFS('Ocorrências'!$U$5:$U$604,$A12&"|"&Config!$B$7,'Ocorrências'!$F$5:$F$604,"Incidente",'Ocorrências'!$L$5:$L$604,"Não")) | R12: =IF($B12="","",IF(INDEX(Pessoas!$J$5:$J$64,MATCH($A12,Pessoas!$A$5:$A$64,0))="","nunca",Config!$B$6-INDEX(Pessoas!$J$5:$J$64,MATCH($A12,Pessoas!$A$5:$A$64,0)))) | S12: =IF($B12="","",COUNTIFS('Avaliação'!$Y$5:$Y$404,$A12&"|"&Config!$B$7,'Avaliação'!$N$5:$N$404,">=2")) | T12: =IF($B12="","",COUNTIFS('Avaliação'!$Y$5:$Y$404,$A12&"|"&Config!$B$7,'Avaliação'!$V$5:$V$404,"SEM LASTRO")) | U12: =IF($B12="","",IF(AND($Q12>0,COUNTIFS('Avaliação'!$Y$5:$Y$404,$A12&"|"&Config!$B$7,'Avaliação'!$P$5:$P$404,">=3")>0),$Q12,0)) | V12: =IF($B12="","",IF($U12>0,"Nota sustentada por omissão",IF($T12>0,"Nota sem lastro",IF($J12="","Sem avaliação no ciclo",IF($S12>0,"Calibrar divergência",IF($L12<-0.3,"Abaixo da expectativa",IF($Q12>0,"Negativa não conversada",IF(OR($R12="nunca",$R12>30),"1:1 atrasada","OK")))))))) | W12: =IF(ISNUMBER($F12),$F12*Config!$B$22,0)+IF(ISNUMBER($G12),$G12*Config!$B$23,0)+IF(ISNUMBER($H12),$H12*Config!$B$24,0)+IF(ISNUMBER($I12),$I12*Config!$B$25,0) | X12: =IF(ISNUMBER($F12),Config!$B$22,0)+IF(ISNUMBER($G12),Config!$B$23,0)+IF(ISNUMBER($H12),Config!$B$24,0)+IF(ISNUMBER($I12),Config!$B$25,0)
A13: =IF(Pessoas!$B11="","",Pessoas!$A11) | B13: =IF(Pessoas!$B11="","",Pessoas!$B11) | C13: =IF(Pessoas!$B11="","",Pessoas!$D11) | D13: =IF(Pessoas!$B11="","",Pessoas!$L11) | E13: =IF(Pessoas!$B11="","",Pessoas!$M11) | F13: =IF($B13="","",IFERROR(AVERAGEIFS('Avaliação'!$P$5:$P$404,'Avaliação'!$Z$5:$Z$404,$A13&"|"&Config!$B$7&"|"&Config!$A$22),"")) | G13: =IF($B13="","",IFERROR(AVERAGEIFS('Avaliação'!$P$5:$P$404,'Avaliação'!$Z$5:$Z$404,$A13&"|"&Config!$B$7&"|"&Config!$A$23),"")) | H13: =IF($B13="","",IFERROR(AVERAGEIFS('Avaliação'!$P$5:$P$404,'Avaliação'!$Z$5:$Z$404,$A13&"|"&Config!$B$7&"|"&Config!$A$24),"")) | I13: =IF($B13="","",IFERROR(AVERAGEIFS('Avaliação'!$P$5:$P$404,'Avaliação'!$Z$5:$Z$404,$A13&"|"&Config!$B$7&"|"&Config!$A$25),"")) | J13: =IF($X13=0,"",$W13/$X13) | K13: =IFERROR(INDEX(Config!$B$30:$B$33,MATCH($C13,Config!$A$30:$A$33,0)),"") | L13: =IF(OR($J13="",$K13=""),"",$J13-$K13) | M13: =IF($J13="","",IF($J13<2.5,"Abaixo",IF($J13<3.5,"Atende",IF($J13<=4.2,"Supera","Referência")))) | N13: =IF($B13="","",COUNTIFS('Ocorrências'!$U$5:$U$604,$A13&"|"&Config!$B$7)) | O13: =IF($B13="","",COUNTIFS('Ocorrências'!$U$5:$U$604,$A13&"|"&Config!$B$7,'Ocorrências'!$F$5:$F$604,"Reconhecimento")+COUNTIFS('Ocorrências'!$U$5:$U$604,$A13&"|"&Config!$B$7,'Ocorrências'!$F$5:$F$604,"Positiva")) | P13: =IF($B13="","",COUNTIFS('Ocorrências'!$U$5:$U$604,$A13&"|"&Config!$B$7,'Ocorrências'!$F$5:$F$604,"Ponto de atenção")+COUNTIFS('Ocorrências'!$U$5:$U$604,$A13&"|"&Config!$B$7,'Ocorrências'!$F$5:$F$604,"Incidente")) | Q13: =IF($B13="","",COUNTIFS('Ocorrências'!$U$5:$U$604,$A13&"|"&Config!$B$7,'Ocorrências'!$F$5:$F$604,"Ponto de atenção",'Ocorrências'!$L$5:$L$604,"Não")+COUNTIFS('Ocorrências'!$U$5:$U$604,$A13&"|"&Config!$B$7,'Ocorrências'!$F$5:$F$604,"Incidente",'Ocorrências'!$L$5:$L$604,"Não")) | R13: =IF($B13="","",IF(INDEX(Pessoas!$J$5:$J$64,MATCH($A13,Pessoas!$A$5:$A$64,0))="","nunca",Config!$B$6-INDEX(Pessoas!$J$5:$J$64,MATCH($A13,Pessoas!$A$5:$A$64,0)))) | S13: =IF($B13="","",COUNTIFS('Avaliação'!$Y$5:$Y$404,$A13&"|"&Config!$B$7,'Avaliação'!$N$5:$N$404,">=2")) | T13: =IF($B13="","",COUNTIFS('Avaliação'!$Y$5:$Y$404,$A13&"|"&Config!$B$7,'Avaliação'!$V$5:$V$404,"SEM LASTRO")) | U13: =IF($B13="","",IF(AND($Q13>0,COUNTIFS('Avaliação'!$Y$5:$Y$404,$A13&"|"&Config!$B$7,'Avaliação'!$P$5:$P$404,">=3")>0),$Q13,0)) | V13: =IF($B13="","",IF($U13>0,"Nota sustentada por omissão",IF($T13>0,"Nota sem lastro",IF($J13="","Sem avaliação no ciclo",IF($S13>0,"Calibrar divergência",IF($L13<-0.3,"Abaixo da expectativa",IF($Q13>0,"Negativa não conversada",IF(OR($R13="nunca",$R13>30),"1:1 atrasada","OK")))))))) | W13: =IF(ISNUMBER($F13),$F13*Config!$B$22,0)+IF(ISNUMBER($G13),$G13*Config!$B$23,0)+IF(ISNUMBER($H13),$H13*Config!$B$24,0)+IF(ISNUMBER($I13),$I13*Config!$B$25,0) | X13: =IF(ISNUMBER($F13),Config!$B$22,0)+IF(ISNUMBER($G13),Config!$B$23,0)+IF(ISNUMBER($H13),Config!$B$24,0)+IF(ISNUMBER($I13),Config!$B$25,0)
A14: =IF(Pessoas!$B12="","",Pessoas!$A12) | B14: =IF(Pessoas!$B12="","",Pessoas!$B12) | C14: =IF(Pessoas!$B12="","",Pessoas!$D12) | D14: =IF(Pessoas!$B12="","",Pessoas!$L12) | E14: =IF(Pessoas!$B12="","",Pessoas!$M12) | F14: =IF($B14="","",IFERROR(AVERAGEIFS('Avaliação'!$P$5:$P$404,'Avaliação'!$Z$5:$Z$404,$A14&"|"&Config!$B$7&"|"&Config!$A$22),"")) | G14: =IF($B14="","",IFERROR(AVERAGEIFS('Avaliação'!$P$5:$P$404,'Avaliação'!$Z$5:$Z$404,$A14&"|"&Config!$B$7&"|"&Config!$A$23),"")) | H14: =IF($B14="","",IFERROR(AVERAGEIFS('Avaliação'!$P$5:$P$404,'Avaliação'!$Z$5:$Z$404,$A14&"|"&Config!$B$7&"|"&Config!$A$24),"")) | I14: =IF($B14="","",IFERROR(AVERAGEIFS('Avaliação'!$P$5:$P$404,'Avaliação'!$Z$5:$Z$404,$A14&"|"&Config!$B$7&"|"&Config!$A$25),"")) | J14: =IF($X14=0,"",$W14/$X14) | K14: =IFERROR(INDEX(Config!$B$30:$B$33,MATCH($C14,Config!$A$30:$A$33,0)),"") | L14: =IF(OR($J14="",$K14=""),"",$J14-$K14) | M14: =IF($J14="","",IF($J14<2.5,"Abaixo",IF($J14<3.5,"Atende",IF($J14<=4.2,"Supera","Referência")))) | N14: =IF($B14="","",COUNTIFS('Ocorrências'!$U$5:$U$604,$A14&"|"&Config!$B$7)) | O14: =IF($B14="","",COUNTIFS('Ocorrências'!$U$5:$U$604,$A14&"|"&Config!$B$7,'Ocorrências'!$F$5:$F$604,"Reconhecimento")+COUNTIFS('Ocorrências'!$U$5:$U$604,$A14&"|"&Config!$B$7,'Ocorrências'!$F$5:$F$604,"Positiva")) | P14: =IF($B14="","",COUNTIFS('Ocorrências'!$U$5:$U$604,$A14&"|"&Config!$B$7,'Ocorrências'!$F$5:$F$604,"Ponto de atenção")+COUNTIFS('Ocorrências'!$U$5:$U$604,$A14&"|"&Config!$B$7,'Ocorrências'!$F$5:$F$604,"Incidente")) | Q14: =IF($B14="","",COUNTIFS('Ocorrências'!$U$5:$U$604,$A14&"|"&Config!$B$7,'Ocorrências'!$F$5:$F$604,"Ponto de atenção",'Ocorrências'!$L$5:$L$604,"Não")+COUNTIFS('Ocorrências'!$U$5:$U$604,$A14&"|"&Config!$B$7,'Ocorrências'!$F$5:$F$604,"Incidente",'Ocorrências'!$L$5:$L$604,"Não")) | R14: =IF($B14="","",IF(INDEX(Pessoas!$J$5:$J$64,MATCH($A14,Pessoas!$A$5:$A$64,0))="","nunca",Config!$B$6-INDEX(Pessoas!$J$5:$J$64,MATCH($A14,Pessoas!$A$5:$A$64,0)))) | S14: =IF($B14="","",COUNTIFS('Avaliação'!$Y$5:$Y$404,$A14&"|"&Config!$B$7,'Avaliação'!$N$5:$N$404,">=2")) | T14: =IF($B14="","",COUNTIFS('Avaliação'!$Y$5:$Y$404,$A14&"|"&Config!$B$7,'Avaliação'!$V$5:$V$404,"SEM LASTRO")) | U14: =IF($B14="","",IF(AND($Q14>0,COUNTIFS('Avaliação'!$Y$5:$Y$404,$A14&"|"&Config!$B$7,'Avaliação'!$P$5:$P$404,">=3")>0),$Q14,0)) | V14: =IF($B14="","",IF($U14>0,"Nota sustentada por omissão",IF($T14>0,"Nota sem lastro",IF($J14="","Sem avaliação no ciclo",IF($S14>0,"Calibrar divergência",IF($L14<-0.3,"Abaixo da expectativa",IF($Q14>0,"Negativa não conversada",IF(OR($R14="nunca",$R14>30),"1:1 atrasada","OK")))))))) | W14: =IF(ISNUMBER($F14),$F14*Config!$B$22,0)+IF(ISNUMBER($G14),$G14*Config!$B$23,0)+IF(ISNUMBER($H14),$H14*Config!$B$24,0)+IF(ISNUMBER($I14),$I14*Config!$B$25,0) | X14: =IF(ISNUMBER($F14),Config!$B$22,0)+IF(ISNUMBER($G14),Config!$B$23,0)+IF(ISNUMBER($H14),Config!$B$24,0)+IF(ISNUMBER($I14),Config!$B$25,0)
A15: =IF(Pessoas!$B13="","",Pessoas!$A13) | B15: =IF(Pessoas!$B13="","",Pessoas!$B13) | C15: =IF(Pessoas!$B13="","",Pessoas!$D13) | D15: =IF(Pessoas!$B13="","",Pessoas!$L13) | E15: =IF(Pessoas!$B13="","",Pessoas!$M13) | F15: =IF($B15="","",IFERROR(AVERAGEIFS('Avaliação'!$P$5:$P$404,'Avaliação'!$Z$5:$Z$404,$A15&"|"&Config!$B$7&"|"&Config!$A$22),"")) | G15: =IF($B15="","",IFERROR(AVERAGEIFS('Avaliação'!$P$5:$P$404,'Avaliação'!$Z$5:$Z$404,$A15&"|"&Config!$B$7&"|"&Config!$A$23),"")) | H15: =IF($B15="","",IFERROR(AVERAGEIFS('Avaliação'!$P$5:$P$404,'Avaliação'!$Z$5:$Z$404,$A15&"|"&Config!$B$7&"|"&Config!$A$24),"")) | I15: =IF($B15="","",IFERROR(AVERAGEIFS('Avaliação'!$P$5:$P$404,'Avaliação'!$Z$5:$Z$404,$A15&"|"&Config!$B$7&"|"&Config!$A$25),"")) | J15: =IF($X15=0,"",$W15/$X15) | K15: =IFERROR(INDEX(Config!$B$30:$B$33,MATCH($C15,Config!$A$30:$A$33,0)),"") | L15: =IF(OR($J15="",$K15=""),"",$J15-$K15) | M15: =IF($J15="","",IF($J15<2.5,"Abaixo",IF($J15<3.5,"Atende",IF($J15<=4.2,"Supera","Referência")))) | N15: =IF($B15="","",COUNTIFS('Ocorrências'!$U$5:$U$604,$A15&"|"&Config!$B$7)) | O15: =IF($B15="","",COUNTIFS('Ocorrências'!$U$5:$U$604,$A15&"|"&Config!$B$7,'Ocorrências'!$F$5:$F$604,"Reconhecimento")+COUNTIFS('Ocorrências'!$U$5:$U$604,$A15&"|"&Config!$B$7,'Ocorrências'!$F$5:$F$604,"Positiva")) | P15: =IF($B15="","",COUNTIFS('Ocorrências'!$U$5:$U$604,$A15&"|"&Config!$B$7,'Ocorrências'!$F$5:$F$604,"Ponto de atenção")+COUNTIFS('Ocorrências'!$U$5:$U$604,$A15&"|"&Config!$B$7,'Ocorrências'!$F$5:$F$604,"Incidente")) | Q15: =IF($B15="","",COUNTIFS('Ocorrências'!$U$5:$U$604,$A15&"|"&Config!$B$7,'Ocorrências'!$F$5:$F$604,"Ponto de atenção",'Ocorrências'!$L$5:$L$604,"Não")+COUNTIFS('Ocorrências'!$U$5:$U$604,$A15&"|"&Config!$B$7,'Ocorrências'!$F$5:$F$604,"Incidente",'Ocorrências'!$L$5:$L$604,"Não")) | R15: =IF($B15="","",IF(INDEX(Pessoas!$J$5:$J$64,MATCH($A15,Pessoas!$A$5:$A$64,0))="","nunca",Config!$B$6-INDEX(Pessoas!$J$5:$J$64,MATCH($A15,Pessoas!$A$5:$A$64,0)))) | S15: =IF($B15="","",COUNTIFS('Avaliação'!$Y$5:$Y$404,$A15&"|"&Config!$B$7,'Avaliação'!$N$5:$N$404,">=2")) | T15: =IF($B15="","",COUNTIFS('Avaliação'!$Y$5:$Y$404,$A15&"|"&Config!$B$7,'Avaliação'!$V$5:$V$404,"SEM LASTRO")) | U15: =IF($B15="","",IF(AND($Q15>0,COUNTIFS('Avaliação'!$Y$5:$Y$404,$A15&"|"&Config!$B$7,'Avaliação'!$P$5:$P$404,">=3")>0),$Q15,0)) | V15: =IF($B15="","",IF($U15>0,"Nota sustentada por omissão",IF($T15>0,"Nota sem lastro",IF($J15="","Sem avaliação no ciclo",IF($S15>0,"Calibrar divergência",IF($L15<-0.3,"Abaixo da expectativa",IF($Q15>0,"Negativa não conversada",IF(OR($R15="nunca",$R15>30),"1:1 atrasada","OK")))))))) | W15: =IF(ISNUMBER($F15),$F15*Config!$B$22,0)+IF(ISNUMBER($G15),$G15*Config!$B$23,0)+IF(ISNUMBER($H15),$H15*Config!$B$24,0)+IF(ISNUMBER($I15),$I15*Config!$B$25,0) | X15: =IF(ISNUMBER($F15),Config!$B$22,0)+IF(ISNUMBER($G15),Config!$B$23,0)+IF(ISNUMBER($H15),Config!$B$24,0)+IF(ISNUMBER($I15),Config!$B$25,0)
A16: =IF(Pessoas!$B14="","",Pessoas!$A14) | B16: =IF(Pessoas!$B14="","",Pessoas!$B14) | C16: =IF(Pessoas!$B14="","",Pessoas!$D14) | D16: =IF(Pessoas!$B14="","",Pessoas!$L14) | E16: =IF(Pessoas!$B14="","",Pessoas!$M14) | F16: =IF($B16="","",IFERROR(AVERAGEIFS('Avaliação'!$P$5:$P$404,'Avaliação'!$Z$5:$Z$404,$A16&"|"&Config!$B$7&"|"&Config!$A$22),"")) | G16: =IF($B16="","",IFERROR(AVERAGEIFS('Avaliação'!$P$5:$P$404,'Avaliação'!$Z$5:$Z$404,$A16&"|"&Config!$B$7&"|"&Config!$A$23),"")) | H16: =IF($B16="","",IFERROR(AVERAGEIFS('Avaliação'!$P$5:$P$404,'Avaliação'!$Z$5:$Z$404,$A16&"|"&Config!$B$7&"|"&Config!$A$24),"")) | I16: =IF($B16="","",IFERROR(AVERAGEIFS('Avaliação'!$P$5:$P$404,'Avaliação'!$Z$5:$Z$404,$A16&"|"&Config!$B$7&"|"&Config!$A$25),"")) | J16: =IF($X16=0,"",$W16/$X16) | K16: =IFERROR(INDEX(Config!$B$30:$B$33,MATCH($C16,Config!$A$30:$A$33,0)),"") | L16: =IF(OR($J16="",$K16=""),"",$J16-$K16) | M16: =IF($J16="","",IF($J16<2.5,"Abaixo",IF($J16<3.5,"Atende",IF($J16<=4.2,"Supera","Referência")))) | N16: =IF($B16="","",COUNTIFS('Ocorrências'!$U$5:$U$604,$A16&"|"&Config!$B$7)) | O16: =IF($B16="","",COUNTIFS('Ocorrências'!$U$5:$U$604,$A16&"|"&Config!$B$7,'Ocorrências'!$F$5:$F$604,"Reconhecimento")+COUNTIFS('Ocorrências'!$U$5:$U$604,$A16&"|"&Config!$B$7,'Ocorrências'!$F$5:$F$604,"Positiva")) | P16: =IF($B16="","",COUNTIFS('Ocorrências'!$U$5:$U$604,$A16&"|"&Config!$B$7,'Ocorrências'!$F$5:$F$604,"Ponto de atenção")+COUNTIFS('Ocorrências'!$U$5:$U$604,$A16&"|"&Config!$B$7,'Ocorrências'!$F$5:$F$604,"Incidente")) | Q16: =IF($B16="","",COUNTIFS('Ocorrências'!$U$5:$U$604,$A16&"|"&Config!$B$7,'Ocorrências'!$F$5:$F$604,"Ponto de atenção",'Ocorrências'!$L$5:$L$604,"Não")+COUNTIFS('Ocorrências'!$U$5:$U$604,$A16&"|"&Config!$B$7,'Ocorrências'!$F$5:$F$604,"Incidente",'Ocorrências'!$L$5:$L$604,"Não")) | R16: =IF($B16="","",IF(INDEX(Pessoas!$J$5:$J$64,MATCH($A16,Pessoas!$A$5:$A$64,0))="","nunca",Config!$B$6-INDEX(Pessoas!$J$5:$J$64,MATCH($A16,Pessoas!$A$5:$A$64,0)))) | S16: =IF($B16="","",COUNTIFS('Avaliação'!$Y$5:$Y$404,$A16&"|"&Config!$B$7,'Avaliação'!$N$5:$N$404,">=2")) | T16: =IF($B16="","",COUNTIFS('Avaliação'!$Y$5:$Y$404,$A16&"|"&Config!$B$7,'Avaliação'!$V$5:$V$404,"SEM LASTRO")) | U16: =IF($B16="","",IF(AND($Q16>0,COUNTIFS('Avaliação'!$Y$5:$Y$404,$A16&"|"&Config!$B$7,'Avaliação'!$P$5:$P$404,">=3")>0),$Q16,0)) | V16: =IF($B16="","",IF($U16>0,"Nota sustentada por omissão",IF($T16>0,"Nota sem lastro",IF($J16="","Sem avaliação no ciclo",IF($S16>0,"Calibrar divergência",IF($L16<-0.3,"Abaixo da expectativa",IF($Q16>0,"Negativa não conversada",IF(OR($R16="nunca",$R16>30),"1:1 atrasada","OK")))))))) | W16: =IF(ISNUMBER($F16),$F16*Config!$B$22,0)+IF(ISNUMBER($G16),$G16*Config!$B$23,0)+IF(ISNUMBER($H16),$H16*Config!$B$24,0)+IF(ISNUMBER($I16),$I16*Config!$B$25,0) | X16: =IF(ISNUMBER($F16),Config!$B$22,0)+IF(ISNUMBER($G16),Config!$B$23,0)+IF(ISNUMBER($H16),Config!$B$24,0)+IF(ISNUMBER($I16),Config!$B$25,0)
A17: =IF(Pessoas!$B15="","",Pessoas!$A15) | B17: =IF(Pessoas!$B15="","",Pessoas!$B15) | C17: =IF(Pessoas!$B15="","",Pessoas!$D15) | D17: =IF(Pessoas!$B15="","",Pessoas!$L15) | E17: =IF(Pessoas!$B15="","",Pessoas!$M15) | F17: =IF($B17="","",IFERROR(AVERAGEIFS('Avaliação'!$P$5:$P$404,'Avaliação'!$Z$5:$Z$404,$A17&"|"&Config!$B$7&"|"&Config!$A$22),"")) | G17: =IF($B17="","",IFERROR(AVERAGEIFS('Avaliação'!$P$5:$P$404,'Avaliação'!$Z$5:$Z$404,$A17&"|"&Config!$B$7&"|"&Config!$A$23),"")) | H17: =IF($B17="","",IFERROR(AVERAGEIFS('Avaliação'!$P$5:$P$404,'Avaliação'!$Z$5:$Z$404,$A17&"|"&Config!$B$7&"|"&Config!$A$24),"")) | I17: =IF($B17="","",IFERROR(AVERAGEIFS('Avaliação'!$P$5:$P$404,'Avaliação'!$Z$5:$Z$404,$A17&"|"&Config!$B$7&"|"&Config!$A$25),"")) | J17: =IF($X17=0,"",$W17/$X17) | K17: =IFERROR(INDEX(Config!$B$30:$B$33,MATCH($C17,Config!$A$30:$A$33,0)),"") | L17: =IF(OR($J17="",$K17=""),"",$J17-$K17) | M17: =IF($J17="","",IF($J17<2.5,"Abaixo",IF($J17<3.5,"Atende",IF($J17<=4.2,"Supera","Referência")))) | N17: =IF($B17="","",COUNTIFS('Ocorrências'!$U$5:$U$604,$A17&"|"&Config!$B$7)) | O17: =IF($B17="","",COUNTIFS('Ocorrências'!$U$5:$U$604,$A17&"|"&Config!$B$7,'Ocorrências'!$F$5:$F$604,"Reconhecimento")+COUNTIFS('Ocorrências'!$U$5:$U$604,$A17&"|"&Config!$B$7,'Ocorrências'!$F$5:$F$604,"Positiva")) | P17: =IF($B17="","",COUNTIFS('Ocorrências'!$U$5:$U$604,$A17&"|"&Config!$B$7,'Ocorrências'!$F$5:$F$604,"Ponto de atenção")+COUNTIFS('Ocorrências'!$U$5:$U$604,$A17&"|"&Config!$B$7,'Ocorrências'!$F$5:$F$604,"Incidente")) | Q17: =IF($B17="","",COUNTIFS('Ocorrências'!$U$5:$U$604,$A17&"|"&Config!$B$7,'Ocorrências'!$F$5:$F$604,"Ponto de atenção",'Ocorrências'!$L$5:$L$604,"Não")+COUNTIFS('Ocorrências'!$U$5:$U$604,$A17&"|"&Config!$B$7,'Ocorrências'!$F$5:$F$604,"Incidente",'Ocorrências'!$L$5:$L$604,"Não")) | R17: =IF($B17="","",IF(INDEX(Pessoas!$J$5:$J$64,MATCH($A17,Pessoas!$A$5:$A$64,0))="","nunca",Config!$B$6-INDEX(Pessoas!$J$5:$J$64,MATCH($A17,Pessoas!$A$5:$A$64,0)))) | S17: =IF($B17="","",COUNTIFS('Avaliação'!$Y$5:$Y$404,$A17&"|"&Config!$B$7,'Avaliação'!$N$5:$N$404,">=2")) | T17: =IF($B17="","",COUNTIFS('Avaliação'!$Y$5:$Y$404,$A17&"|"&Config!$B$7,'Avaliação'!$V$5:$V$404,"SEM LASTRO")) | U17: =IF($B17="","",IF(AND($Q17>0,COUNTIFS('Avaliação'!$Y$5:$Y$404,$A17&"|"&Config!$B$7,'Avaliação'!$P$5:$P$404,">=3")>0),$Q17,0)) | V17: =IF($B17="","",IF($U17>0,"Nota sustentada por omissão",IF($T17>0,"Nota sem lastro",IF($J17="","Sem avaliação no ciclo",IF($S17>0,"Calibrar divergência",IF($L17<-0.3,"Abaixo da expectativa",IF($Q17>0,"Negativa não conversada",IF(OR($R17="nunca",$R17>30),"1:1 atrasada","OK")))))))) | W17: =IF(ISNUMBER($F17),$F17*Config!$B$22,0)+IF(ISNUMBER($G17),$G17*Config!$B$23,0)+IF(ISNUMBER($H17),$H17*Config!$B$24,0)+IF(ISNUMBER($I17),$I17*Config!$B$25,0) | X17: =IF(ISNUMBER($F17),Config!$B$22,0)+IF(ISNUMBER($G17),Config!$B$23,0)+IF(ISNUMBER($H17),Config!$B$24,0)+IF(ISNUMBER($I17),Config!$B$25,0)
A18: =IF(Pessoas!$B16="","",Pessoas!$A16) | B18: =IF(Pessoas!$B16="","",Pessoas!$B16) | C18: =IF(Pessoas!$B16="","",Pessoas!$D16) | D18: =IF(Pessoas!$B16="","",Pessoas!$L16) | E18: =IF(Pessoas!$B16="","",Pessoas!$M16) | F18: =IF($B18="","",IFERROR(AVERAGEIFS('Avaliação'!$P$5:$P$404,'Avaliação'!$Z$5:$Z$404,$A18&"|"&Config!$B$7&"|"&Config!$A$22),"")) | G18: =IF($B18="","",IFERROR(AVERAGEIFS('Avaliação'!$P$5:$P$404,'Avaliação'!$Z$5:$Z$404,$A18&"|"&Config!$B$7&"|"&Config!$A$23),"")) | H18: =IF($B18="","",IFERROR(AVERAGEIFS('Avaliação'!$P$5:$P$404,'Avaliação'!$Z$5:$Z$404,$A18&"|"&Config!$B$7&"|"&Config!$A$24),"")) | I18: =IF($B18="","",IFERROR(AVERAGEIFS('Avaliação'!$P$5:$P$404,'Avaliação'!$Z$5:$Z$404,$A18&"|"&Config!$B$7&"|"&Config!$A$25),"")) | J18: =IF($X18=0,"",$W18/$X18) | K18: =IFERROR(INDEX(Config!$B$30:$B$33,MATCH($C18,Config!$A$30:$A$33,0)),"") | L18: =IF(OR($J18="",$K18=""),"",$J18-$K18) | M18: =IF($J18="","",IF($J18<2.5,"Abaixo",IF($J18<3.5,"Atende",IF($J18<=4.2,"Supera","Referência")))) | N18: =IF($B18="","",COUNTIFS('Ocorrências'!$U$5:$U$604,$A18&"|"&Config!$B$7)) | O18: =IF($B18="","",COUNTIFS('Ocorrências'!$U$5:$U$604,$A18&"|"&Config!$B$7,'Ocorrências'!$F$5:$F$604,"Reconhecimento")+COUNTIFS('Ocorrências'!$U$5:$U$604,$A18&"|"&Config!$B$7,'Ocorrências'!$F$5:$F$604,"Positiva")) | P18: =IF($B18="","",COUNTIFS('Ocorrências'!$U$5:$U$604,$A18&"|"&Config!$B$7,'Ocorrências'!$F$5:$F$604,"Ponto de atenção")+COUNTIFS('Ocorrências'!$U$5:$U$604,$A18&"|"&Config!$B$7,'Ocorrências'!$F$5:$F$604,"Incidente")) | Q18: =IF($B18="","",COUNTIFS('Ocorrências'!$U$5:$U$604,$A18&"|"&Config!$B$7,'Ocorrências'!$F$5:$F$604,"Ponto de atenção",'Ocorrências'!$L$5:$L$604,"Não")+COUNTIFS('Ocorrências'!$U$5:$U$604,$A18&"|"&Config!$B$7,'Ocorrências'!$F$5:$F$604,"Incidente",'Ocorrências'!$L$5:$L$604,"Não")) | R18: =IF($B18="","",IF(INDEX(Pessoas!$J$5:$J$64,MATCH($A18,Pessoas!$A$5:$A$64,0))="","nunca",Config!$B$6-INDEX(Pessoas!$J$5:$J$64,MATCH($A18,Pessoas!$A$5:$A$64,0)))) | S18: =IF($B18="","",COUNTIFS('Avaliação'!$Y$5:$Y$404,$A18&"|"&Config!$B$7,'Avaliação'!$N$5:$N$404,">=2")) | T18: =IF($B18="","",COUNTIFS('Avaliação'!$Y$5:$Y$404,$A18&"|"&Config!$B$7,'Avaliação'!$V$5:$V$404,"SEM LASTRO")) | U18: =IF($B18="","",IF(AND($Q18>0,COUNTIFS('Avaliação'!$Y$5:$Y$404,$A18&"|"&Config!$B$7,'Avaliação'!$P$5:$P$404,">=3")>0),$Q18,0)) | V18: =IF($B18="","",IF($U18>0,"Nota sustentada por omissão",IF($T18>0,"Nota sem lastro",IF($J18="","Sem avaliação no ciclo",IF($S18>0,"Calibrar divergência",IF($L18<-0.3,"Abaixo da expectativa",IF($Q18>0,"Negativa não conversada",IF(OR($R18="nunca",$R18>30),"1:1 atrasada","OK")))))))) | W18: =IF(ISNUMBER($F18),$F18*Config!$B$22,0)+IF(ISNUMBER($G18),$G18*Config!$B$23,0)+IF(ISNUMBER($H18),$H18*Config!$B$24,0)+IF(ISNUMBER($I18),$I18*Config!$B$25,0) | X18: =IF(ISNUMBER($F18),Config!$B$22,0)+IF(ISNUMBER($G18),Config!$B$23,0)+IF(ISNUMBER($H18),Config!$B$24,0)+IF(ISNUMBER($I18),Config!$B$25,0)
... A64: =IF(Pessoas!$B62="","",Pessoas!$A62) | B64: =IF(Pessoas!$B62="","",Pessoas!$B62) | C64: =IF(Pessoas!$B62="","",Pessoas!$D62) | D64: =IF(Pessoas!$B62="","",Pessoas!$L62) | E64: =IF(Pessoas!$B62="","",Pessoas!$M62) | F64: =IF($B64="","",IFERROR(AVERAGEIFS('Avaliação'!$P$5:$P$404,'Avaliação'!$Z$5:$Z$404,$A64&"|"&Config!$B$7&"|"&Config!$A$22),"")) | G64: =IF($B64="","",IFERROR(AVERAGEIFS('Avaliação'!$P$5:$P$404,'Avaliação'!$Z$5:$Z$404,$A64&"|"&Config!$B$7&"|"&Config!$A$23),"")) | H64: =IF($B64="","",IFERROR(AVERAGEIFS('Avaliação'!$P$5:$P$404,'Avaliação'!$Z$5:$Z$404,$A64&"|"&Config!$B$7&"|"&Config!$A$24),"")) | I64: =IF($B64="","",IFERROR(AVERAGEIFS('Avaliação'!$P$5:$P$404,'Avaliação'!$Z$5:$Z$404,$A64&"|"&Config!$B$7&"|"&Config!$A$25),"")) | J64: =IF($X64=0,"",$W64/$X64) | K64: =IFERROR(INDEX(Config!$B$30:$B$33,MATCH($C64,Config!$A$30:$A$33,0)),"") | L64: =IF(OR($J64="",$K64=""),"",$J64-$K64) | M64: =IF($J64="","",IF($J64<2.5,"Abaixo",IF($J64<3.5,"Atende",IF($J64<=4.2,"Supera","Referência")))) | N64: =IF($B64="","",COUNTIFS('Ocorrências'!$U$5:$U$604,$A64&"|"&Config!$B$7)) | O64: =IF($B64="","",COUNTIFS('Ocorrências'!$U$5:$U$604,$A64&"|"&Config!$B$7,'Ocorrências'!$F$5:$F$604,"Reconhecimento")+COUNTIFS('Ocorrências'!$U$5:$U$604,$A64&"|"&Config!$B$7,'Ocorrências'!$F$5:$F$604,"Positiva")) | P64: =IF($B64="","",COUNTIFS('Ocorrências'!$U$5:$U$604,$A64&"|"&Config!$B$7,'Ocorrências'!$F$5:$F$604,"Ponto de atenção")+COUNTIFS('Ocorrências'!$U$5:$U$604,$A64&"|"&Config!$B$7,'Ocorrências'!$F$5:$F$604,"Incidente")) | Q64: =IF($B64="","",COUNTIFS('Ocorrências'!$U$5:$U$604,$A64&"|"&Config!$B$7,'Ocorrências'!$F$5:$F$604,"Ponto de atenção",'Ocorrências'!$L$5:$L$604,"Não")+COUNTIFS('Ocorrências'!$U$5:$U$604,$A64&"|"&Config!$B$7,'Ocorrências'!$F$5:$F$604,"Incidente",'Ocorrências'!$L$5:$L$604,"Não")) | R64: =IF($B64="","",IF(INDEX(Pessoas!$J$5:$J$64,MATCH($A64,Pessoas!$A$5:$A$64,0))="","nunca",Config!$B$6-INDEX(Pessoas!$J$5:$J$64,MATCH($A64,Pessoas!$A$5:$A$64,0)))) | S64: =IF($B64="","",COUNTIFS('Avaliação'!$Y$5:$Y$404,$A64&"|"&Config!$B$7,'Avaliação'!$N$5:$N$404,">=2")) | T64: =IF($B64="","",COUNTIFS('Avaliação'!$Y$5:$Y$404,$A64&"|"&Config!$B$7,'Avaliação'!$V$5:$V$404,"SEM LASTRO")) | U64: =IF($B64="","",IF(AND($Q64>0,COUNTIFS('Avaliação'!$Y$5:$Y$404,$A64&"|"&Config!$B$7,'Avaliação'!$P$5:$P$404,">=3")>0),$Q64,0)) | V64: =IF($B64="","",IF($U64>0,"Nota sustentada por omissão",IF($T64>0,"Nota sem lastro",IF($J64="","Sem avaliação no ciclo",IF($S64>0,"Calibrar divergência",IF($L64<-0.3,"Abaixo da expectativa",IF($Q64>0,"Negativa não conversada",IF(OR($R64="nunca",$R64>30),"1:1 atrasada","OK")))))))) | W64: =IF(ISNUMBER($F64),$F64*Config!$B$22,0)+IF(ISNUMBER($G64),$G64*Config!$B$23,0)+IF(ISNUMBER($H64),$H64*Config!$B$24,0)+IF(ISNUMBER($I64),$I64*Config!$B$25,0) | X64: =IF(ISNUMBER($F64),Config!$B$22,0)+IF(ISNUMBER($G64),Config!$B$23,0)+IF(ISNUMBER($H64),Config!$B$24,0)+IF(ISNUMBER($I64),Config!$B$25,0)

Sheet Ocorrências
A1: Ocorrências — o registro contínuo
A2: Bloco rápido (A–J): alvo de 45 segundos, um único campo de texto. Bloco de sinalização (K–S): só para Ponto de atenção e Incidente.
A3: O FATO não aceita adjetivo de personalidade. "Subiu hotfix sem aprovação na sexta 18h" ✔ · "É descuidado" ✘. Nada de saúde, vida pessoal, motivo de ausência ou conduta — conduta vai para o RH, em processo próprio.
A4: Data do fato | B4: Pessoa | C4: ID_PESSOA | D4: Registrado por | E4: Papel do autor | F4: Tipo | G4: Competência | H4: Fato observável | I4: Impacto | J4: Confidenc. | K4: Consequência observada | L4: Comunicado? | M4: Data da comunicação | N4: Quem comunicou | O4: Expectativa declarada | P4: Prazo dado | Q4: Reavaliação em | R4: Reação da pessoa | S4: Desfecho | T4: Idx ciclo | U4: chave ID|ciclo | V4: chave ID|ciclo|comp | W4: Registro válido? | X4: Viaja no handover? | Y4: novo avaliador | Z4: Exibição | AA4: negativa comunicada | AB4: seq 1a1
A5: 46212 | B5: Ana Ribeiro | C5: =IFERROR(INDEX(Pessoas!$A$5:$A$64,MATCH($B5,Pessoas!$B$5:$B$64,0)),"") | D5: Rafael Souza | E5: Líder Técnico | F5: Positiva | G5: Comunicação e colaboração | H5: No PR #812 apontou uma condição de corrida no resgate de cupom antes do merge, com o trecho e a sugestão de UPDATE atômico. | I5: Entrega | J5: Squad | Q5: =IF(OR($M5="",$P5=""),"",$M5+IF($P5="7 dias",7,IF($P5="14 dias",14,90))) | T5: =IF($A5="","",YEAR($A5)*4+ROUNDUP(MONTH($A5)/3,0)) | U5: =IF($C5="","",$C5&"|"&$T5) | V5: =IF($C5="","",$C5&"|"&$T5&"|"&$G5) | W5: =IF($A5="","",IF(OR($B5="",$F5="",$G5="",$H5="",$I5=""),"Faltam campos básicos",IF(AND(OR($F5="Ponto de atenção",$F5="Incidente"),OR($K5="",$L5="",$O5="",$P5="")),"Faltam campos de sinalização","OK"))) | X5: =IF($A5="","",IF(AND(OR($F5="Ponto de atenção",$F5="Incidente"),$L5<>"Sim"),"Não",IF(AND($S5="",$W5<>"OK"),"Não","Sim"))) | Y5: =IF($C5="",0,IF(COUNTIFS($C$5:$C5,$C5,$D$5:$D5,$D5)=1,1,0)) | Z5: =IF($A5="","",IF(Config!$B$7-$T5>2,"Arquivada",IF(Config!$B$7-$T5>0,"Histórico","Ativa"))) | AA5: =IF($A5="",0,IF(AND(OR($F5="Ponto de atenção",$F5="Incidente"),$L5="Sim"),1,0)) | AB5: =IF(OR($C5="",$C5<>'1a1'!$B$4,$T5<>Config!$B$7),"",COUNTIFS($C$5:$C5,'1a1'!$B$4,$T$5:$T5,Config!$B$7))
A6: 46253 | B6: Ana Ribeiro | C6: =IFERROR(INDEX(Pessoas!$A$5:$A$64,MATCH($B6,Pessoas!$B$5:$B$64,0)),"") | D6: Rafael Souza | E6: Líder Técnico | F6: Ponto de atenção | G6: Qualidade da entrega | H6: PR #857 voltou em 3 rodadas: nas duas primeiras faltava teste do caminho de erro na rota de resgate. | I6: Entrega | J6: Squad | K6: Atrasou o merge em 2 dias e consumiu 3 rodadas de review do time. | L6: Sim | M6: 46254 | N6: Rafael Souza | O6: Incluir teste de caminho de erro antes de abrir o PR, nos próximos 3 PRs de rota nova. | P6: 1 ciclo | Q6: =IF(OR($M6="",$P6=""),"",$M6+IF($P6="7 dias",7,IF($P6="14 dias",14,90))) | R6: Em acompanhamento | T6: =IF($A6="","",YEAR($A6)*4+ROUNDUP(MONTH($A6)/3,0)) | U6: =IF($C6="","",$C6&"|"&$T6) | V6: =IF($C6="","",$C6&"|"&$T6&"|"&$G6) | W6: =IF($A6="","",IF(OR($B6="",$F6="",$G6="",$H6="",$I6=""),"Faltam campos básicos",IF(AND(OR($F6="Ponto de atenção",$F6="Incidente"),OR($K6="",$L6="",$O6="",$P6="")),"Faltam campos de sinalização","OK"))) | X6: =IF($A6="","",IF(AND(OR($F6="Ponto de atenção",$F6="Incidente"),$L6<>"Sim"),"Não",IF(AND($S6="",$W6<>"OK"),"Não","Sim"))) | Y6: =IF($C6="",0,IF(COUNTIFS($C$5:$C6,$C6,$D$5:$D6,$D6)=1,1,0)) | Z6: =IF($A6="","",IF(Config!$B$7-$T6>2,"Arquivada",IF(Config!$B$7-$T6>0,"Histórico","Ativa"))) | AA6: =IF($A6="",0,IF(AND(OR($F6="Ponto de atenção",$F6="Incidente"),$L6="Sim"),1,0)) | AB6: =IF(OR($C6="",$C6<>'1a1'!$B$4,$T6<>Config!$B$7),"",COUNTIFS($C$5:$C6,'1a1'!$B$4,$T$5:$T6,Config!$B$7))
A7: 46225 | B7: Bruno Tavares | C7: =IFERROR(INDEX(Pessoas!$A$5:$A$64,MATCH($B7,Pessoas!$B$5:$B$64,0)),"") | D7: Marcos Lima | E7: GP | F7: Ponto de atenção | G7: Previsibilidade | H7: Card CB-118 ficou 4 dias sem atualização e o bloqueio, falta de credencial de homologação, só foi comunicado na review. | I7: Entrega | J7: Squad | K7: A sprint fechou com o item em carry over e o PO replanejou a demo com o cliente em cima da hora. | L7: Sim | M7: 46226 | N7: Marcos Lima | O7: Comunicar bloqueio na daily do mesmo dia em que ele ocorre. | P7: 14 dias | Q7: =IF(OR($M7="",$P7=""),"",$M7+IF($P7="7 dias",7,IF($P7="14 dias",14,90))) | R7: Encerrado — comportamento mudou | T7: =IF($A7="","",YEAR($A7)*4+ROUNDUP(MONTH($A7)/3,0)) | U7: =IF($C7="","",$C7&"|"&$T7) | V7: =IF($C7="","",$C7&"|"&$T7&"|"&$G7) | W7: =IF($A7="","",IF(OR($B7="",$F7="",$G7="",$H7="",$I7=""),"Faltam campos básicos",IF(AND(OR($F7="Ponto de atenção",$F7="Incidente"),OR($K7="",$L7="",$O7="",$P7="")),"Faltam campos de sinalização","OK"))) | X7: =IF($A7="","",IF(AND(OR($F7="Ponto de atenção",$F7="Incidente"),$L7<>"Sim"),"Não",IF(AND($S7="",$W7<>"OK"),"Não","Sim"))) | Y7: =IF($C7="",0,IF(COUNTIFS($C$5:$C7,$C7,$D$5:$D7,$D7)=1,1,0)) | Z7: =IF($A7="","",IF(Config!$B$7-$T7>2,"Arquivada",IF(Config!$B$7-$T7>0,"Histórico","Ativa"))) | AA7: =IF($A7="",0,IF(AND(OR($F7="Ponto de atenção",$F7="Incidente"),$L7="Sim"),1,0)) | AB7: =IF(OR($C7="",$C7<>'1a1'!$B$4,$T7<>Config!$B$7),"",COUNTIFS($C$5:$C7,'1a1'!$B$4,$T$5:$T7,Config!$B$7))
A8: 46238 | B8: Bruno Tavares | C8: =IFERROR(INDEX(Pessoas!$A$5:$A$64,MATCH($B8,Pessoas!$B$5:$B$64,0)),"") | D8: Marcos Lima | E8: GP | F8: Positiva | G8: Comunicação e colaboração | H8: Na daily de 04/08 avisou no mesmo dia que a integração de pagamento estava fora do ar, com print do erro e a alternativa de mockar. | I8: Equipe | J8: Squad | Q8: =IF(OR($M8="",$P8=""),"",$M8+IF($P8="7 dias",7,IF($P8="14 dias",14,90))) | T8: =IF($A8="","",YEAR($A8)*4+ROUNDUP(MONTH($A8)/3,0)) | U8: =IF($C8="","",$C8&"|"&$T8) | V8: =IF($C8="","",$C8&"|"&$T8&"|"&$G8) | W8: =IF($A8="","",IF(OR($B8="",$F8="",$G8="",$H8="",$I8=""),"Faltam campos básicos",IF(AND(OR($F8="Ponto de atenção",$F8="Incidente"),OR($K8="",$L8="",$O8="",$P8="")),"Faltam campos de sinalização","OK"))) | X8: =IF($A8="","",IF(AND(OR($F8="Ponto de atenção",$F8="Incidente"),$L8<>"Sim"),"Não",IF(AND($S8="",$W8<>"OK"),"Não","Sim"))) | Y8: =IF($C8="",0,IF(COUNTIFS($C$5:$C8,$C8,$D$5:$D8,$D8)=1,1,0)) | Z8: =IF($A8="","",IF(Config!$B$7-$T8>2,"Arquivada",IF(Config!$B$7-$T8>0,"Histórico","Ativa"))) | AA8: =IF($A8="",0,IF(AND(OR($F8="Ponto de atenção",$F8="Incidente"),$L8="Sim"),1,0)) | AB8: =IF(OR($C8="",$C8<>'1a1'!$B$4,$T8<>Config!$B$7),"",COUNTIFS($C$5:$C8,'1a1'!$B$4,$T$5:$T8,Config!$B$7))
A9: 46259 | B9: Carla Nunes | C9: =IFERROR(INDEX(Pessoas!$A$5:$A$64,MATCH($B9,Pessoas!$B$5:$B$64,0)),"") | D9: Rafael Souza | E9: Líder Técnico | F9: Reconhecimento | G9: Autonomia e ownership | H9: Escreveu a ADR-07 sobre o advisory lock no cooldown e conduziu a sessão de 40 min com as squads Alfa e Beta. | I9: Equipe | J9: Squad | Q9: =IF(OR($M9="",$P9=""),"",$M9+IF($P9="7 dias",7,IF($P9="14 dias",14,90))) | T9: =IF($A9="","",YEAR($A9)*4+ROUNDUP(MONTH($A9)/3,0)) | U9: =IF($C9="","",$C9&"|"&$T9) | V9: =IF($C9="","",$C9&"|"&$T9&"|"&$G9) | W9: =IF($A9="","",IF(OR($B9="",$F9="",$G9="",$H9="",$I9=""),"Faltam campos básicos",IF(AND(OR($F9="Ponto de atenção",$F9="Incidente"),OR($K9="",$L9="",$O9="",$P9="")),"Faltam campos de sinalização","OK"))) | X9: =IF($A9="","",IF(AND(OR($F9="Ponto de atenção",$F9="Incidente"),$L9<>"Sim"),"Não",IF(AND($S9="",$W9<>"OK"),"Não","Sim"))) | Y9: =IF($C9="",0,IF(COUNTIFS($C$5:$C9,$C9,$D$5:$D9,$D9)=1,1,0)) | Z9: =IF($A9="","",IF(Config!$B$7-$T9>2,"Arquivada",IF(Config!$B$7-$T9>0,"Histórico","Ativa"))) | AA9: =IF($A9="",0,IF(AND(OR($F9="Ponto de atenção",$F9="Incidente"),$L9="Sim"),1,0)) | AB9: =IF(OR($C9="",$C9<>'1a1'!$B$4,$T9<>Config!$B$7),"",COUNTIFS($C$5:$C9,'1a1'!$B$4,$T$5:$T9,Config!$B$7))
A10: 46246 | B10: Carla Nunes | C10: =IFERROR(INDEX(Pessoas!$A$5:$A$64,MATCH($B10,Pessoas!$B$5:$B$64,0)),"") | D10: Marcos Lima | E10: GP | F10: Contexto atenuante | G10: Previsibilidade | H10: Assumiu o on-call do Contrato B por duas semanas cobrindo férias, além dos 50% de alocação no Motor de Cobrança. | I10: Entrega | J10: Squad | Q10: =IF(OR($M10="",$P10=""),"",$M10+IF($P10="7 dias",7,IF($P10="14 dias",14,90))) | T10: =IF($A10="","",YEAR($A10)*4+ROUNDUP(MONTH($A10)/3,0)) | U10: =IF($C10="","",$C10&"|"&$T10) | V10: =IF($C10="","",$C10&"|"&$T10&"|"&$G10) | W10: =IF($A10="","",IF(OR($B10="",$F10="",$G10="",$H10="",$I10=""),"Faltam campos básicos",IF(AND(OR($F10="Ponto de atenção",$F10="Incidente"),OR($K10="",$L10="",$O10="",$P10="")),"Faltam campos de sinalização","OK"))) | X10: =IF($A10="","",IF(AND(OR($F10="Ponto de atenção",$F10="Incidente"),$L10<>"Sim"),"Não",IF(AND($S10="",$W10<>"OK"),"Não","Sim"))) | Y10: =IF($C10="",0,IF(COUNTIFS($C$5:$C10,$C10,$D$5:$D10,$D10)=1,1,0)) | Z10: =IF($A10="","",IF(Config!$B$7-$T10>2,"Arquivada",IF(Config!$B$7-$T10>0,"Histórico","Ativa"))) | AA10: =IF($A10="",0,IF(AND(OR($F10="Ponto de atenção",$F10="Incidente"),$L10="Sim"),1,0)) | AB10: =IF(OR($C10="",$C10<>'1a1'!$B$4,$T10<>Config!$B$7),"",COUNTIFS($C$5:$C10,'1a1'!$B$4,$T$5:$T10,Config!$B$7))
C11: =IFERROR(INDEX(Pessoas!$A$5:$A$64,MATCH($B11,Pessoas!$B$5:$B$64,0)),"") | Q11: =IF(OR($M11="",$P11=""),"",$M11+IF($P11="7 dias",7,IF($P11="14 dias",14,90))) | T11: =IF($A11="","",YEAR($A11)*4+ROUNDUP(MONTH($A11)/3,0)) | U11: =IF($C11="","",$C11&"|"&$T11) | V11: =IF($C11="","",$C11&"|"&$T11&"|"&$G11) | W11: =IF($A11="","",IF(OR($B11="",$F11="",$G11="",$H11="",$I11=""),"Faltam campos básicos",IF(AND(OR($F11="Ponto de atenção",$F11="Incidente"),OR($K11="",$L11="",$O11="",$P11="")),"Faltam campos de sinalização","OK"))) | X11: =IF($A11="","",IF(AND(OR($F11="Ponto de atenção",$F11="Incidente"),$L11<>"Sim"),"Não",IF(AND($S11="",$W11<>"OK"),"Não","Sim"))) | Y11: =IF($C11="",0,IF(COUNTIFS($C$5:$C11,$C11,$D$5:$D11,$D11)=1,1,0)) | Z11: =IF($A11="","",IF(Config!$B$7-$T11>2,"Arquivada",IF(Config!$B$7-$T11>0,"Histórico","Ativa"))) | AA11: =IF($A11="",0,IF(AND(OR($F11="Ponto de atenção",$F11="Incidente"),$L11="Sim"),1,0)) | AB11: =IF(OR($C11="",$C11<>'1a1'!$B$4,$T11<>Config!$B$7),"",COUNTIFS($C$5:$C11,'1a1'!$B$4,$T$5:$T11,Config!$B$7))
C12: =IFERROR(INDEX(Pessoas!$A$5:$A$64,MATCH($B12,Pessoas!$B$5:$B$64,0)),"") | Q12: =IF(OR($M12="",$P12=""),"",$M12+IF($P12="7 dias",7,IF($P12="14 dias",14,90))) | T12: =IF($A12="","",YEAR($A12)*4+ROUNDUP(MONTH($A12)/3,0)) | U12: =IF($C12="","",$C12&"|"&$T12) | V12: =IF($C12="","",$C12&"|"&$T12&"|"&$G12) | W12: =IF($A12="","",IF(OR($B12="",$F12="",$G12="",$H12="",$I12=""),"Faltam campos básicos",IF(AND(OR($F12="Ponto de atenção",$F12="Incidente"),OR($K12="",$L12="",$O12="",$P12="")),"Faltam campos de sinalização","OK"))) | X12: =IF($A12="","",IF(AND(OR($F12="Ponto de atenção",$F12="Incidente"),$L12<>"Sim"),"Não",IF(AND($S12="",$W12<>"OK"),"Não","Sim"))) | Y12: =IF($C12="",0,IF(COUNTIFS($C$5:$C12,$C12,$D$5:$D12,$D12)=1,1,0)) | Z12: =IF($A12="","",IF(Config!$B$7-$T12>2,"Arquivada",IF(Config!$B$7-$T12>0,"Histórico","Ativa"))) | AA12: =IF($A12="",0,IF(AND(OR($F12="Ponto de atenção",$F12="Incidente"),$L12="Sim"),1,0)) | AB12: =IF(OR($C12="",$C12<>'1a1'!$B$4,$T12<>Config!$B$7),"",COUNTIFS($C$5:$C12,'1a1'!$B$4,$T$5:$T12,Config!$B$7))
C13: =IFERROR(INDEX(Pessoas!$A$5:$A$64,MATCH($B13,Pessoas!$B$5:$B$64,0)),"") | Q13: =IF(OR($M13="",$P13=""),"",$M13+IF($P13="7 dias",7,IF($P13="14 dias",14,90))) | T13: =IF($A13="","",YEAR($A13)*4+ROUNDUP(MONTH($A13)/3,0)) | U13: =IF($C13="","",$C13&"|"&$T13) | V13: =IF($C13="","",$C13&"|"&$T13&"|"&$G13) | W13: =IF($A13="","",IF(OR($B13="",$F13="",$G13="",$H13="",$I13=""),"Faltam campos básicos",IF(AND(OR($F13="Ponto de atenção",$F13="Incidente"),OR($K13="",$L13="",$O13="",$P13="")),"Faltam campos de sinalização","OK"))) | X13: =IF($A13="","",IF(AND(OR($F13="Ponto de atenção",$F13="Incidente"),$L13<>"Sim"),"Não",IF(AND($S13="",$W13<>"OK"),"Não","Sim"))) | Y13: =IF($C13="",0,IF(COUNTIFS($C$5:$C13,$C13,$D$5:$D13,$D13)=1,1,0)) | Z13: =IF($A13="","",IF(Config!$B$7-$T13>2,"Arquivada",IF(Config!$B$7-$T13>0,"Histórico","Ativa"))) | AA13: =IF($A13="",0,IF(AND(OR($F13="Ponto de atenção",$F13="Incidente"),$L13="Sim"),1,0)) | AB13: =IF(OR($C13="",$C13<>'1a1'!$B$4,$T13<>Config!$B$7),"",COUNTIFS($C$5:$C13,'1a1'!$B$4,$T$5:$T13,Config!$B$7))
C14: =IFERROR(INDEX(Pessoas!$A$5:$A$64,MATCH($B14,Pessoas!$B$5:$B$64,0)),"") | Q14: =IF(OR($M14="",$P14=""),"",$M14+IF($P14="7 dias",7,IF($P14="14 dias",14,90))) | T14: =IF($A14="","",YEAR($A14)*4+ROUNDUP(MONTH($A14)/3,0)) | U14: =IF($C14="","",$C14&"|"&$T14) | V14: =IF($C14="","",$C14&"|"&$T14&"|"&$G14) | W14: =IF($A14="","",IF(OR($B14="",$F14="",$G14="",$H14="",$I14=""),"Faltam campos básicos",IF(AND(OR($F14="Ponto de atenção",$F14="Incidente"),OR($K14="",$L14="",$O14="",$P14="")),"Faltam campos de sinalização","OK"))) | X14: =IF($A14="","",IF(AND(OR($F14="Ponto de atenção",$F14="Incidente"),$L14<>"Sim"),"Não",IF(AND($S14="",$W14<>"OK"),"Não","Sim"))) | Y14: =IF($C14="",0,IF(COUNTIFS($C$5:$C14,$C14,$D$5:$D14,$D14)=1,1,0)) | Z14: =IF($A14="","",IF(Config!$B$7-$T14>2,"Arquivada",IF(Config!$B$7-$T14>0,"Histórico","Ativa"))) | AA14: =IF($A14="",0,IF(AND(OR($F14="Ponto de atenção",$F14="Incidente"),$L14="Sim"),1,0)) | AB14: =IF(OR($C14="",$C14<>'1a1'!$B$4,$T14<>Config!$B$7),"",COUNTIFS($C$5:$C14,'1a1'!$B$4,$T$5:$T14,Config!$B$7))
C15: =IFERROR(INDEX(Pessoas!$A$5:$A$64,MATCH($B15,Pessoas!$B$5:$B$64,0)),"") | Q15: =IF(OR($M15="",$P15=""),"",$M15+IF($P15="7 dias",7,IF($P15="14 dias",14,90))) | T15: =IF($A15="","",YEAR($A15)*4+ROUNDUP(MONTH($A15)/3,0)) | U15: =IF($C15="","",$C15&"|"&$T15) | V15: =IF($C15="","",$C15&"|"&$T15&"|"&$G15) | W15: =IF($A15="","",IF(OR($B15="",$F15="",$G15="",$H15="",$I15=""),"Faltam campos básicos",IF(AND(OR($F15="Ponto de atenção",$F15="Incidente"),OR($K15="",$L15="",$O15="",$P15="")),"Faltam campos de sinalização","OK"))) | X15: =IF($A15="","",IF(AND(OR($F15="Ponto de atenção",$F15="Incidente"),$L15<>"Sim"),"Não",IF(AND($S15="",$W15<>"OK"),"Não","Sim"))) | Y15: =IF($C15="",0,IF(COUNTIFS($C$5:$C15,$C15,$D$5:$D15,$D15)=1,1,0)) | Z15: =IF($A15="","",IF(Config!$B$7-$T15>2,"Arquivada",IF(Config!$B$7-$T15>0,"Histórico","Ativa"))) | AA15: =IF($A15="",0,IF(AND(OR($F15="Ponto de atenção",$F15="Incidente"),$L15="Sim"),1,0)) | AB15: =IF(OR($C15="",$C15<>'1a1'!$B$4,$T15<>Config!$B$7),"",COUNTIFS($C$5:$C15,'1a1'!$B$4,$T$5:$T15,Config!$B$7))
C16: =IFERROR(INDEX(Pessoas!$A$5:$A$64,MATCH($B16,Pessoas!$B$5:$B$64,0)),"") | Q16: =IF(OR($M16="",$P16=""),"",$M16+IF($P16="7 dias",7,IF($P16="14 dias",14,90))) | T16: =IF($A16="","",YEAR($A16)*4+ROUNDUP(MONTH($A16)/3,0)) | U16: =IF($C16="","",$C16&"|"&$T16) | V16: =IF($C16="","",$C16&"|"&$T16&"|"&$G16) | W16: =IF($A16="","",IF(OR($B16="",$F16="",$G16="",$H16="",$I16=""),"Faltam campos básicos",IF(AND(OR($F16="Ponto de atenção",$F16="Incidente"),OR($K16="",$L16="",$O16="",$P16="")),"Faltam campos de sinalização","OK"))) | X16: =IF($A16="","",IF(AND(OR($F16="Ponto de atenção",$F16="Incidente"),$L16<>"Sim"),"Não",IF(AND($S16="",$W16<>"OK"),"Não","Sim"))) | Y16: =IF($C16="",0,IF(COUNTIFS($C$5:$C16,$C16,$D$5:$D16,$D16)=1,1,0)) | Z16: =IF($A16="","",IF(Config!$B$7-$T16>2,"Arquivada",IF(Config!$B$7-$T16>0,"Histórico","Ativa"))) | AA16: =IF($A16="",0,IF(AND(OR($F16="Ponto de atenção",$F16="Incidente"),$L16="Sim"),1,0)) | AB16: =IF(OR($C16="",$C16<>'1a1'!$B$4,$T16<>Config!$B$7),"",COUNTIFS($C$5:$C16,'1a1'!$B$4,$T$5:$T16,Config!$B$7))
C17: =IFERROR(INDEX(Pessoas!$A$5:$A$64,MATCH($B17,Pessoas!$B$5:$B$64,0)),"") | Q17: =IF(OR($M17="",$P17=""),"",$M17+IF($P17="7 dias",7,IF($P17="14 dias",14,90))) | T17: =IF($A17="","",YEAR($A17)*4+ROUNDUP(MONTH($A17)/3,0)) | U17: =IF($C17="","",$C17&"|"&$T17) | V17: =IF($C17="","",$C17&"|"&$T17&"|"&$G17) | W17: =IF($A17="","",IF(OR($B17="",$F17="",$G17="",$H17="",$I17=""),"Faltam campos básicos",IF(AND(OR($F17="Ponto de atenção",$F17="Incidente"),OR($K17="",$L17="",$O17="",$P17="")),"Faltam campos de sinalização","OK"))) | X17: =IF($A17="","",IF(AND(OR($F17="Ponto de atenção",$F17="Incidente"),$L17<>"Sim"),"Não",IF(AND($S17="",$W17<>"OK"),"Não","Sim"))) | Y17: =IF($C17="",0,IF(COUNTIFS($C$5:$C17,$C17,$D$5:$D17,$D17)=1,1,0)) | Z17: =IF($A17="","",IF(Config!$B$7-$T17>2,"Arquivada",IF(Config!$B$7-$T17>0,"Histórico","Ativa"))) | AA17: =IF($A17="",0,IF(AND(OR($F17="Ponto de atenção",$F17="Incidente"),$L17="Sim"),1,0)) | AB17: =IF(OR($C17="",$C17<>'1a1'!$B$4,$T17<>Config!$B$7),"",COUNTIFS($C$5:$C17,'1a1'!$B$4,$T$5:$T17,Config!$B$7))
C18: =IFERROR(INDEX(Pessoas!$A$5:$A$64,MATCH($B18,Pessoas!$B$5:$B$64,0)),"") | Q18: =IF(OR($M18="",$P18=""),"",$M18+IF($P18="7 dias",7,IF($P18="14 dias",14,90))) | T18: =IF($A18="","",YEAR($A18)*4+ROUNDUP(MONTH($A18)/3,0)) | U18: =IF($C18="","",$C18&"|"&$T18) | V18: =IF($C18="","",$C18&"|"&$T18&"|"&$G18) | W18: =IF($A18="","",IF(OR($B18="",$F18="",$G18="",$H18="",$I18=""),"Faltam campos básicos",IF(AND(OR($F18="Ponto de atenção",$F18="Incidente"),OR($K18="",$L18="",$O18="",$P18="")),"Faltam campos de sinalização","OK"))) | X18: =IF($A18="","",IF(AND(OR($F18="Ponto de atenção",$F18="Incidente"),$L18<>"Sim"),"Não",IF(AND($S18="",$W18<>"OK"),"Não","Sim"))) | Y18: =IF($C18="",0,IF(COUNTIFS($C$5:$C18,$C18,$D$5:$D18,$D18)=1,1,0)) | Z18: =IF($A18="","",IF(Config!$B$7-$T18>2,"Arquivada",IF(Config!$B$7-$T18>0,"Histórico","Ativa"))) | AA18: =IF($A18="",0,IF(AND(OR($F18="Ponto de atenção",$F18="Incidente"),$L18="Sim"),1,0)) | AB18: =IF(OR($C18="",$C18<>'1a1'!$B$4,$T18<>Config!$B$7),"",COUNTIFS($C$5:$C18,'1a1'!$B$4,$T$5:$T18,Config!$B$7))
C19: =IFERROR(INDEX(Pessoas!$A$5:$A$64,MATCH($B19,Pessoas!$B$5:$B$64,0)),"") | Q19: =IF(OR($M19="",$P19=""),"",$M19+IF($P19="7 dias",7,IF($P19="14 dias",14,90))) | T19: =IF($A19="","",YEAR($A19)*4+ROUNDUP(MONTH($A19)/3,0)) | U19: =IF($C19="","",$C19&"|"&$T19) | V19: =IF($C19="","",$C19&"|"&$T19&"|"&$G19) | W19: =IF($A19="","",IF(OR($B19="",$F19="",$G19="",$H19="",$I19=""),"Faltam campos básicos",IF(AND(OR($F19="Ponto de atenção",$F19="Incidente"),OR($K19="",$L19="",$O19="",$P19="")),"Faltam campos de sinalização","OK"))) | X19: =IF($A19="","",IF(AND(OR($F19="Ponto de atenção",$F19="Incidente"),$L19<>"Sim"),"Não",IF(AND($S19="",$W19<>"OK"),"Não","Sim"))) | Y19: =IF($C19="",0,IF(COUNTIFS($C$5:$C19,$C19,$D$5:$D19,$D19)=1,1,0)) | Z19: =IF($A19="","",IF(Config!$B$7-$T19>2,"Arquivada",IF(Config!$B$7-$T19>0,"Histórico","Ativa"))) | AA19: =IF($A19="",0,IF(AND(OR($F19="Ponto de atenção",$F19="Incidente"),$L19="Sim"),1,0)) | AB19: =IF(OR($C19="",$C19<>'1a1'!$B$4,$T19<>Config!$B$7),"",COUNTIFS($C$5:$C19,'1a1'!$B$4,$T$5:$T19,Config!$B$7))
C20: =IFERROR(INDEX(Pessoas!$A$5:$A$64,MATCH($B20,Pessoas!$B$5:$B$64,0)),"") | Q20: =IF(OR($M20="",$P20=""),"",$M20+IF($P20="7 dias",7,IF($P20="14 dias",14,90))) | T20: =IF($A20="","",YEAR($A20)*4+ROUNDUP(MONTH($A20)/3,0)) | U20: =IF($C20="","",$C20&"|"&$T20) | V20: =IF($C20="","",$C20&"|"&$T20&"|"&$G20) | W20: =IF($A20="","",IF(OR($B20="",$F20="",$G20="",$H20="",$I20=""),"Faltam campos básicos",IF(AND(OR($F20="Ponto de atenção",$F20="Incidente"),OR($K20="",$L20="",$O20="",$P20="")),"Faltam campos de sinalização","OK"))) | X20: =IF($A20="","",IF(AND(OR($F20="Ponto de atenção",$F20="Incidente"),$L20<>"Sim"),"Não",IF(AND($S20="",$W20<>"OK"),"Não","Sim"))) | Y20: =IF($C20="",0,IF(COUNTIFS($C$5:$C20,$C20,$D$5:$D20,$D20)=1,1,0)) | Z20: =IF($A20="","",IF(Config!$B$7-$T20>2,"Arquivada",IF(Config!$B$7-$T20>0,"Histórico","Ativa"))) | AA20: =IF($A20="",0,IF(AND(OR($F20="Ponto de atenção",$F20="Incidente"),$L20="Sim"),1,0)) | AB20: =IF(OR($C20="",$C20<>'1a1'!$B$4,$T20<>Config!$B$7),"",COUNTIFS($C$5:$C20,'1a1'!$B$4,$T$5:$T20,Config!$B$7))
C21: =IFERROR(INDEX(Pessoas!$A$5:$A$64,MATCH($B21,Pessoas!$B$5:$B$64,0)),"") | Q21: =IF(OR($M21="",$P21=""),"",$M21+IF($P21="7 dias",7,IF($P21="14 dias",14,90))) | T21: =IF($A21="","",YEAR($A21)*4+ROUNDUP(MONTH($A21)/3,0)) | U21: =IF($C21="","",$C21&"|"&$T21) | V21: =IF($C21="","",$C21&"|"&$T21&"|"&$G21) | W21: =IF($A21="","",IF(OR($B21="",$F21="",$G21="",$H21="",$I21=""),"Faltam campos básicos",IF(AND(OR($F21="Ponto de atenção",$F21="Incidente"),OR($K21="",$L21="",$O21="",$P21="")),"Faltam campos de sinalização","OK"))) | X21: =IF($A21="","",IF(AND(OR($F21="Ponto de atenção",$F21="Incidente"),$L21<>"Sim"),"Não",IF(AND($S21="",$W21<>"OK"),"Não","Sim"))) | Y21: =IF($C21="",0,IF(COUNTIFS($C$5:$C21,$C21,$D$5:$D21,$D21)=1,1,0)) | Z21: =IF($A21="","",IF(Config!$B$7-$T21>2,"Arquivada",IF(Config!$B$7-$T21>0,"Histórico","Ativa"))) | AA21: =IF($A21="",0,IF(AND(OR($F21="Ponto de atenção",$F21="Incidente"),$L21="Sim"),1,0)) | AB21: =IF(OR($C21="",$C21<>'1a1'!$B$4,$T21<>Config!$B$7),"",COUNTIFS($C$5:$C21,'1a1'!$B$4,$T$5:$T21,Config!$B$7))
C22: =IFERROR(INDEX(Pessoas!$A$5:$A$64,MATCH($B22,Pessoas!$B$5:$B$64,0)),"") | Q22: =IF(OR($M22="",$P22=""),"",$M22+IF($P22="7 dias",7,IF($P22="14 dias",14,90))) | T22: =IF($A22="","",YEAR($A22)*4+ROUNDUP(MONTH($A22)/3,0)) | U22: =IF($C22="","",$C22&"|"&$T22) | V22: =IF($C22="","",$C22&"|"&$T22&"|"&$G22) | W22: =IF($A22="","",IF(OR($B22="",$F22="",$G22="",$H22="",$I22=""),"Faltam campos básicos",IF(AND(OR($F22="Ponto de atenção",$F22="Incidente"),OR($K22="",$L22="",$O22="",$P22="")),"Faltam campos de sinalização","OK"))) | X22: =IF($A22="","",IF(AND(OR($F22="Ponto de atenção",$F22="Incidente"),$L22<>"Sim"),"Não",IF(AND($S22="",$W22<>"OK"),"Não","Sim"))) | Y22: =IF($C22="",0,IF(COUNTIFS($C$5:$C22,$C22,$D$5:$D22,$D22)=1,1,0)) | Z22: =IF($A22="","",IF(Config!$B$7-$T22>2,"Arquivada",IF(Config!$B$7-$T22>0,"Histórico","Ativa"))) | AA22: =IF($A22="",0,IF(AND(OR($F22="Ponto de atenção",$F22="Incidente"),$L22="Sim"),1,0)) | AB22: =IF(OR($C22="",$C22<>'1a1'!$B$4,$T22<>Config!$B$7),"",COUNTIFS($C$5:$C22,'1a1'!$B$4,$T$5:$T22,Config!$B$7))
... C604: =IFERROR(INDEX(Pessoas!$A$5:$A$64,MATCH($B604,Pessoas!$B$5:$B$64,0)),"") | Q604: =IF(OR($M604="",$P604=""),"",$M604+IF($P604="7 dias",7,IF($P604="14 dias",14,90))) | T604: =IF($A604="","",YEAR($A604)*4+ROUNDUP(MONTH($A604)/3,0)) | U604: =IF($C604="","",$C604&"|"&$T604) | V604: =IF($C604="","",$C604&"|"&$T604&"|"&$G604) | W604: =IF($A604="","",IF(OR($B604="",$F604="",$G604="",$H604="",$I604=""),"Faltam campos básicos",IF(AND(OR($F604="Ponto de atenção",$F604="Incidente"),OR($K604="",$L604="",$O604="",$P604="")),"Faltam campos de sinalização","OK"))) | X604: =IF($A604="","",IF(AND(OR($F604="Ponto de atenção",$F604="Incidente"),$L604<>"Sim"),"Não",IF(AND($S604="",$W604<>"OK"),"Não","Sim"))) | Y604: =IF($C604="",0,IF(COUNTIFS($C$5:$C604,$C604,$D$5:$D604,$D604)=1,1,0)) | Z604: =IF($A604="","",IF(Config!$B$7-$T604>2,"Arquivada",IF(Config!$B$7-$T604>0,"Histórico","Ativa"))) | AA604: =IF($A604="",0,IF(AND(OR($F604="Ponto de atenção",$F604="Incidente"),$L604="Sim"),1,0)) | AB604: =IF(OR($C604="",$C604<>'1a1'!$B$4,$T604<>Config!$B$7),"",COUNTIFS($C$5:$C604,'1a1'!$B$4,$T$5:$T604,Config!$B$7))

Sheet Avaliação
A1: Avaliação e calibração
A2: Chave: pessoa + ciclo + competência + ALOCAÇÃO. Sem a alocação na chave, quem tem dois contratos colide na mesma célula e a média silenciosa volta pela porta dos fundos.
A3: Nunca a média entre avaliadores — nem GP × LT, nem GP × GP. Divergência é informação: cada lado traz uma ocorrência; se só um tem evidência, a nota dele prevalece.
A4: Ciclo | B4: Idx ciclo | C4: ID_PESSOA | D4: Pessoa | E4: ID_ALOC | F4: Senioridade | G4: Competência | H4: Eixo | I4: Avaliador dono | J4: Nota GP | K4: Nota LT | L4: Base obs. GP | M4: Base obs. LT | N4: Divergência | O4: Sugestão | P4: Nota final | Q4: Decisor | R4: Origem da nota final | S4: Motivo do desempate | T4: Papel acumulado | U4: Ocorr. vinculadas | V4: Lastro | W4: Justificativa (1 frase) | X4: Data calibração | Y4: chave ID|ciclo | Z4: chave ID|ciclo|eixo | AA4: chave ID|ciclo|comp
A5: 2026-Q3 | B5: =IF($A5="","",VALUE(LEFT($A5,4))*4+VALUE(RIGHT($A5,1))) | C5: P001 | D5: =IFERROR(INDEX(Pessoas!$B$5:$B$64,MATCH($C5,Pessoas!$A$5:$A$64,0)),"") | E5: A001 | F5: =IFERROR(INDEX(Pessoas!$D$5:$D$64,MATCH($C5,Pessoas!$A$5:$A$64,0)),"") | G5: Previsibilidade | H5: =IFERROR(INDEX(Config!$B$40:$B$45,MATCH($G5,Config!$C$40:$C$45,0)),"") | I5: =IFERROR(INDEX(Config!$D$40:$D$45,MATCH($G5,Config!$C$40:$C$45,0)),"") | J5: 3 | L5: Cerimônias | M5: Esporádica | N5: =IF(AND(ISNUMBER($J5),ISNUMBER($K5)),ABS($J5-$K5),"") | O5: =IF(AND(NOT(ISNUMBER($J5)),NOT(ISNUMBER($K5))),"",IF(NOT(ISNUMBER($K5)),$J5,IF(NOT(ISNUMBER($J5)),$K5,IF($N5=0,$J5,IF(AND($N5=1,$T5<>"Sim"),IF($I5="Líder Técnico",$K5,IF($I5="GP",$J5,"CALIBRAR")),"CALIBRAR"))))) | P5: 3 | Q5: Marcos Lima | R5: =IF($P5="","",IF(AND(ISNUMBER($J5),$P5=$J5,ISNUMBER($K5),$P5=$K5),"= ambos",IF(AND(ISNUMBER($J5),$P5=$J5),"= GP",IF(AND(ISNUMBER($K5),$P5=$K5),"= LT","nenhuma das duas")))) | T5: Não | U5: =IF($C5="","",COUNTIFS('Ocorrências'!$V$5:$V$604,$C5&"|"&$B5&"|"&$G5,'Ocorrências'!$X$5:$X$604,"Sim")) | V5: =IF($P5="","",IF(OR($P5=1,$P5=2,$P5=5),IF($U5>0,"OK","SEM LASTRO"),"OK")) | X5: 46295 | Y5: =IF($C5="","",$C5&"|"&$B5) | Z5: =IF($C5="","",$C5&"|"&$B5&"|"&$H5) | AA5: =IF($C5="","",$C5&"|"&$B5&"|"&$G5)
A6: 2026-Q3 | B6: =IF($A6="","",VALUE(LEFT($A6,4))*4+VALUE(RIGHT($A6,1))) | C6: P001 | D6: =IFERROR(INDEX(Pessoas!$B$5:$B$64,MATCH($C6,Pessoas!$A$5:$A$64,0)),"") | E6: A001 | F6: =IFERROR(INDEX(Pessoas!$D$5:$D$64,MATCH($C6,Pessoas!$A$5:$A$64,0)),"") | G6: Qualidade da entrega | H6: =IFERROR(INDEX(Config!$B$40:$B$45,MATCH($G6,Config!$C$40:$C$45,0)),"") | I6: =IFERROR(INDEX(Config!$D$40:$D$45,MATCH($G6,Config!$C$40:$C$45,0)),"") | K6: 2 | L6: Insuficiente | M6: Diária | N6: =IF(AND(ISNUMBER($J6),ISNUMBER($K6)),ABS($J6-$K6),"") | O6: =IF(AND(NOT(ISNUMBER($J6)),NOT(ISNUMBER($K6))),"",IF(NOT(ISNUMBER($K6)),$J6,IF(NOT(ISNUMBER($J6)),$K6,IF($N6=0,$J6,IF(AND($N6=1,$T6<>"Sim"),IF($I6="Líder Técnico",$K6,IF($I6="GP",$J6,"CALIBRAR")),"CALIBRAR"))))) | P6: 2 | Q6: Marcos Lima | R6: =IF($P6="","",IF(AND(ISNUMBER($J6),$P6=$J6,ISNUMBER($K6),$P6=$K6),"= ambos",IF(AND(ISNUMBER($J6),$P6=$J6),"= GP",IF(AND(ISNUMBER($K6),$P6=$K6),"= LT","nenhuma das duas")))) | S6: Evidência do Líder Técnico, competência de dono técnico. | T6: Não | U6: =IF($C6="","",COUNTIFS('Ocorrências'!$V$5:$V$604,$C6&"|"&$B6&"|"&$G6,'Ocorrências'!$X$5:$X$604,"Sim")) | V6: =IF($P6="","",IF(OR($P6=1,$P6=2,$P6=5),IF($U6>0,"OK","SEM LASTRO"),"OK")) | W6: PR #857 voltou 3 rodadas por teste de erro ausente; é o padrão do ciclo, não um caso isolado. | X6: 46295 | Y6: =IF($C6="","",$C6&"|"&$B6) | Z6: =IF($C6="","",$C6&"|"&$B6&"|"&$H6) | AA6: =IF($C6="","",$C6&"|"&$B6&"|"&$G6)
A7: 2026-Q3 | B7: =IF($A7="","",VALUE(LEFT($A7,4))*4+VALUE(RIGHT($A7,1))) | C7: P001 | D7: =IFERROR(INDEX(Pessoas!$B$5:$B$64,MATCH($C7,Pessoas!$A$5:$A$64,0)),"") | E7: A001 | F7: =IFERROR(INDEX(Pessoas!$D$5:$D$64,MATCH($C7,Pessoas!$A$5:$A$64,0)),"") | G7: Domínio técnico | H7: =IFERROR(INDEX(Config!$B$40:$B$45,MATCH($G7,Config!$C$40:$C$45,0)),"") | I7: =IFERROR(INDEX(Config!$D$40:$D$45,MATCH($G7,Config!$C$40:$C$45,0)),"") | K7: 3 | L7: Insuficiente | M7: Diária | N7: =IF(AND(ISNUMBER($J7),ISNUMBER($K7)),ABS($J7-$K7),"") | O7: =IF(AND(NOT(ISNUMBER($J7)),NOT(ISNUMBER($K7))),"",IF(NOT(ISNUMBER($K7)),$J7,IF(NOT(ISNUMBER($J7)),$K7,IF($N7=0,$J7,IF(AND($N7=1,$T7<>"Sim"),IF($I7="Líder Técnico",$K7,IF($I7="GP",$J7,"CALIBRAR")),"CALIBRAR"))))) | P7: 3 | Q7: Marcos Lima | R7: =IF($P7="","",IF(AND(ISNUMBER($J7),$P7=$J7,ISNUMBER($K7),$P7=$K7),"= ambos",IF(AND(ISNUMBER($J7),$P7=$J7),"= GP",IF(AND(ISNUMBER($K7),$P7=$K7),"= LT","nenhuma das duas")))) | T7: Não | U7: =IF($C7="","",COUNTIFS('Ocorrências'!$V$5:$V$604,$C7&"|"&$B7&"|"&$G7,'Ocorrências'!$X$5:$X$604,"Sim")) | V7: =IF($P7="","",IF(OR($P7=1,$P7=2,$P7=5),IF($U7>0,"OK","SEM LASTRO"),"OK")) | X7: 46295 | Y7: =IF($C7="","",$C7&"|"&$B7) | Z7: =IF($C7="","",$C7&"|"&$B7&"|"&$H7) | AA7: =IF($C7="","",$C7&"|"&$B7&"|"&$G7)
A8: 2026-Q3 | B8: =IF($A8="","",VALUE(LEFT($A8,4))*4+VALUE(RIGHT($A8,1))) | C8: P001 | D8: =IFERROR(INDEX(Pessoas!$B$5:$B$64,MATCH($C8,Pessoas!$A$5:$A$64,0)),"") | E8: A001 | F8: =IFERROR(INDEX(Pessoas!$D$5:$D$64,MATCH($C8,Pessoas!$A$5:$A$64,0)),"") | G8: Design de solução | H8: =IFERROR(INDEX(Config!$B$40:$B$45,MATCH($G8,Config!$C$40:$C$45,0)),"") | I8: =IFERROR(INDEX(Config!$D$40:$D$45,MATCH($G8,Config!$C$40:$C$45,0)),"") | K8: 3 | L8: Insuficiente | M8: Diária | N8: =IF(AND(ISNUMBER($J8),ISNUMBER($K8)),ABS($J8-$K8),"") | O8: =IF(AND(NOT(ISNUMBER($J8)),NOT(ISNUMBER($K8))),"",IF(NOT(ISNUMBER($K8)),$J8,IF(NOT(ISNUMBER($J8)),$K8,IF($N8=0,$J8,IF(AND($N8=1,$T8<>"Sim"),IF($I8="Líder Técnico",$K8,IF($I8="GP",$J8,"CALIBRAR")),"CALIBRAR"))))) | P8: 3 | Q8: Marcos Lima | R8: =IF($P8="","",IF(AND(ISNUMBER($J8),$P8=$J8,ISNUMBER($K8),$P8=$K8),"= ambos",IF(AND(ISNUMBER($J8),$P8=$J8),"= GP",IF(AND(ISNUMBER($K8),$P8=$K8),"= LT","nenhuma das duas")))) | T8: Não | U8: =IF($C8="","",COUNTIFS('Ocorrências'!$V$5:$V$604,$C8&"|"&$B8&"|"&$G8,'Ocorrências'!$X$5:$X$604,"Sim")) | V8: =IF($P8="","",IF(OR($P8=1,$P8=2,$P8=5),IF($U8>0,"OK","SEM LASTRO"),"OK")) | X8: 46295 | Y8: =IF($C8="","",$C8&"|"&$B8) | Z8: =IF($C8="","",$C8&"|"&$B8&"|"&$H8) | AA8: =IF($C8="","",$C8&"|"&$B8&"|"&$G8)
A9: 2026-Q3 | B9: =IF($A9="","",VALUE(LEFT($A9,4))*4+VALUE(RIGHT($A9,1))) | C9: P001 | D9: =IFERROR(INDEX(Pessoas!$B$5:$B$64,MATCH($C9,Pessoas!$A$5:$A$64,0)),"") | E9: A001 | F9: =IFERROR(INDEX(Pessoas!$D$5:$D$64,MATCH($C9,Pessoas!$A$5:$A$64,0)),"") | G9: Comunicação e colaboração | H9: =IFERROR(INDEX(Config!$B$40:$B$45,MATCH($G9,Config!$C$40:$C$45,0)),"") | I9: =IFERROR(INDEX(Config!$D$40:$D$45,MATCH($G9,Config!$C$40:$C$45,0)),"") | J9: 4 | K9: 5 | L9: Cerimônias | M9: Diária | N9: =IF(AND(ISNUMBER($J9),ISNUMBER($K9)),ABS($J9-$K9),"") | O9: =IF(AND(NOT(ISNUMBER($J9)),NOT(ISNUMBER($K9))),"",IF(NOT(ISNUMBER($K9)),$J9,IF(NOT(ISNUMBER($J9)),$K9,IF($N9=0,$J9,IF(AND($N9=1,$T9<>"Sim"),IF($I9="Líder Técnico",$K9,IF($I9="GP",$J9,"CALIBRAR")),"CALIBRAR"))))) | P9: 5 | Q9: Marcos Lima | R9: =IF($P9="","",IF(AND(ISNUMBER($J9),$P9=$J9,ISNUMBER($K9),$P9=$K9),"= ambos",IF(AND(ISNUMBER($J9),$P9=$J9),"= GP",IF(AND(ISNUMBER($K9),$P9=$K9),"= LT","nenhuma das duas")))) | S9: Evidência do Líder Técnico, competência de dono técnico. | T9: Não | U9: =IF($C9="","",COUNTIFS('Ocorrências'!$V$5:$V$604,$C9&"|"&$B9&"|"&$G9,'Ocorrências'!$X$5:$X$604,"Sim")) | V9: =IF($P9="","",IF(OR($P9=1,$P9=2,$P9=5),IF($U9>0,"OK","SEM LASTRO"),"OK")) | W9: GP viu 4, LT viu 5. O review do PR #812 pegou uma condição de corrida antes do merge — evidência do LT desempatou. | X9: 46295 | Y9: =IF($C9="","",$C9&"|"&$B9) | Z9: =IF($C9="","",$C9&"|"&$B9&"|"&$H9) | AA9: =IF($C9="","",$C9&"|"&$B9&"|"&$G9)
A10: 2026-Q3 | B10: =IF($A10="","",VALUE(LEFT($A10,4))*4+VALUE(RIGHT($A10,1))) | C10: P001 | D10: =IFERROR(INDEX(Pessoas!$B$5:$B$64,MATCH($C10,Pessoas!$A$5:$A$64,0)),"") | E10: A001 | F10: =IFERROR(INDEX(Pessoas!$D$5:$D$64,MATCH($C10,Pessoas!$A$5:$A$64,0)),"") | G10: Autonomia e ownership | H10: =IFERROR(INDEX(Config!$B$40:$B$45,MATCH($G10,Config!$C$40:$C$45,0)),"") | I10: =IFERROR(INDEX(Config!$D$40:$D$45,MATCH($G10,Config!$C$40:$C$45,0)),"") | J10: 3 | K10: 4 | L10: Cerimônias | M10: Diária | N10: =IF(AND(ISNUMBER($J10),ISNUMBER($K10)),ABS($J10-$K10),"") | O10: =IF(AND(NOT(ISNUMBER($J10)),NOT(ISNUMBER($K10))),"",IF(NOT(ISNUMBER($K10)),$J10,IF(NOT(ISNUMBER($J10)),$K10,IF($N10=0,$J10,IF(AND($N10=1,$T10<>"Sim"),IF($I10="Líder Técnico",$K10,IF($I10="GP",$J10,"CALIBRAR")),"CALIBRAR"))))) | P10: 4 | Q10: Marcos Lima | R10: =IF($P10="","",IF(AND(ISNUMBER($J10),$P10=$J10,ISNUMBER($K10),$P10=$K10),"= ambos",IF(AND(ISNUMBER($J10),$P10=$J10),"= GP",IF(AND(ISNUMBER($K10),$P10=$K10),"= LT","nenhuma das duas")))) | S10: Evidência do Líder Técnico, competência de dono técnico. | T10: Não | U10: =IF($C10="","",COUNTIFS('Ocorrências'!$V$5:$V$604,$C10&"|"&$B10&"|"&$G10,'Ocorrências'!$X$5:$X$604,"Sim")) | V10: =IF($P10="","",IF(OR($P10=1,$P10=2,$P10=5),IF($U10>0,"OK","SEM LASTRO"),"OK")) | W10: GP viu 3, LT viu 4; a evidência do LT (assumiu o tema de resgate ponta a ponta) desempatou. | X10: 46295 | Y10: =IF($C10="","",$C10&"|"&$B10) | Z10: =IF($C10="","",$C10&"|"&$B10&"|"&$H10) | AA10: =IF($C10="","",$C10&"|"&$B10&"|"&$G10)
A11: 2026-Q3 | B11: =IF($A11="","",VALUE(LEFT($A11,4))*4+VALUE(RIGHT($A11,1))) | C11: P002 | D11: =IFERROR(INDEX(Pessoas!$B$5:$B$64,MATCH($C11,Pessoas!$A$5:$A$64,0)),"") | E11: A002 | F11: =IFERROR(INDEX(Pessoas!$D$5:$D$64,MATCH($C11,Pessoas!$A$5:$A$64,0)),"") | G11: Previsibilidade | H11: =IFERROR(INDEX(Config!$B$40:$B$45,MATCH($G11,Config!$C$40:$C$45,0)),"") | I11: =IFERROR(INDEX(Config!$D$40:$D$45,MATCH($G11,Config!$C$40:$C$45,0)),"") | N11: =IF(AND(ISNUMBER($J11),ISNUMBER($K11)),ABS($J11-$K11),"") | O11: =IF(AND(NOT(ISNUMBER($J11)),NOT(ISNUMBER($K11))),"",IF(NOT(ISNUMBER($K11)),$J11,IF(NOT(ISNUMBER($J11)),$K11,IF($N11=0,$J11,IF(AND($N11=1,$T11<>"Sim"),IF($I11="Líder Técnico",$K11,IF($I11="GP",$J11,"CALIBRAR")),"CALIBRAR"))))) | R11: =IF($P11="","",IF(AND(ISNUMBER($J11),$P11=$J11,ISNUMBER($K11),$P11=$K11),"= ambos",IF(AND(ISNUMBER($J11),$P11=$J11),"= GP",IF(AND(ISNUMBER($K11),$P11=$K11),"= LT","nenhuma das duas")))) | U11: =IF($C11="","",COUNTIFS('Ocorrências'!$V$5:$V$604,$C11&"|"&$B11&"|"&$G11,'Ocorrências'!$X$5:$X$604,"Sim")) | V11: =IF($P11="","",IF(OR($P11=1,$P11=2,$P11=5),IF($U11>0,"OK","SEM LASTRO"),"OK")) | Y11: =IF($C11="","",$C11&"|"&$B11) | Z11: =IF($C11="","",$C11&"|"&$B11&"|"&$H11) | AA11: =IF($C11="","",$C11&"|"&$B11&"|"&$G11)
A12: 2026-Q3 | B12: =IF($A12="","",VALUE(LEFT($A12,4))*4+VALUE(RIGHT($A12,1))) | C12: P002 | D12: =IFERROR(INDEX(Pessoas!$B$5:$B$64,MATCH($C12,Pessoas!$A$5:$A$64,0)),"") | E12: A002 | F12: =IFERROR(INDEX(Pessoas!$D$5:$D$64,MATCH($C12,Pessoas!$A$5:$A$64,0)),"") | G12: Qualidade da entrega | H12: =IFERROR(INDEX(Config!$B$40:$B$45,MATCH($G12,Config!$C$40:$C$45,0)),"") | I12: =IFERROR(INDEX(Config!$D$40:$D$45,MATCH($G12,Config!$C$40:$C$45,0)),"") | N12: =IF(AND(ISNUMBER($J12),ISNUMBER($K12)),ABS($J12-$K12),"") | O12: =IF(AND(NOT(ISNUMBER($J12)),NOT(ISNUMBER($K12))),"",IF(NOT(ISNUMBER($K12)),$J12,IF(NOT(ISNUMBER($J12)),$K12,IF($N12=0,$J12,IF(AND($N12=1,$T12<>"Sim"),IF($I12="Líder Técnico",$K12,IF($I12="GP",$J12,"CALIBRAR")),"CALIBRAR"))))) | R12: =IF($P12="","",IF(AND(ISNUMBER($J12),$P12=$J12,ISNUMBER($K12),$P12=$K12),"= ambos",IF(AND(ISNUMBER($J12),$P12=$J12),"= GP",IF(AND(ISNUMBER($K12),$P12=$K12),"= LT","nenhuma das duas")))) | U12: =IF($C12="","",COUNTIFS('Ocorrências'!$V$5:$V$604,$C12&"|"&$B12&"|"&$G12,'Ocorrências'!$X$5:$X$604,"Sim")) | V12: =IF($P12="","",IF(OR($P12=1,$P12=2,$P12=5),IF($U12>0,"OK","SEM LASTRO"),"OK")) | Y12: =IF($C12="","",$C12&"|"&$B12) | Z12: =IF($C12="","",$C12&"|"&$B12&"|"&$H12) | AA12: =IF($C12="","",$C12&"|"&$B12&"|"&$G12)
A13: 2026-Q3 | B13: =IF($A13="","",VALUE(LEFT($A13,4))*4+VALUE(RIGHT($A13,1))) | C13: P002 | D13: =IFERROR(INDEX(Pessoas!$B$5:$B$64,MATCH($C13,Pessoas!$A$5:$A$64,0)),"") | E13: A002 | F13: =IFERROR(INDEX(Pessoas!$D$5:$D$64,MATCH($C13,Pessoas!$A$5:$A$64,0)),"") | G13: Domínio técnico | H13: =IFERROR(INDEX(Config!$B$40:$B$45,MATCH($G13,Config!$C$40:$C$45,0)),"") | I13: =IFERROR(INDEX(Config!$D$40:$D$45,MATCH($G13,Config!$C$40:$C$45,0)),"") | N13: =IF(AND(ISNUMBER($J13),ISNUMBER($K13)),ABS($J13-$K13),"") | O13: =IF(AND(NOT(ISNUMBER($J13)),NOT(ISNUMBER($K13))),"",IF(NOT(ISNUMBER($K13)),$J13,IF(NOT(ISNUMBER($J13)),$K13,IF($N13=0,$J13,IF(AND($N13=1,$T13<>"Sim"),IF($I13="Líder Técnico",$K13,IF($I13="GP",$J13,"CALIBRAR")),"CALIBRAR"))))) | R13: =IF($P13="","",IF(AND(ISNUMBER($J13),$P13=$J13,ISNUMBER($K13),$P13=$K13),"= ambos",IF(AND(ISNUMBER($J13),$P13=$J13),"= GP",IF(AND(ISNUMBER($K13),$P13=$K13),"= LT","nenhuma das duas")))) | U13: =IF($C13="","",COUNTIFS('Ocorrências'!$V$5:$V$604,$C13&"|"&$B13&"|"&$G13,'Ocorrências'!$X$5:$X$604,"Sim")) | V13: =IF($P13="","",IF(OR($P13=1,$P13=2,$P13=5),IF($U13>0,"OK","SEM LASTRO"),"OK")) | Y13: =IF($C13="","",$C13&"|"&$B13) | Z13: =IF($C13="","",$C13&"|"&$B13&"|"&$H13) | AA13: =IF($C13="","",$C13&"|"&$B13&"|"&$G13)
A14: 2026-Q3 | B14: =IF($A14="","",VALUE(LEFT($A14,4))*4+VALUE(RIGHT($A14,1))) | C14: P002 | D14: =IFERROR(INDEX(Pessoas!$B$5:$B$64,MATCH($C14,Pessoas!$A$5:$A$64,0)),"") | E14: A002 | F14: =IFERROR(INDEX(Pessoas!$D$5:$D$64,MATCH($C14,Pessoas!$A$5:$A$64,0)),"") | G14: Design de solução | H14: =IFERROR(INDEX(Config!$B$40:$B$45,MATCH($G14,Config!$C$40:$C$45,0)),"") | I14: =IFERROR(INDEX(Config!$D$40:$D$45,MATCH($G14,Config!$C$40:$C$45,0)),"") | N14: =IF(AND(ISNUMBER($J14),ISNUMBER($K14)),ABS($J14-$K14),"") | O14: =IF(AND(NOT(ISNUMBER($J14)),NOT(ISNUMBER($K14))),"",IF(NOT(ISNUMBER($K14)),$J14,IF(NOT(ISNUMBER($J14)),$K14,IF($N14=0,$J14,IF(AND($N14=1,$T14<>"Sim"),IF($I14="Líder Técnico",$K14,IF($I14="GP",$J14,"CALIBRAR")),"CALIBRAR"))))) | R14: =IF($P14="","",IF(AND(ISNUMBER($J14),$P14=$J14,ISNUMBER($K14),$P14=$K14),"= ambos",IF(AND(ISNUMBER($J14),$P14=$J14),"= GP",IF(AND(ISNUMBER($K14),$P14=$K14),"= LT","nenhuma das duas")))) | U14: =IF($C14="","",COUNTIFS('Ocorrências'!$V$5:$V$604,$C14&"|"&$B14&"|"&$G14,'Ocorrências'!$X$5:$X$604,"Sim")) | V14: =IF($P14="","",IF(OR($P14=1,$P14=2,$P14=5),IF($U14>0,"OK","SEM LASTRO"),"OK")) | Y14: =IF($C14="","",$C14&"|"&$B14) | Z14: =IF($C14="","",$C14&"|"&$B14&"|"&$H14) | AA14: =IF($C14="","",$C14&"|"&$B14&"|"&$G14)
A15: 2026-Q3 | B15: =IF($A15="","",VALUE(LEFT($A15,4))*4+VALUE(RIGHT($A15,1))) | C15: P002 | D15: =IFERROR(INDEX(Pessoas!$B$5:$B$64,MATCH($C15,Pessoas!$A$5:$A$64,0)),"") | E15: A002 | F15: =IFERROR(INDEX(Pessoas!$D$5:$D$64,MATCH($C15,Pessoas!$A$5:$A$64,0)),"") | G15: Comunicação e colaboração | H15: =IFERROR(INDEX(Config!$B$40:$B$45,MATCH($G15,Config!$C$40:$C$45,0)),"") | I15: =IFERROR(INDEX(Config!$D$40:$D$45,MATCH($G15,Config!$C$40:$C$45,0)),"") | N15: =IF(AND(ISNUMBER($J15),ISNUMBER($K15)),ABS($J15-$K15),"") | O15: =IF(AND(NOT(ISNUMBER($J15)),NOT(ISNUMBER($K15))),"",IF(NOT(ISNUMBER($K15)),$J15,IF(NOT(ISNUMBER($J15)),$K15,IF($N15=0,$J15,IF(AND($N15=1,$T15<>"Sim"),IF($I15="Líder Técnico",$K15,IF($I15="GP",$J15,"CALIBRAR")),"CALIBRAR"))))) | R15: =IF($P15="","",IF(AND(ISNUMBER($J15),$P15=$J15,ISNUMBER($K15),$P15=$K15),"= ambos",IF(AND(ISNUMBER($J15),$P15=$J15),"= GP",IF(AND(ISNUMBER($K15),$P15=$K15),"= LT","nenhuma das duas")))) | U15: =IF($C15="","",COUNTIFS('Ocorrências'!$V$5:$V$604,$C15&"|"&$B15&"|"&$G15,'Ocorrências'!$X$5:$X$604,"Sim")) | V15: =IF($P15="","",IF(OR($P15=1,$P15=2,$P15=5),IF($U15>0,"OK","SEM LASTRO"),"OK")) | Y15: =IF($C15="","",$C15&"|"&$B15) | Z15: =IF($C15="","",$C15&"|"&$B15&"|"&$H15) | AA15: =IF($C15="","",$C15&"|"&$B15&"|"&$G15)
A16: 2026-Q3 | B16: =IF($A16="","",VALUE(LEFT($A16,4))*4+VALUE(RIGHT($A16,1))) | C16: P002 | D16: =IFERROR(INDEX(Pessoas!$B$5:$B$64,MATCH($C16,Pessoas!$A$5:$A$64,0)),"") | E16: A002 | F16: =IFERROR(INDEX(Pessoas!$D$5:$D$64,MATCH($C16,Pessoas!$A$5:$A$64,0)),"") | G16: Autonomia e ownership | H16: =IFERROR(INDEX(Config!$B$40:$B$45,MATCH($G16,Config!$C$40:$C$45,0)),"") | I16: =IFERROR(INDEX(Config!$D$40:$D$45,MATCH($G16,Config!$C$40:$C$45,0)),"") | N16: =IF(AND(ISNUMBER($J16),ISNUMBER($K16)),ABS($J16-$K16),"") | O16: =IF(AND(NOT(ISNUMBER($J16)),NOT(ISNUMBER($K16))),"",IF(NOT(ISNUMBER($K16)),$J16,IF(NOT(ISNUMBER($J16)),$K16,IF($N16=0,$J16,IF(AND($N16=1,$T16<>"Sim"),IF($I16="Líder Técnico",$K16,IF($I16="GP",$J16,"CALIBRAR")),"CALIBRAR"))))) | R16: =IF($P16="","",IF(AND(ISNUMBER($J16),$P16=$J16,ISNUMBER($K16),$P16=$K16),"= ambos",IF(AND(ISNUMBER($J16),$P16=$J16),"= GP",IF(AND(ISNUMBER($K16),$P16=$K16),"= LT","nenhuma das duas")))) | U16: =IF($C16="","",COUNTIFS('Ocorrências'!$V$5:$V$604,$C16&"|"&$B16&"|"&$G16,'Ocorrências'!$X$5:$X$604,"Sim")) | V16: =IF($P16="","",IF(OR($P16=1,$P16=2,$P16=5),IF($U16>0,"OK","SEM LASTRO"),"OK")) | Y16: =IF($C16="","",$C16&"|"&$B16) | Z16: =IF($C16="","",$C16&"|"&$B16&"|"&$H16) | AA16: =IF($C16="","",$C16&"|"&$B16&"|"&$G16)
A17: 2026-Q3 | B17: =IF($A17="","",VALUE(LEFT($A17,4))*4+VALUE(RIGHT($A17,1))) | C17: P003 | D17: =IFERROR(INDEX(Pessoas!$B$5:$B$64,MATCH($C17,Pessoas!$A$5:$A$64,0)),"") | E17: A003 | F17: =IFERROR(INDEX(Pessoas!$D$5:$D$64,MATCH($C17,Pessoas!$A$5:$A$64,0)),"") | G17: Previsibilidade | H17: =IFERROR(INDEX(Config!$B$40:$B$45,MATCH($G17,Config!$C$40:$C$45,0)),"") | I17: =IFERROR(INDEX(Config!$D$40:$D$45,MATCH($G17,Config!$C$40:$C$45,0)),"") | N17: =IF(AND(ISNUMBER($J17),ISNUMBER($K17)),ABS($J17-$K17),"") | O17: =IF(AND(NOT(ISNUMBER($J17)),NOT(ISNUMBER($K17))),"",IF(NOT(ISNUMBER($K17)),$J17,IF(NOT(ISNUMBER($J17)),$K17,IF($N17=0,$J17,IF(AND($N17=1,$T17<>"Sim"),IF($I17="Líder Técnico",$K17,IF($I17="GP",$J17,"CALIBRAR")),"CALIBRAR"))))) | R17: =IF($P17="","",IF(AND(ISNUMBER($J17),$P17=$J17,ISNUMBER($K17),$P17=$K17),"= ambos",IF(AND(ISNUMBER($J17),$P17=$J17),"= GP",IF(AND(ISNUMBER($K17),$P17=$K17),"= LT","nenhuma das duas")))) | U17: =IF($C17="","",COUNTIFS('Ocorrências'!$V$5:$V$604,$C17&"|"&$B17&"|"&$G17,'Ocorrências'!$X$5:$X$604,"Sim")) | V17: =IF($P17="","",IF(OR($P17=1,$P17=2,$P17=5),IF($U17>0,"OK","SEM LASTRO"),"OK")) | Y17: =IF($C17="","",$C17&"|"&$B17) | Z17: =IF($C17="","",$C17&"|"&$B17&"|"&$H17) | AA17: =IF($C17="","",$C17&"|"&$B17&"|"&$G17)
A18: 2026-Q3 | B18: =IF($A18="","",VALUE(LEFT($A18,4))*4+VALUE(RIGHT($A18,1))) | C18: P003 | D18: =IFERROR(INDEX(Pessoas!$B$5:$B$64,MATCH($C18,Pessoas!$A$5:$A$64,0)),"") | E18: A003 | F18: =IFERROR(INDEX(Pessoas!$D$5:$D$64,MATCH($C18,Pessoas!$A$5:$A$64,0)),"") | G18: Qualidade da entrega | H18: =IFERROR(INDEX(Config!$B$40:$B$45,MATCH($G18,Config!$C$40:$C$45,0)),"") | I18: =IFERROR(INDEX(Config!$D$40:$D$45,MATCH($G18,Config!$C$40:$C$45,0)),"") | N18: =IF(AND(ISNUMBER($J18),ISNUMBER($K18)),ABS($J18-$K18),"") | O18: =IF(AND(NOT(ISNUMBER($J18)),NOT(ISNUMBER($K18))),"",IF(NOT(ISNUMBER($K18)),$J18,IF(NOT(ISNUMBER($J18)),$K18,IF($N18=0,$J18,IF(AND($N18=1,$T18<>"Sim"),IF($I18="Líder Técnico",$K18,IF($I18="GP",$J18,"CALIBRAR")),"CALIBRAR"))))) | R18: =IF($P18="","",IF(AND(ISNUMBER($J18),$P18=$J18,ISNUMBER($K18),$P18=$K18),"= ambos",IF(AND(ISNUMBER($J18),$P18=$J18),"= GP",IF(AND(ISNUMBER($K18),$P18=$K18),"= LT","nenhuma das duas")))) | U18: =IF($C18="","",COUNTIFS('Ocorrências'!$V$5:$V$604,$C18&"|"&$B18&"|"&$G18,'Ocorrências'!$X$5:$X$604,"Sim")) | V18: =IF($P18="","",IF(OR($P18=1,$P18=2,$P18=5),IF($U18>0,"OK","SEM LASTRO"),"OK")) | Y18: =IF($C18="","",$C18&"|"&$B18) | Z18: =IF($C18="","",$C18&"|"&$B18&"|"&$H18) | AA18: =IF($C18="","",$C18&"|"&$B18&"|"&$G18)
A19: 2026-Q3 | B19: =IF($A19="","",VALUE(LEFT($A19,4))*4+VALUE(RIGHT($A19,1))) | C19: P003 | D19: =IFERROR(INDEX(Pessoas!$B$5:$B$64,MATCH($C19,Pessoas!$A$5:$A$64,0)),"") | E19: A003 | F19: =IFERROR(INDEX(Pessoas!$D$5:$D$64,MATCH($C19,Pessoas!$A$5:$A$64,0)),"") | G19: Domínio técnico | H19: =IFERROR(INDEX(Config!$B$40:$B$45,MATCH($G19,Config!$C$40:$C$45,0)),"") | I19: =IFERROR(INDEX(Config!$D$40:$D$45,MATCH($G19,Config!$C$40:$C$45,0)),"") | N19: =IF(AND(ISNUMBER($J19),ISNUMBER($K19)),ABS($J19-$K19),"") | O19: =IF(AND(NOT(ISNUMBER($J19)),NOT(ISNUMBER($K19))),"",IF(NOT(ISNUMBER($K19)),$J19,IF(NOT(ISNUMBER($J19)),$K19,IF($N19=0,$J19,IF(AND($N19=1,$T19<>"Sim"),IF($I19="Líder Técnico",$K19,IF($I19="GP",$J19,"CALIBRAR")),"CALIBRAR"))))) | R19: =IF($P19="","",IF(AND(ISNUMBER($J19),$P19=$J19,ISNUMBER($K19),$P19=$K19),"= ambos",IF(AND(ISNUMBER($J19),$P19=$J19),"= GP",IF(AND(ISNUMBER($K19),$P19=$K19),"= LT","nenhuma das duas")))) | U19: =IF($C19="","",COUNTIFS('Ocorrências'!$V$5:$V$604,$C19&"|"&$B19&"|"&$G19,'Ocorrências'!$X$5:$X$604,"Sim")) | V19: =IF($P19="","",IF(OR($P19=1,$P19=2,$P19=5),IF($U19>0,"OK","SEM LASTRO"),"OK")) | Y19: =IF($C19="","",$C19&"|"&$B19) | Z19: =IF($C19="","",$C19&"|"&$B19&"|"&$H19) | AA19: =IF($C19="","",$C19&"|"&$B19&"|"&$G19)
A20: 2026-Q3 | B20: =IF($A20="","",VALUE(LEFT($A20,4))*4+VALUE(RIGHT($A20,1))) | C20: P003 | D20: =IFERROR(INDEX(Pessoas!$B$5:$B$64,MATCH($C20,Pessoas!$A$5:$A$64,0)),"") | E20: A003 | F20: =IFERROR(INDEX(Pessoas!$D$5:$D$64,MATCH($C20,Pessoas!$A$5:$A$64,0)),"") | G20: Design de solução | H20: =IFERROR(INDEX(Config!$B$40:$B$45,MATCH($G20,Config!$C$40:$C$45,0)),"") | I20: =IFERROR(INDEX(Config!$D$40:$D$45,MATCH($G20,Config!$C$40:$C$45,0)),"") | N20: =IF(AND(ISNUMBER($J20),ISNUMBER($K20)),ABS($J20-$K20),"") | O20: =IF(AND(NOT(ISNUMBER($J20)),NOT(ISNUMBER($K20))),"",IF(NOT(ISNUMBER($K20)),$J20,IF(NOT(ISNUMBER($J20)),$K20,IF($N20=0,$J20,IF(AND($N20=1,$T20<>"Sim"),IF($I20="Líder Técnico",$K20,IF($I20="GP",$J20,"CALIBRAR")),"CALIBRAR"))))) | R20: =IF($P20="","",IF(AND(ISNUMBER($J20),$P20=$J20,ISNUMBER($K20),$P20=$K20),"= ambos",IF(AND(ISNUMBER($J20),$P20=$J20),"= GP",IF(AND(ISNUMBER($K20),$P20=$K20),"= LT","nenhuma das duas")))) | U20: =IF($C20="","",COUNTIFS('Ocorrências'!$V$5:$V$604,$C20&"|"&$B20&"|"&$G20,'Ocorrências'!$X$5:$X$604,"Sim")) | V20: =IF($P20="","",IF(OR($P20=1,$P20=2,$P20=5),IF($U20>0,"OK","SEM LASTRO"),"OK")) | Y20: =IF($C20="","",$C20&"|"&$B20) | Z20: =IF($C20="","",$C20&"|"&$B20&"|"&$H20) | AA20: =IF($C20="","",$C20&"|"&$B20&"|"&$G20)
A21: 2026-Q3 | B21: =IF($A21="","",VALUE(LEFT($A21,4))*4+VALUE(RIGHT($A21,1))) | C21: P003 | D21: =IFERROR(INDEX(Pessoas!$B$5:$B$64,MATCH($C21,Pessoas!$A$5:$A$64,0)),"") | E21: A003 | F21: =IFERROR(INDEX(Pessoas!$D$5:$D$64,MATCH($C21,Pessoas!$A$5:$A$64,0)),"") | G21: Comunicação e colaboração | H21: =IFERROR(INDEX(Config!$B$40:$B$45,MATCH($G21,Config!$C$40:$C$45,0)),"") | I21: =IFERROR(INDEX(Config!$D$40:$D$45,MATCH($G21,Config!$C$40:$C$45,0)),"") | N21: =IF(AND(ISNUMBER($J21),ISNUMBER($K21)),ABS($J21-$K21),"") | O21: =IF(AND(NOT(ISNUMBER($J21)),NOT(ISNUMBER($K21))),"",IF(NOT(ISNUMBER($K21)),$J21,IF(NOT(ISNUMBER($J21)),$K21,IF($N21=0,$J21,IF(AND($N21=1,$T21<>"Sim"),IF($I21="Líder Técnico",$K21,IF($I21="GP",$J21,"CALIBRAR")),"CALIBRAR"))))) | R21: =IF($P21="","",IF(AND(ISNUMBER($J21),$P21=$J21,ISNUMBER($K21),$P21=$K21),"= ambos",IF(AND(ISNUMBER($J21),$P21=$J21),"= GP",IF(AND(ISNUMBER($K21),$P21=$K21),"= LT","nenhuma das duas")))) | U21: =IF($C21="","",COUNTIFS('Ocorrências'!$V$5:$V$604,$C21&"|"&$B21&"|"&$G21,'Ocorrências'!$X$5:$X$604,"Sim")) | V21: =IF($P21="","",IF(OR($P21=1,$P21=2,$P21=5),IF($U21>0,"OK","SEM LASTRO"),"OK")) | Y21: =IF($C21="","",$C21&"|"&$B21) | Z21: =IF($C21="","",$C21&"|"&$B21&"|"&$H21) | AA21: =IF($C21="","",$C21&"|"&$B21&"|"&$G21)
A22: 2026-Q3 | B22: =IF($A22="","",VALUE(LEFT($A22,4))*4+VALUE(RIGHT($A22,1))) | C22: P003 | D22: =IFERROR(INDEX(Pessoas!$B$5:$B$64,MATCH($C22,Pessoas!$A$5:$A$64,0)),"") | E22: A003 | F22: =IFERROR(INDEX(Pessoas!$D$5:$D$64,MATCH($C22,Pessoas!$A$5:$A$64,0)),"") | G22: Autonomia e ownership | H22: =IFERROR(INDEX(Config!$B$40:$B$45,MATCH($G22,Config!$C$40:$C$45,0)),"") | I22: =IFERROR(INDEX(Config!$D$40:$D$45,MATCH($G22,Config!$C$40:$C$45,0)),"") | N22: =IF(AND(ISNUMBER($J22),ISNUMBER($K22)),ABS($J22-$K22),"") | O22: =IF(AND(NOT(ISNUMBER($J22)),NOT(ISNUMBER($K22))),"",IF(NOT(ISNUMBER($K22)),$J22,IF(NOT(ISNUMBER($J22)),$K22,IF($N22=0,$J22,IF(AND($N22=1,$T22<>"Sim"),IF($I22="Líder Técnico",$K22,IF($I22="GP",$J22,"CALIBRAR")),"CALIBRAR"))))) | R22: =IF($P22="","",IF(AND(ISNUMBER($J22),$P22=$J22,ISNUMBER($K22),$P22=$K22),"= ambos",IF(AND(ISNUMBER($J22),$P22=$J22),"= GP",IF(AND(ISNUMBER($K22),$P22=$K22),"= LT","nenhuma das duas")))) | U22: =IF($C22="","",COUNTIFS('Ocorrências'!$V$5:$V$604,$C22&"|"&$B22&"|"&$G22,'Ocorrências'!$X$5:$X$604,"Sim")) | V22: =IF($P22="","",IF(OR($P22=1,$P22=2,$P22=5),IF($U22>0,"OK","SEM LASTRO"),"OK")) | Y22: =IF($C22="","",$C22&"|"&$B22) | Z22: =IF($C22="","",$C22&"|"&$B22&"|"&$H22) | AA22: =IF($C22="","",$C22&"|"&$B22&"|"&$G22)
... A28: 2026-Q3 | B28: =IF($A28="","",VALUE(LEFT($A28,4))*4+VALUE(RIGHT($A28,1))) | C28: P003 | D28: =IFERROR(INDEX(Pessoas!$B$5:$B$64,MATCH($C28,Pessoas!$A$5:$A$64,0)),"") | E28: A004 | F28: =IFERROR(INDEX(Pessoas!$D$5:$D$64,MATCH($C28,Pessoas!$A$5:$A$64,0)),"") | G28: Autonomia e ownership | H28: =IFERROR(INDEX(Config!$B$40:$B$45,MATCH($G28,Config!$C$40:$C$45,0)),"") | I28: =IFERROR(INDEX(Config!$D$40:$D$45,MATCH($G28,Config!$C$40:$C$45,0)),"") | N28: =IF(AND(ISNUMBER($J28),ISNUMBER($K28)),ABS($J28-$K28),"") | O28: =IF(AND(NOT(ISNUMBER($J28)),NOT(ISNUMBER($K28))),"",IF(NOT(ISNUMBER($K28)),$J28,IF(NOT(ISNUMBER($J28)),$K28,IF($N28=0,$J28,IF(AND($N28=1,$T28<>"Sim"),IF($I28="Líder Técnico",$K28,IF($I28="GP",$J28,"CALIBRAR")),"CALIBRAR"))))) | R28: =IF($P28="","",IF(AND(ISNUMBER($J28),$P28=$J28,ISNUMBER($K28),$P28=$K28),"= ambos",IF(AND(ISNUMBER($J28),$P28=$J28),"= GP",IF(AND(ISNUMBER($K28),$P28=$K28),"= LT","nenhuma das duas")))) | U28: =IF($C28="","",COUNTIFS('Ocorrências'!$V$5:$V$604,$C28&"|"&$B28&"|"&$G28,'Ocorrências'!$X$5:$X$604,"Sim")) | V28: =IF($P28="","",IF(OR($P28=1,$P28=2,$P28=5),IF($U28>0,"OK","SEM LASTRO"),"OK")) | Y28: =IF($C28="","",$C28&"|"&$B28) | Z28: =IF($C28="","",$C28&"|"&$B28&"|"&$H28) | AA28: =IF($C28="","",$C28&"|"&$B28&"|"&$G28)
B29: =IF($A29="","",VALUE(LEFT($A29,4))*4+VALUE(RIGHT($A29,1))) | D29: =IFERROR(INDEX(Pessoas!$B$5:$B$64,MATCH($C29,Pessoas!$A$5:$A$64,0)),"") | F29: =IFERROR(INDEX(Pessoas!$D$5:$D$64,MATCH($C29,Pessoas!$A$5:$A$64,0)),"") | H29: =IFERROR(INDEX(Config!$B$40:$B$45,MATCH($G29,Config!$C$40:$C$45,0)),"") | I29: =IFERROR(INDEX(Config!$D$40:$D$45,MATCH($G29,Config!$C$40:$C$45,0)),"") | N29: =IF(AND(ISNUMBER($J29),ISNUMBER($K29)),ABS($J29-$K29),"") | O29: =IF(AND(NOT(ISNUMBER($J29)),NOT(ISNUMBER($K29))),"",IF(NOT(ISNUMBER($K29)),$J29,IF(NOT(ISNUMBER($J29)),$K29,IF($N29=0,$J29,IF(AND($N29=1,$T29<>"Sim"),IF($I29="Líder Técnico",$K29,IF($I29="GP",$J29,"CALIBRAR")),"CALIBRAR"))))) | R29: =IF($P29="","",IF(AND(ISNUMBER($J29),$P29=$J29,ISNUMBER($K29),$P29=$K29),"= ambos",IF(AND(ISNUMBER($J29),$P29=$J29),"= GP",IF(AND(ISNUMBER($K29),$P29=$K29),"= LT","nenhuma das duas")))) | U29: =IF($C29="","",COUNTIFS('Ocorrências'!$V$5:$V$604,$C29&"|"&$B29&"|"&$G29,'Ocorrências'!$X$5:$X$604,"Sim")) | V29: =IF($P29="","",IF(OR($P29=1,$P29=2,$P29=5),IF($U29>0,"OK","SEM LASTRO"),"OK")) | Y29: =IF($C29="","",$C29&"|"&$B29) | Z29: =IF($C29="","",$C29&"|"&$B29&"|"&$H29) | AA29: =IF($C29="","",$C29&"|"&$B29&"|"&$G29)
B30: =IF($A30="","",VALUE(LEFT($A30,4))*4+VALUE(RIGHT($A30,1))) | D30: =IFERROR(INDEX(Pessoas!$B$5:$B$64,MATCH($C30,Pessoas!$A$5:$A$64,0)),"") | F30: =IFERROR(INDEX(Pessoas!$D$5:$D$64,MATCH($C30,Pessoas!$A$5:$A$64,0)),"") | H30: =IFERROR(INDEX(Config!$B$40:$B$45,MATCH($G30,Config!$C$40:$C$45,0)),"") | I30: =IFERROR(INDEX(Config!$D$40:$D$45,MATCH($G30,Config!$C$40:$C$45,0)),"") | N30: =IF(AND(ISNUMBER($J30),ISNUMBER($K30)),ABS($J30-$K30),"") | O30: =IF(AND(NOT(ISNUMBER($J30)),NOT(ISNUMBER($K30))),"",IF(NOT(ISNUMBER($K30)),$J30,IF(NOT(ISNUMBER($J30)),$K30,IF($N30=0,$J30,IF(AND($N30=1,$T30<>"Sim"),IF($I30="Líder Técnico",$K30,IF($I30="GP",$J30,"CALIBRAR")),"CALIBRAR"))))) | R30: =IF($P30="","",IF(AND(ISNUMBER($J30),$P30=$J30,ISNUMBER($K30),$P30=$K30),"= ambos",IF(AND(ISNUMBER($J30),$P30=$J30),"= GP",IF(AND(ISNUMBER($K30),$P30=$K30),"= LT","nenhuma das duas")))) | U30: =IF($C30="","",COUNTIFS('Ocorrências'!$V$5:$V$604,$C30&"|"&$B30&"|"&$G30,'Ocorrências'!$X$5:$X$604,"Sim")) | V30: =IF($P30="","",IF(OR($P30=1,$P30=2,$P30=5),IF($U30>0,"OK","SEM LASTRO"),"OK")) | Y30: =IF($C30="","",$C30&"|"&$B30) | Z30: =IF($C30="","",$C30&"|"&$B30&"|"&$H30) | AA30: =IF($C30="","",$C30&"|"&$B30&"|"&$G30)
B31: =IF($A31="","",VALUE(LEFT($A31,4))*4+VALUE(RIGHT($A31,1))) | D31: =IFERROR(INDEX(Pessoas!$B$5:$B$64,MATCH($C31,Pessoas!$A$5:$A$64,0)),"") | F31: =IFERROR(INDEX(Pessoas!$D$5:$D$64,MATCH($C31,Pessoas!$A$5:$A$64,0)),"") | H31: =IFERROR(INDEX(Config!$B$40:$B$45,MATCH($G31,Config!$C$40:$C$45,0)),"") | I31: =IFERROR(INDEX(Config!$D$40:$D$45,MATCH($G31,Config!$C$40:$C$45,0)),"") | N31: =IF(AND(ISNUMBER($J31),ISNUMBER($K31)),ABS($J31-$K31),"") | O31: =IF(AND(NOT(ISNUMBER($J31)),NOT(ISNUMBER($K31))),"",IF(NOT(ISNUMBER($K31)),$J31,IF(NOT(ISNUMBER($J31)),$K31,IF($N31=0,$J31,IF(AND($N31=1,$T31<>"Sim"),IF($I31="Líder Técnico",$K31,IF($I31="GP",$J31,"CALIBRAR")),"CALIBRAR"))))) | R31: =IF($P31="","",IF(AND(ISNUMBER($J31),$P31=$J31,ISNUMBER($K31),$P31=$K31),"= ambos",IF(AND(ISNUMBER($J31),$P31=$J31),"= GP",IF(AND(ISNUMBER($K31),$P31=$K31),"= LT","nenhuma das duas")))) | U31: =IF($C31="","",COUNTIFS('Ocorrências'!$V$5:$V$604,$C31&"|"&$B31&"|"&$G31,'Ocorrências'!$X$5:$X$604,"Sim")) | V31: =IF($P31="","",IF(OR($P31=1,$P31=2,$P31=5),IF($U31>0,"OK","SEM LASTRO"),"OK")) | Y31: =IF($C31="","",$C31&"|"&$B31) | Z31: =IF($C31="","",$C31&"|"&$B31&"|"&$H31) | AA31: =IF($C31="","",$C31&"|"&$B31&"|"&$G31)
B32: =IF($A32="","",VALUE(LEFT($A32,4))*4+VALUE(RIGHT($A32,1))) | D32: =IFERROR(INDEX(Pessoas!$B$5:$B$64,MATCH($C32,Pessoas!$A$5:$A$64,0)),"") | F32: =IFERROR(INDEX(Pessoas!$D$5:$D$64,MATCH($C32,Pessoas!$A$5:$A$64,0)),"") | H32: =IFERROR(INDEX(Config!$B$40:$B$45,MATCH($G32,Config!$C$40:$C$45,0)),"") | I32: =IFERROR(INDEX(Config!$D$40:$D$45,MATCH($G32,Config!$C$40:$C$45,0)),"") | N32: =IF(AND(ISNUMBER($J32),ISNUMBER($K32)),ABS($J32-$K32),"") | O32: =IF(AND(NOT(ISNUMBER($J32)),NOT(ISNUMBER($K32))),"",IF(NOT(ISNUMBER($K32)),$J32,IF(NOT(ISNUMBER($J32)),$K32,IF($N32=0,$J32,IF(AND($N32=1,$T32<>"Sim"),IF($I32="Líder Técnico",$K32,IF($I32="GP",$J32,"CALIBRAR")),"CALIBRAR"))))) | R32: =IF($P32="","",IF(AND(ISNUMBER($J32),$P32=$J32,ISNUMBER($K32),$P32=$K32),"= ambos",IF(AND(ISNUMBER($J32),$P32=$J32),"= GP",IF(AND(ISNUMBER($K32),$P32=$K32),"= LT","nenhuma das duas")))) | U32: =IF($C32="","",COUNTIFS('Ocorrências'!$V$5:$V$604,$C32&"|"&$B32&"|"&$G32,'Ocorrências'!$X$5:$X$604,"Sim")) | V32: =IF($P32="","",IF(OR($P32=1,$P32=2,$P32=5),IF($U32>0,"OK","SEM LASTRO"),"OK")) | Y32: =IF($C32="","",$C32&"|"&$B32) | Z32: =IF($C32="","",$C32&"|"&$B32&"|"&$H32) | AA32: =IF($C32="","",$C32&"|"&$B32&"|"&$G32)
B33: =IF($A33="","",VALUE(LEFT($A33,4))*4+VALUE(RIGHT($A33,1))) | D33: =IFERROR(INDEX(Pessoas!$B$5:$B$64,MATCH($C33,Pessoas!$A$5:$A$64,0)),"") | F33: =IFERROR(INDEX(Pessoas!$D$5:$D$64,MATCH($C33,Pessoas!$A$5:$A$64,0)),"") | H33: =IFERROR(INDEX(Config!$B$40:$B$45,MATCH($G33,Config!$C$40:$C$45,0)),"") | I33: =IFERROR(INDEX(Config!$D$40:$D$45,MATCH($G33,Config!$C$40:$C$45,0)),"") | N33: =IF(AND(ISNUMBER($J33),ISNUMBER($K33)),ABS($J33-$K33),"") | O33: =IF(AND(NOT(ISNUMBER($J33)),NOT(ISNUMBER($K33))),"",IF(NOT(ISNUMBER($K33)),$J33,IF(NOT(ISNUMBER($J33)),$K33,IF($N33=0,$J33,IF(AND($N33=1,$T33<>"Sim"),IF($I33="Líder Técnico",$K33,IF($I33="GP",$J33,"CALIBRAR")),"CALIBRAR"))))) | R33: =IF($P33="","",IF(AND(ISNUMBER($J33),$P33=$J33,ISNUMBER($K33),$P33=$K33),"= ambos",IF(AND(ISNUMBER($J33),$P33=$J33),"= GP",IF(AND(ISNUMBER($K33),$P33=$K33),"= LT","nenhuma das duas")))) | U33: =IF($C33="","",COUNTIFS('Ocorrências'!$V$5:$V$604,$C33&"|"&$B33&"|"&$G33,'Ocorrências'!$X$5:$X$604,"Sim")) | V33: =IF($P33="","",IF(OR($P33=1,$P33=2,$P33=5),IF($U33>0,"OK","SEM LASTRO"),"OK")) | Y33: =IF($C33="","",$C33&"|"&$B33) | Z33: =IF($C33="","",$C33&"|"&$B33&"|"&$H33) | AA33: =IF($C33="","",$C33&"|"&$B33&"|"&$G33)
B34: =IF($A34="","",VALUE(LEFT($A34,4))*4+VALUE(RIGHT($A34,1))) | D34: =IFERROR(INDEX(Pessoas!$B$5:$B$64,MATCH($C34,Pessoas!$A$5:$A$64,0)),"") | F34: =IFERROR(INDEX(Pessoas!$D$5:$D$64,MATCH($C34,Pessoas!$A$5:$A$64,0)),"") | H34: =IFERROR(INDEX(Config!$B$40:$B$45,MATCH($G34,Config!$C$40:$C$45,0)),"") | I34: =IFERROR(INDEX(Config!$D$40:$D$45,MATCH($G34,Config!$C$40:$C$45,0)),"") | N34: =IF(AND(ISNUMBER($J34),ISNUMBER($K34)),ABS($J34-$K34),"") | O34: =IF(AND(NOT(ISNUMBER($J34)),NOT(ISNUMBER($K34))),"",IF(NOT(ISNUMBER($K34)),$J34,IF(NOT(ISNUMBER($J34)),$K34,IF($N34=0,$J34,IF(AND($N34=1,$T34<>"Sim"),IF($I34="Líder Técnico",$K34,IF($I34="GP",$J34,"CALIBRAR")),"CALIBRAR"))))) | R34: =IF($P34="","",IF(AND(ISNUMBER($J34),$P34=$J34,ISNUMBER($K34),$P34=$K34),"= ambos",IF(AND(ISNUMBER($J34),$P34=$J34),"= GP",IF(AND(ISNUMBER($K34),$P34=$K34),"= LT","nenhuma das duas")))) | U34: =IF($C34="","",COUNTIFS('Ocorrências'!$V$5:$V$604,$C34&"|"&$B34&"|"&$G34,'Ocorrências'!$X$5:$X$604,"Sim")) | V34: =IF($P34="","",IF(OR($P34=1,$P34=2,$P34=5),IF($U34>0,"OK","SEM LASTRO"),"OK")) | Y34: =IF($C34="","",$C34&"|"&$B34) | Z34: =IF($C34="","",$C34&"|"&$B34&"|"&$H34) | AA34: =IF($C34="","",$C34&"|"&$B34&"|"&$G34)
B35: =IF($A35="","",VALUE(LEFT($A35,4))*4+VALUE(RIGHT($A35,1))) | D35: =IFERROR(INDEX(Pessoas!$B$5:$B$64,MATCH($C35,Pessoas!$A$5:$A$64,0)),"") | F35: =IFERROR(INDEX(Pessoas!$D$5:$D$64,MATCH($C35,Pessoas!$A$5:$A$64,0)),"") | H35: =IFERROR(INDEX(Config!$B$40:$B$45,MATCH($G35,Config!$C$40:$C$45,0)),"") | I35: =IFERROR(INDEX(Config!$D$40:$D$45,MATCH($G35,Config!$C$40:$C$45,0)),"") | N35: =IF(AND(ISNUMBER($J35),ISNUMBER($K35)),ABS($J35-$K35),"") | O35: =IF(AND(NOT(ISNUMBER($J35)),NOT(ISNUMBER($K35))),"",IF(NOT(ISNUMBER($K35)),$J35,IF(NOT(ISNUMBER($J35)),$K35,IF($N35=0,$J35,IF(AND($N35=1,$T35<>"Sim"),IF($I35="Líder Técnico",$K35,IF($I35="GP",$J35,"CALIBRAR")),"CALIBRAR"))))) | R35: =IF($P35="","",IF(AND(ISNUMBER($J35),$P35=$J35,ISNUMBER($K35),$P35=$K35),"= ambos",IF(AND(ISNUMBER($J35),$P35=$J35),"= GP",IF(AND(ISNUMBER($K35),$P35=$K35),"= LT","nenhuma das duas")))) | U35: =IF($C35="","",COUNTIFS('Ocorrências'!$V$5:$V$604,$C35&"|"&$B35&"|"&$G35,'Ocorrências'!$X$5:$X$604,"Sim")) | V35: =IF($P35="","",IF(OR($P35=1,$P35=2,$P35=5),IF($U35>0,"OK","SEM LASTRO"),"OK")) | Y35: =IF($C35="","",$C35&"|"&$B35) | Z35: =IF($C35="","",$C35&"|"&$B35&"|"&$H35) | AA35: =IF($C35="","",$C35&"|"&$B35&"|"&$G35)
B36: =IF($A36="","",VALUE(LEFT($A36,4))*4+VALUE(RIGHT($A36,1))) | D36: =IFERROR(INDEX(Pessoas!$B$5:$B$64,MATCH($C36,Pessoas!$A$5:$A$64,0)),"") | F36: =IFERROR(INDEX(Pessoas!$D$5:$D$64,MATCH($C36,Pessoas!$A$5:$A$64,0)),"") | H36: =IFERROR(INDEX(Config!$B$40:$B$45,MATCH($G36,Config!$C$40:$C$45,0)),"") | I36: =IFERROR(INDEX(Config!$D$40:$D$45,MATCH($G36,Config!$C$40:$C$45,0)),"") | N36: =IF(AND(ISNUMBER($J36),ISNUMBER($K36)),ABS($J36-$K36),"") | O36: =IF(AND(NOT(ISNUMBER($J36)),NOT(ISNUMBER($K36))),"",IF(NOT(ISNUMBER($K36)),$J36,IF(NOT(ISNUMBER($J36)),$K36,IF($N36=0,$J36,IF(AND($N36=1,$T36<>"Sim"),IF($I36="Líder Técnico",$K36,IF($I36="GP",$J36,"CALIBRAR")),"CALIBRAR"))))) | R36: =IF($P36="","",IF(AND(ISNUMBER($J36),$P36=$J36,ISNUMBER($K36),$P36=$K36),"= ambos",IF(AND(ISNUMBER($J36),$P36=$J36),"= GP",IF(AND(ISNUMBER($K36),$P36=$K36),"= LT","nenhuma das duas")))) | U36: =IF($C36="","",COUNTIFS('Ocorrências'!$V$5:$V$604,$C36&"|"&$B36&"|"&$G36,'Ocorrências'!$X$5:$X$604,"Sim")) | V36: =IF($P36="","",IF(OR($P36=1,$P36=2,$P36=5),IF($U36>0,"OK","SEM LASTRO"),"OK")) | Y36: =IF($C36="","",$C36&"|"&$B36) | Z36: =IF($C36="","",$C36&"|"&$B36&"|"&$H36) | AA36: =IF($C36="","",$C36&"|"&$B36&"|"&$G36)
B37: =IF($A37="","",VALUE(LEFT($A37,4))*4+VALUE(RIGHT($A37,1))) | D37: =IFERROR(INDEX(Pessoas!$B$5:$B$64,MATCH($C37,Pessoas!$A$5:$A$64,0)),"") | F37: =IFERROR(INDEX(Pessoas!$D$5:$D$64,MATCH($C37,Pessoas!$A$5:$A$64,0)),"") | H37: =IFERROR(INDEX(Config!$B$40:$B$45,MATCH($G37,Config!$C$40:$C$45,0)),"") | I37: =IFERROR(INDEX(Config!$D$40:$D$45,MATCH($G37,Config!$C$40:$C$45,0)),"") | N37: =IF(AND(ISNUMBER($J37),ISNUMBER($K37)),ABS($J37-$K37),"") | O37: =IF(AND(NOT(ISNUMBER($J37)),NOT(ISNUMBER($K37))),"",IF(NOT(ISNUMBER($K37)),$J37,IF(NOT(ISNUMBER($J37)),$K37,IF($N37=0,$J37,IF(AND($N37=1,$T37<>"Sim"),IF($I37="Líder Técnico",$K37,IF($I37="GP",$J37,"CALIBRAR")),"CALIBRAR"))))) | R37: =IF($P37="","",IF(AND(ISNUMBER($J37),$P37=$J37,ISNUMBER($K37),$P37=$K37),"= ambos",IF(AND(ISNUMBER($J37),$P37=$J37),"= GP",IF(AND(ISNUMBER($K37),$P37=$K37),"= LT","nenhuma das duas")))) | U37: =IF($C37="","",COUNTIFS('Ocorrências'!$V$5:$V$604,$C37&"|"&$B37&"|"&$G37,'Ocorrências'!$X$5:$X$604,"Sim")) | V37: =IF($P37="","",IF(OR($P37=1,$P37=2,$P37=5),IF($U37>0,"OK","SEM LASTRO"),"OK")) | Y37: =IF($C37="","",$C37&"|"&$B37) | Z37: =IF($C37="","",$C37&"|"&$B37&"|"&$H37) | AA37: =IF($C37="","",$C37&"|"&$B37&"|"&$G37)
B38: =IF($A38="","",VALUE(LEFT($A38,4))*4+VALUE(RIGHT($A38,1))) | D38: =IFERROR(INDEX(Pessoas!$B$5:$B$64,MATCH($C38,Pessoas!$A$5:$A$64,0)),"") | F38: =IFERROR(INDEX(Pessoas!$D$5:$D$64,MATCH($C38,Pessoas!$A$5:$A$64,0)),"") | H38: =IFERROR(INDEX(Config!$B$40:$B$45,MATCH($G38,Config!$C$40:$C$45,0)),"") | I38: =IFERROR(INDEX(Config!$D$40:$D$45,MATCH($G38,Config!$C$40:$C$45,0)),"") | N38: =IF(AND(ISNUMBER($J38),ISNUMBER($K38)),ABS($J38-$K38),"") | O38: =IF(AND(NOT(ISNUMBER($J38)),NOT(ISNUMBER($K38))),"",IF(NOT(ISNUMBER($K38)),$J38,IF(NOT(ISNUMBER($J38)),$K38,IF($N38=0,$J38,IF(AND($N38=1,$T38<>"Sim"),IF($I38="Líder Técnico",$K38,IF($I38="GP",$J38,"CALIBRAR")),"CALIBRAR"))))) | R38: =IF($P38="","",IF(AND(ISNUMBER($J38),$P38=$J38,ISNUMBER($K38),$P38=$K38),"= ambos",IF(AND(ISNUMBER($J38),$P38=$J38),"= GP",IF(AND(ISNUMBER($K38),$P38=$K38),"= LT","nenhuma das duas")))) | U38: =IF($C38="","",COUNTIFS('Ocorrências'!$V$5:$V$604,$C38&"|"&$B38&"|"&$G38,'Ocorrências'!$X$5:$X$604,"Sim")) | V38: =IF($P38="","",IF(OR($P38=1,$P38=2,$P38=5),IF($U38>0,"OK","SEM LASTRO"),"OK")) | Y38: =IF($C38="","",$C38&"|"&$B38) | Z38: =IF($C38="","",$C38&"|"&$B38&"|"&$H38) | AA38: =IF($C38="","",$C38&"|"&$B38&"|"&$G38)
B39: =IF($A39="","",VALUE(LEFT($A39,4))*4+VALUE(RIGHT($A39,1))) | D39: =IFERROR(INDEX(Pessoas!$B$5:$B$64,MATCH($C39,Pessoas!$A$5:$A$64,0)),"") | F39: =IFERROR(INDEX(Pessoas!$D$5:$D$64,MATCH($C39,Pessoas!$A$5:$A$64,0)),"") | H39: =IFERROR(INDEX(Config!$B$40:$B$45,MATCH($G39,Config!$C$40:$C$45,0)),"") | I39: =IFERROR(INDEX(Config!$D$40:$D$45,MATCH($G39,Config!$C$40:$C$45,0)),"") | N39: =IF(AND(ISNUMBER($J39),ISNUMBER($K39)),ABS($J39-$K39),"") | O39: =IF(AND(NOT(ISNUMBER($J39)),NOT(ISNUMBER($K39))),"",IF(NOT(ISNUMBER($K39)),$J39,IF(NOT(ISNUMBER($J39)),$K39,IF($N39=0,$J39,IF(AND($N39=1,$T39<>"Sim"),IF($I39="Líder Técnico",$K39,IF($I39="GP",$J39,"CALIBRAR")),"CALIBRAR"))))) | R39: =IF($P39="","",IF(AND(ISNUMBER($J39),$P39=$J39,ISNUMBER($K39),$P39=$K39),"= ambos",IF(AND(ISNUMBER($J39),$P39=$J39),"= GP",IF(AND(ISNUMBER($K39),$P39=$K39),"= LT","nenhuma das duas")))) | U39: =IF($C39="","",COUNTIFS('Ocorrências'!$V$5:$V$604,$C39&"|"&$B39&"|"&$G39,'Ocorrências'!$X$5:$X$604,"Sim")) | V39: =IF($P39="","",IF(OR($P39=1,$P39=2,$P39=5),IF($U39>0,"OK","SEM LASTRO"),"OK")) | Y39: =IF($C39="","",$C39&"|"&$B39) | Z39: =IF($C39="","",$C39&"|"&$B39&"|"&$H39) | AA39: =IF($C39="","",$C39&"|"&$B39&"|"&$G39)
B40: =IF($A40="","",VALUE(LEFT($A40,4))*4+VALUE(RIGHT($A40,1))) | D40: =IFERROR(INDEX(Pessoas!$B$5:$B$64,MATCH($C40,Pessoas!$A$5:$A$64,0)),"") | F40: =IFERROR(INDEX(Pessoas!$D$5:$D$64,MATCH($C40,Pessoas!$A$5:$A$64,0)),"") | H40: =IFERROR(INDEX(Config!$B$40:$B$45,MATCH($G40,Config!$C$40:$C$45,0)),"") | I40: =IFERROR(INDEX(Config!$D$40:$D$45,MATCH($G40,Config!$C$40:$C$45,0)),"") | N40: =IF(AND(ISNUMBER($J40),ISNUMBER($K40)),ABS($J40-$K40),"") | O40: =IF(AND(NOT(ISNUMBER($J40)),NOT(ISNUMBER($K40))),"",IF(NOT(ISNUMBER($K40)),$J40,IF(NOT(ISNUMBER($J40)),$K40,IF($N40=0,$J40,IF(AND($N40=1,$T40<>"Sim"),IF($I40="Líder Técnico",$K40,IF($I40="GP",$J40,"CALIBRAR")),"CALIBRAR"))))) | R40: =IF($P40="","",IF(AND(ISNUMBER($J40),$P40=$J40,ISNUMBER($K40),$P40=$K40),"= ambos",IF(AND(ISNUMBER($J40),$P40=$J40),"= GP",IF(AND(ISNUMBER($K40),$P40=$K40),"= LT","nenhuma das duas")))) | U40: =IF($C40="","",COUNTIFS('Ocorrências'!$V$5:$V$604,$C40&"|"&$B40&"|"&$G40,'Ocorrências'!$X$5:$X$604,"Sim")) | V40: =IF($P40="","",IF(OR($P40=1,$P40=2,$P40=5),IF($U40>0,"OK","SEM LASTRO"),"OK")) | Y40: =IF($C40="","",$C40&"|"&$B40) | Z40: =IF($C40="","",$C40&"|"&$B40&"|"&$H40) | AA40: =IF($C40="","",$C40&"|"&$B40&"|"&$G40)
... B404: =IF($A404="","",VALUE(LEFT($A404,4))*4+VALUE(RIGHT($A404,1))) | D404: =IFERROR(INDEX(Pessoas!$B$5:$B$64,MATCH($C404,Pessoas!$A$5:$A$64,0)),"") | F404: =IFERROR(INDEX(Pessoas!$D$5:$D$64,MATCH($C404,Pessoas!$A$5:$A$64,0)),"") | H404: =IFERROR(INDEX(Config!$B$40:$B$45,MATCH($G404,Config!$C$40:$C$45,0)),"") | I404: =IFERROR(INDEX(Config!$D$40:$D$45,MATCH($G404,Config!$C$40:$C$45,0)),"") | N404: =IF(AND(ISNUMBER($J404),ISNUMBER($K404)),ABS($J404-$K404),"") | O404: =IF(AND(NOT(ISNUMBER($J404)),NOT(ISNUMBER($K404))),"",IF(NOT(ISNUMBER($K404)),$J404,IF(NOT(ISNUMBER($J404)),$K404,IF($N404=0,$J404,IF(AND($N404=1,$T404<>"Sim"),IF($I404="Líder Técnico",$K404,IF($I404="GP",$J404,"CALIBRAR")),"CALIBRAR"))))) | R404: =IF($P404="","",IF(AND(ISNUMBER($J404),$P404=$J404,ISNUMBER($K404),$P404=$K404),"= ambos",IF(AND(ISNUMBER($J404),$P404=$J404),"= GP",IF(AND(ISNUMBER($K404),$P404=$K404),"= LT","nenhuma das duas")))) | U404: =IF($C404="","",COUNTIFS('Ocorrências'!$V$5:$V$604,$C404&"|"&$B404&"|"&$G404,'Ocorrências'!$X$5:$X$604,"Sim")) | V404: =IF($P404="","",IF(OR($P404=1,$P404=2,$P404=5),IF($U404>0,"OK","SEM LASTRO"),"OK")) | Y404: =IF($C404="","",$C404&"|"&$B404) | Z404: =IF($C404="","",$C404&"|"&$B404&"|"&$H404) | AA404: =IF($C404="","",$C404&"|"&$B404&"|"&$G404)

Sheet 1a1
A1: Pauta de 1:1 — imprima e leve na conversa
A2: Escolha a pessoa em B4. A folha monta sozinha. Reconhecimentos vêm primeiro, de propósito.
A4: Pessoa | B4: Ana Ribeiro | C4: =IFERROR(INDEX(Pessoas!$A$5:$A$64,MATCH($B$4,Pessoas!$B$5:$B$64,0)),"") | D4: =IFERROR(INDEX(Pessoas!$D$5:$D$64,MATCH($B$4,Pessoas!$B$5:$B$64,0))&" · "&INDEX(Pessoas!$L$5:$L$64,MATCH($B$4,Pessoas!$B$5:$B$64,0))&" · "&INDEX(Pessoas!$N$5:$N$64,MATCH($B$4,Pessoas!$B$5:$B$64,0))&" meses no nível","")
A5: Ciclo | B5: =Config!$B$4 | D5: =IFERROR("Nota ponderada "&TEXT(INDEX('Painel'!$J$7:$J$64,MATCH($B$4,'Painel'!$B$7:$B$64,0)),"0.00")&" · expectativa "&TEXT(INDEX('Painel'!$K$7:$K$64,MATCH($B$4,'Painel'!$B$7:$B$64,0)),"0.0")&" · gap "&TEXT(INDEX('Painel'!$L$7:$L$64,MATCH($B$4,'Painel'!$B$7:$B$64,0)),"+0.00;-0.00")&" · "&INDEX('Painel'!$M$7:$M$64,MATCH($B$4,'Painel'!$B$7:$B$64,0)),"Sem avaliação neste ciclo")
A7: 1. COMPETÊNCIAS — a conversa é sobre a distância até a expectativa, não sobre a nota
A8: Competência | B8: GP | C8: LT | D8: Final | E8: Onde ela está hoje (âncora do nível) | F8: O que falta para o próximo nível | G8: Gap
A9: Previsibilidade | B9: =IF(COUNTIFS('Avaliação'!$AA$5:$AA$404,$C$4&"|"&Config!$B$7&"|"&$A9,'Avaliação'!$J$5:$J$404,">0")=0,"",SUMIFS('Avaliação'!$J$5:$J$404,'Avaliação'!$AA$5:$AA$404,$C$4&"|"&Config!$B$7&"|"&$A9)) | C9: =IF(COUNTIFS('Avaliação'!$AA$5:$AA$404,$C$4&"|"&Config!$B$7&"|"&$A9,'Avaliação'!$K$5:$K$404,">0")=0,"",SUMIFS('Avaliação'!$K$5:$K$404,'Avaliação'!$AA$5:$AA$404,$C$4&"|"&Config!$B$7&"|"&$A9)) | D9: =IF(COUNTIFS('Avaliação'!$AA$5:$AA$404,$C$4&"|"&Config!$B$7&"|"&$A9,'Avaliação'!$P$5:$P$404,">0")=0,"",SUMIFS('Avaliação'!$P$5:$P$404,'Avaliação'!$AA$5:$AA$404,$C$4&"|"&Config!$B$7&"|"&$A9)) | E9: =IFERROR(INDEX(Config!$E$40:$I$45,MATCH($A9,Config!$C$40:$C$45,0),$D9),"") | F9: =IFERROR(IF($D9>=5,"Já é referência nesta competência.",INDEX(Config!$E$40:$I$45,MATCH($A9,Config!$C$40:$C$45,0),$D9+1)),"") | G9: =IFERROR(IF($D9="","",$D9-INDEX('Painel'!$K$7:$K$64,MATCH($B$4,'Painel'!$B$7:$B$64,0))),"")
A10: Qualidade da entrega | B10: =IF(COUNTIFS('Avaliação'!$AA$5:$AA$404,$C$4&"|"&Config!$B$7&"|"&$A10,'Avaliação'!$J$5:$J$404,">0")=0,"",SUMIFS('Avaliação'!$J$5:$J$404,'Avaliação'!$AA$5:$AA$404,$C$4&"|"&Config!$B$7&"|"&$A10)) | C10: =IF(COUNTIFS('Avaliação'!$AA$5:$AA$404,$C$4&"|"&Config!$B$7&"|"&$A10,'Avaliação'!$K$5:$K$404,">0")=0,"",SUMIFS('Avaliação'!$K$5:$K$404,'Avaliação'!$AA$5:$AA$404,$C$4&"|"&Config!$B$7&"|"&$A10)) | D10: =IF(COUNTIFS('Avaliação'!$AA$5:$AA$404,$C$4&"|"&Config!$B$7&"|"&$A10,'Avaliação'!$P$5:$P$404,">0")=0,"",SUMIFS('Avaliação'!$P$5:$P$404,'Avaliação'!$AA$5:$AA$404,$C$4&"|"&Config!$B$7&"|"&$A10)) | E10: =IFERROR(INDEX(Config!$E$40:$I$45,MATCH($A10,Config!$C$40:$C$45,0),$D10),"") | F10: =IFERROR(IF($D10>=5,"Já é referência nesta competência.",INDEX(Config!$E$40:$I$45,MATCH($A10,Config!$C$40:$C$45,0),$D10+1)),"") | G10: =IFERROR(IF($D10="","",$D10-INDEX('Painel'!$K$7:$K$64,MATCH($B$4,'Painel'!$B$7:$B$64,0))),"")
A11: Domínio técnico | B11: =IF(COUNTIFS('Avaliação'!$AA$5:$AA$404,$C$4&"|"&Config!$B$7&"|"&$A11,'Avaliação'!$J$5:$J$404,">0")=0,"",SUMIFS('Avaliação'!$J$5:$J$404,'Avaliação'!$AA$5:$AA$404,$C$4&"|"&Config!$B$7&"|"&$A11)) | C11: =IF(COUNTIFS('Avaliação'!$AA$5:$AA$404,$C$4&"|"&Config!$B$7&"|"&$A11,'Avaliação'!$K$5:$K$404,">0")=0,"",SUMIFS('Avaliação'!$K$5:$K$404,'Avaliação'!$AA$5:$AA$404,$C$4&"|"&Config!$B$7&"|"&$A11)) | D11: =IF(COUNTIFS('Avaliação'!$AA$5:$AA$404,$C$4&"|"&Config!$B$7&"|"&$A11,'Avaliação'!$P$5:$P$404,">0")=0,"",SUMIFS('Avaliação'!$P$5:$P$404,'Avaliação'!$AA$5:$AA$404,$C$4&"|"&Config!$B$7&"|"&$A11)) | E11: =IFERROR(INDEX(Config!$E$40:$I$45,MATCH($A11,Config!$C$40:$C$45,0),$D11),"") | F11: =IFERROR(IF($D11>=5,"Já é referência nesta competência.",INDEX(Config!$E$40:$I$45,MATCH($A11,Config!$C$40:$C$45,0),$D11+1)),"") | G11: =IFERROR(IF($D11="","",$D11-INDEX('Painel'!$K$7:$K$64,MATCH($B$4,'Painel'!$B$7:$B$64,0))),"")
A12: Design de solução | B12: =IF(COUNTIFS('Avaliação'!$AA$5:$AA$404,$C$4&"|"&Config!$B$7&"|"&$A12,'Avaliação'!$J$5:$J$404,">0")=0,"",SUMIFS('Avaliação'!$J$5:$J$404,'Avaliação'!$AA$5:$AA$404,$C$4&"|"&Config!$B$7&"|"&$A12)) | C12: =IF(COUNTIFS('Avaliação'!$AA$5:$AA$404,$C$4&"|"&Config!$B$7&"|"&$A12,'Avaliação'!$K$5:$K$404,">0")=0,"",SUMIFS('Avaliação'!$K$5:$K$404,'Avaliação'!$AA$5:$AA$404,$C$4&"|"&Config!$B$7&"|"&$A12)) | D12: =IF(COUNTIFS('Avaliação'!$AA$5:$AA$404,$C$4&"|"&Config!$B$7&"|"&$A12,'Avaliação'!$P$5:$P$404,">0")=0,"",SUMIFS('Avaliação'!$P$5:$P$404,'Avaliação'!$AA$5:$AA$404,$C$4&"|"&Config!$B$7&"|"&$A12)) | E12: =IFERROR(INDEX(Config!$E$40:$I$45,MATCH($A12,Config!$C$40:$C$45,0),$D12),"") | F12: =IFERROR(IF($D12>=5,"Já é referência nesta competência.",INDEX(Config!$E$40:$I$45,MATCH($A12,Config!$C$40:$C$45,0),$D12+1)),"") | G12: =IFERROR(IF($D12="","",$D12-INDEX('Painel'!$K$7:$K$64,MATCH($B$4,'Painel'!$B$7:$B$64,0))),"")
A13: Comunicação e colaboração | B13: =IF(COUNTIFS('Avaliação'!$AA$5:$AA$404,$C$4&"|"&Config!$B$7&"|"&$A13,'Avaliação'!$J$5:$J$404,">0")=0,"",SUMIFS('Avaliação'!$J$5:$J$404,'Avaliação'!$AA$5:$AA$404,$C$4&"|"&Config!$B$7&"|"&$A13)) | C13: =IF(COUNTIFS('Avaliação'!$AA$5:$AA$404,$C$4&"|"&Config!$B$7&"|"&$A13,'Avaliação'!$K$5:$K$404,">0")=0,"",SUMIFS('Avaliação'!$K$5:$K$404,'Avaliação'!$AA$5:$AA$404,$C$4&"|"&Config!$B$7&"|"&$A13)) | D13: =IF(COUNTIFS('Avaliação'!$AA$5:$AA$404,$C$4&"|"&Config!$B$7&"|"&$A13,'Avaliação'!$P$5:$P$404,">0")=0,"",SUMIFS('Avaliação'!$P$5:$P$404,'Avaliação'!$AA$5:$AA$404,$C$4&"|"&Config!$B$7&"|"&$A13)) | E13: =IFERROR(INDEX(Config!$E$40:$I$45,MATCH($A13,Config!$C$40:$C$45,0),$D13),"") | F13: =IFERROR(IF($D13>=5,"Já é referência nesta competência.",INDEX(Config!$E$40:$I$45,MATCH($A13,Config!$C$40:$C$45,0),$D13+1)),"") | G13: =IFERROR(IF($D13="","",$D13-INDEX('Painel'!$K$7:$K$64,MATCH($B$4,'Painel'!$B$7:$B$64,0))),"")
A14: Autonomia e ownership | B14: =IF(COUNTIFS('Avaliação'!$AA$5:$AA$404,$C$4&"|"&Config!$B$7&"|"&$A14,'Avaliação'!$J$5:$J$404,">0")=0,"",SUMIFS('Avaliação'!$J$5:$J$404,'Avaliação'!$AA$5:$AA$404,$C$4&"|"&Config!$B$7&"|"&$A14)) | C14: =IF(COUNTIFS('Avaliação'!$AA$5:$AA$404,$C$4&"|"&Config!$B$7&"|"&$A14,'Avaliação'!$K$5:$K$404,">0")=0,"",SUMIFS('Avaliação'!$K$5:$K$404,'Avaliação'!$AA$5:$AA$404,$C$4&"|"&Config!$B$7&"|"&$A14)) | D14: =IF(COUNTIFS('Avaliação'!$AA$5:$AA$404,$C$4&"|"&Config!$B$7&"|"&$A14,'Avaliação'!$P$5:$P$404,">0")=0,"",SUMIFS('Avaliação'!$P$5:$P$404,'Avaliação'!$AA$5:$AA$404,$C$4&"|"&Config!$B$7&"|"&$A14)) | E14: =IFERROR(INDEX(Config!$E$40:$I$45,MATCH($A14,Config!$C$40:$C$45,0),$D14),"") | F14: =IFERROR(IF($D14>=5,"Já é referência nesta competência.",INDEX(Config!$E$40:$I$45,MATCH($A14,Config!$C$40:$C$45,0),$D14+1)),"") | G14: =IFERROR(IF($D14="","",$D14-INDEX('Painel'!$K$7:$K$64,MATCH($B$4,'Painel'!$B$7:$B$64,0))),"")
A16: 2. O QUE ACONTECEU NESTE CICLO — o antídoto contra o viés de recência
A17: Data | B17: Tipo | C17: Competência | D17: Impacto | E17: Fato observável | F17: Consequência / desfecho | G17: Conversado?
A18: =IFERROR(INDEX('Ocorrências'!$A$5:$A$604,MATCH(1,'Ocorrências'!$AB$5:$AB$604,0)),"") | B18: =IFERROR(INDEX('Ocorrências'!$F$5:$F$604,MATCH(1,'Ocorrências'!$AB$5:$AB$604,0)),"") | C18: =IFERROR(INDEX('Ocorrências'!$G$5:$G$604,MATCH(1,'Ocorrências'!$AB$5:$AB$604,0)),"") | D18: =IFERROR(INDEX('Ocorrências'!$I$5:$I$604,MATCH(1,'Ocorrências'!$AB$5:$AB$604,0)),"") | E18: =IFERROR(INDEX('Ocorrências'!$H$5:$H$604,MATCH(1,'Ocorrências'!$AB$5:$AB$604,0)),"") | F18: =IFERROR(INDEX('Ocorrências'!$K$5:$K$604,MATCH(1,'Ocorrências'!$AB$5:$AB$604,0)),"") | G18: =IFERROR(INDEX('Ocorrências'!$L$5:$L$604,MATCH(1,'Ocorrências'!$AB$5:$AB$604,0)),"")
A19: =IFERROR(INDEX('Ocorrências'!$A$5:$A$604,MATCH(2,'Ocorrências'!$AB$5:$AB$604,0)),"") | B19: =IFERROR(INDEX('Ocorrências'!$F$5:$F$604,MATCH(2,'Ocorrências'!$AB$5:$AB$604,0)),"") | C19: =IFERROR(INDEX('Ocorrências'!$G$5:$G$604,MATCH(2,'Ocorrências'!$AB$5:$AB$604,0)),"") | D19: =IFERROR(INDEX('Ocorrências'!$I$5:$I$604,MATCH(2,'Ocorrências'!$AB$5:$AB$604,0)),"") | E19: =IFERROR(INDEX('Ocorrências'!$H$5:$H$604,MATCH(2,'Ocorrências'!$AB$5:$AB$604,0)),"") | F19: =IFERROR(INDEX('Ocorrências'!$K$5:$K$604,MATCH(2,'Ocorrências'!$AB$5:$AB$604,0)),"") | G19: =IFERROR(INDEX('Ocorrências'!$L$5:$L$604,MATCH(2,'Ocorrências'!$AB$5:$AB$604,0)),"")
A20: =IFERROR(INDEX('Ocorrências'!$A$5:$A$604,MATCH(3,'Ocorrências'!$AB$5:$AB$604,0)),"") | B20: =IFERROR(INDEX('Ocorrências'!$F$5:$F$604,MATCH(3,'Ocorrências'!$AB$5:$AB$604,0)),"") | C20: =IFERROR(INDEX('Ocorrências'!$G$5:$G$604,MATCH(3,'Ocorrências'!$AB$5:$AB$604,0)),"") | D20: =IFERROR(INDEX('Ocorrências'!$I$5:$I$604,MATCH(3,'Ocorrências'!$AB$5:$AB$604,0)),"") | E20: =IFERROR(INDEX('Ocorrências'!$H$5:$H$604,MATCH(3,'Ocorrências'!$AB$5:$AB$604,0)),"") | F20: =IFERROR(INDEX('Ocorrências'!$K$5:$K$604,MATCH(3,'Ocorrências'!$AB$5:$AB$604,0)),"") | G20: =IFERROR(INDEX('Ocorrências'!$L$5:$L$604,MATCH(3,'Ocorrências'!$AB$5:$AB$604,0)),"")
A21: =IFERROR(INDEX('Ocorrências'!$A$5:$A$604,MATCH(4,'Ocorrências'!$AB$5:$AB$604,0)),"") | B21: =IFERROR(INDEX('Ocorrências'!$F$5:$F$604,MATCH(4,'Ocorrências'!$AB$5:$AB$604,0)),"") | C21: =IFERROR(INDEX('Ocorrências'!$G$5:$G$604,MATCH(4,'Ocorrências'!$AB$5:$AB$604,0)),"") | D21: =IFERROR(INDEX('Ocorrências'!$I$5:$I$604,MATCH(4,'Ocorrências'!$AB$5:$AB$604,0)),"") | E21: =IFERROR(INDEX('Ocorrências'!$H$5:$H$604,MATCH(4,'Ocorrências'!$AB$5:$AB$604,0)),"") | F21: =IFERROR(INDEX('Ocorrências'!$K$5:$K$604,MATCH(4,'Ocorrências'!$AB$5:$AB$604,0)),"") | G21: =IFERROR(INDEX('Ocorrências'!$L$5:$L$604,MATCH(4,'Ocorrências'!$AB$5:$AB$604,0)),"")
A22: =IFERROR(INDEX('Ocorrências'!$A$5:$A$604,MATCH(5,'Ocorrências'!$AB$5:$AB$604,0)),"") | B22: =IFERROR(INDEX('Ocorrências'!$F$5:$F$604,MATCH(5,'Ocorrências'!$AB$5:$AB$604,0)),"") | C22: =IFERROR(INDEX('Ocorrências'!$G$5:$G$604,MATCH(5,'Ocorrências'!$AB$5:$AB$604,0)),"") | D22: =IFERROR(INDEX('Ocorrências'!$I$5:$I$604,MATCH(5,'Ocorrências'!$AB$5:$AB$604,0)),"") | E22: =IFERROR(INDEX('Ocorrências'!$H$5:$H$604,MATCH(5,'Ocorrências'!$AB$5:$AB$604,0)),"") | F22: =IFERROR(INDEX('Ocorrências'!$K$5:$K$604,MATCH(5,'Ocorrências'!$AB$5:$AB$604,0)),"") | G22: =IFERROR(INDEX('Ocorrências'!$L$5:$L$604,MATCH(5,'Ocorrências'!$AB$5:$AB$604,0)),"")
A23: =IFERROR(INDEX('Ocorrências'!$A$5:$A$604,MATCH(6,'Ocorrências'!$AB$5:$AB$604,0)),"") | B23: =IFERROR(INDEX('Ocorrências'!$F$5:$F$604,MATCH(6,'Ocorrências'!$AB$5:$AB$604,0)),"") | C23: =IFERROR(INDEX('Ocorrências'!$G$5:$G$604,MATCH(6,'Ocorrências'!$AB$5:$AB$604,0)),"") | D23: =IFERROR(INDEX('Ocorrências'!$I$5:$I$604,MATCH(6,'Ocorrências'!$AB$5:$AB$604,0)),"") | E23: =IFERROR(INDEX('Ocorrências'!$H$5:$H$604,MATCH(6,'Ocorrências'!$AB$5:$AB$604,0)),"") | F23: =IFERROR(INDEX('Ocorrências'!$K$5:$K$604,MATCH(6,'Ocorrências'!$AB$5:$AB$604,0)),"") | G23: =IFERROR(INDEX('Ocorrências'!$L$5:$L$604,MATCH(6,'Ocorrências'!$AB$5:$AB$604,0)),"")
A24: =IFERROR(INDEX('Ocorrências'!$A$5:$A$604,MATCH(7,'Ocorrências'!$AB$5:$AB$604,0)),"") | B24: =IFERROR(INDEX('Ocorrências'!$F$5:$F$604,MATCH(7,'Ocorrências'!$AB$5:$AB$604,0)),"") | C24: =IFERROR(INDEX('Ocorrências'!$G$5:$G$604,MATCH(7,'Ocorrências'!$AB$5:$AB$604,0)),"") | D24: =IFERROR(INDEX('Ocorrências'!$I$5:$I$604,MATCH(7,'Ocorrências'!$AB$5:$AB$604,0)),"") | E24: =IFERROR(INDEX('Ocorrências'!$H$5:$H$604,MATCH(7,'Ocorrências'!$AB$5:$AB$604,0)),"") | F24: =IFERROR(INDEX('Ocorrências'!$K$5:$K$604,MATCH(7,'Ocorrências'!$AB$5:$AB$604,0)),"") | G24: =IFERROR(INDEX('Ocorrências'!$L$5:$L$604,MATCH(7,'Ocorrências'!$AB$5:$AB$604,0)),"")
A25: =IFERROR(INDEX('Ocorrências'!$A$5:$A$604,MATCH(8,'Ocorrências'!$AB$5:$AB$604,0)),"") | B25: =IFERROR(INDEX('Ocorrências'!$F$5:$F$604,MATCH(8,'Ocorrências'!$AB$5:$AB$604,0)),"") | C25: =IFERROR(INDEX('Ocorrências'!$G$5:$G$604,MATCH(8,'Ocorrências'!$AB$5:$AB$604,0)),"") | D25: =IFERROR(INDEX('Ocorrências'!$I$5:$I$604,MATCH(8,'Ocorrências'!$AB$5:$AB$604,0)),"") | E25: =IFERROR(INDEX('Ocorrências'!$H$5:$H$604,MATCH(8,'Ocorrências'!$AB$5:$AB$604,0)),"") | F25: =IFERROR(INDEX('Ocorrências'!$K$5:$K$604,MATCH(8,'Ocorrências'!$AB$5:$AB$604,0)),"") | G25: =IFERROR(INDEX('Ocorrências'!$L$5:$L$604,MATCH(8,'Ocorrências'!$AB$5:$AB$604,0)),"")
A26: =IFERROR(INDEX('Ocorrências'!$A$5:$A$604,MATCH(9,'Ocorrências'!$AB$5:$AB$604,0)),"") | B26: =IFERROR(INDEX('Ocorrências'!$F$5:$F$604,MATCH(9,'Ocorrências'!$AB$5:$AB$604,0)),"") | C26: =IFERROR(INDEX('Ocorrências'!$G$5:$G$604,MATCH(9,'Ocorrências'!$AB$5:$AB$604,0)),"") | D26: =IFERROR(INDEX('Ocorrências'!$I$5:$I$604,MATCH(9,'Ocorrências'!$AB$5:$AB$604,0)),"") | E26: =IFERROR(INDEX('Ocorrências'!$H$5:$H$604,MATCH(9,'Ocorrências'!$AB$5:$AB$604,0)),"") | F26: =IFERROR(INDEX('Ocorrências'!$K$5:$K$604,MATCH(9,'Ocorrências'!$AB$5:$AB$604,0)),"") | G26: =IFERROR(INDEX('Ocorrências'!$L$5:$L$604,MATCH(9,'Ocorrências'!$AB$5:$AB$604,0)),"")
A27: =IFERROR(INDEX('Ocorrências'!$A$5:$A$604,MATCH(10,'Ocorrências'!$AB$5:$AB$604,0)),"") | B27: =IFERROR(INDEX('Ocorrências'!$F$5:$F$604,MATCH(10,'Ocorrências'!$AB$5:$AB$604,0)),"") | C27: =IFERROR(INDEX('Ocorrências'!$G$5:$G$604,MATCH(10,'Ocorrências'!$AB$5:$AB$604,0)),"") | D27: =IFERROR(INDEX('Ocorrências'!$I$5:$I$604,MATCH(10,'Ocorrências'!$AB$5:$AB$604,0)),"") | E27: =IFERROR(INDEX('Ocorrências'!$H$5:$H$604,MATCH(10,'Ocorrências'!$AB$5:$AB$604,0)),"") | F27: =IFERROR(INDEX('Ocorrências'!$K$5:$K$604,MATCH(10,'Ocorrências'!$AB$5:$AB$604,0)),"") | G27: =IFERROR(INDEX('Ocorrências'!$L$5:$L$604,MATCH(10,'Ocorrências'!$AB$5:$AB$604,0)),"")
A28: =IFERROR(INDEX('Ocorrências'!$A$5:$A$604,MATCH(11,'Ocorrências'!$AB$5:$AB$604,0)),"") | B28: =IFERROR(INDEX('Ocorrências'!$F$5:$F$604,MATCH(11,'Ocorrências'!$AB$5:$AB$604,0)),"") | C28: =IFERROR(INDEX('Ocorrências'!$G$5:$G$604,MATCH(11,'Ocorrências'!$AB$5:$AB$604,0)),"") | D28: =IFERROR(INDEX('Ocorrências'!$I$5:$I$604,MATCH(11,'Ocorrências'!$AB$5:$AB$604,0)),"") | E28: =IFERROR(INDEX('Ocorrências'!$H$5:$H$604,MATCH(11,'Ocorrências'!$AB$5:$AB$604,0)),"") | F28: =IFERROR(INDEX('Ocorrências'!$K$5:$K$604,MATCH(11,'Ocorrências'!$AB$5:$AB$604,0)),"") | G28: =IFERROR(INDEX('Ocorrências'!$L$5:$L$604,MATCH(11,'Ocorrências'!$AB$5:$AB$604,0)),"")
A29: =IFERROR(INDEX('Ocorrências'!$A$5:$A$604,MATCH(12,'Ocorrências'!$AB$5:$AB$604,0)),"") | B29: =IFERROR(INDEX('Ocorrências'!$F$5:$F$604,MATCH(12,'Ocorrências'!$AB$5:$AB$604,0)),"") | C29: =IFERROR(INDEX('Ocorrências'!$G$5:$G$604,MATCH(12,'Ocorrências'!$AB$5:$AB$604,0)),"") | D29: =IFERROR(INDEX('Ocorrências'!$I$5:$I$604,MATCH(12,'Ocorrências'!$AB$5:$AB$604,0)),"") | E29: =IFERROR(INDEX('Ocorrências'!$H$5:$H$604,MATCH(12,'Ocorrências'!$AB$5:$AB$604,0)),"") | F29: =IFERROR(INDEX('Ocorrências'!$K$5:$K$604,MATCH(12,'Ocorrências'!$AB$5:$AB$604,0)),"") | G29: =IFERROR(INDEX('Ocorrências'!$L$5:$L$604,MATCH(12,'Ocorrências'!$AB$5:$AB$604,0)),"")
A31: 3. PLANO DE DESENVOLVIMENTO — no máximo 2 focos
A32: Competência | B32: Atual | C32: Alvo | D32: Prazo | E32: Ação concreta no trabalho real | F32: Como saberemos que fechou | G32: Status
A33: =IFERROR(INDEX('PDI'!$C$5:$C$104,MATCH(1,'PDI'!$N$5:$N$104,0)),"") | B33: =IFERROR(INDEX('PDI'!$E$5:$E$104,MATCH(1,'PDI'!$N$5:$N$104,0)),"") | C33: =IFERROR(INDEX('PDI'!$F$5:$F$104,MATCH(1,'PDI'!$N$5:$N$104,0)),"") | D33: =IFERROR(INDEX('PDI'!$J$5:$J$104,MATCH(1,'PDI'!$N$5:$N$104,0)),"") | E33: =IFERROR(INDEX('PDI'!$G$5:$G$104,MATCH(1,'PDI'!$N$5:$N$104,0)),"") | F33: =IFERROR(INDEX('PDI'!$H$5:$H$104,MATCH(1,'PDI'!$N$5:$N$104,0)),"") | G33: =IFERROR(INDEX('PDI'!$L$5:$L$104,MATCH(1,'PDI'!$N$5:$N$104,0)),"")
A34: =IFERROR(INDEX('PDI'!$C$5:$C$104,MATCH(2,'PDI'!$N$5:$N$104,0)),"") | B34: =IFERROR(INDEX('PDI'!$E$5:$E$104,MATCH(2,'PDI'!$N$5:$N$104,0)),"") | C34: =IFERROR(INDEX('PDI'!$F$5:$F$104,MATCH(2,'PDI'!$N$5:$N$104,0)),"") | D34: =IFERROR(INDEX('PDI'!$J$5:$J$104,MATCH(2,'PDI'!$N$5:$N$104,0)),"") | E34: =IFERROR(INDEX('PDI'!$G$5:$G$104,MATCH(2,'PDI'!$N$5:$N$104,0)),"") | F34: =IFERROR(INDEX('PDI'!$H$5:$H$104,MATCH(2,'PDI'!$N$5:$N$104,0)),"") | G34: =IFERROR(INDEX('PDI'!$L$5:$L$104,MATCH(2,'PDI'!$N$5:$N$104,0)),"")
A35: =IFERROR(INDEX('PDI'!$C$5:$C$104,MATCH(3,'PDI'!$N$5:$N$104,0)),"") | B35: =IFERROR(INDEX('PDI'!$E$5:$E$104,MATCH(3,'PDI'!$N$5:$N$104,0)),"") | C35: =IFERROR(INDEX('PDI'!$F$5:$F$104,MATCH(3,'PDI'!$N$5:$N$104,0)),"") | D35: =IFERROR(INDEX('PDI'!$J$5:$J$104,MATCH(3,'PDI'!$N$5:$N$104,0)),"") | E35: =IFERROR(INDEX('PDI'!$G$5:$G$104,MATCH(3,'PDI'!$N$5:$N$104,0)),"") | F35: =IFERROR(INDEX('PDI'!$H$5:$H$104,MATCH(3,'PDI'!$N$5:$N$104,0)),"") | G35: =IFERROR(INDEX('PDI'!$L$5:$L$104,MATCH(3,'PDI'!$N$5:$N$104,0)),"")
A37: 4. ESCUTA — as perguntas que o gestor esquece de fazer
A38: Como está a sua carga? O que está pesando mais do que deveria?
A39: O que te travou neste ciclo e eu não vi?
A40: O que você quer estar fazendo daqui a um ano?
A41: O que eu preciso fazer diferente como gestor?
A43: 5. ANOTAÇÕES DA CONVERSA — escreva à mão, aqui
A50: 6. REGISTRO DE 1:1 — digite depois da conversa. É esta data que alimenta o alerta de 1:1 atrasada no Painel.
A51: Data da 1:1 | B51: Pessoa (ID) | C51: Gestor | D51: Compromisso assumido | E51: Dono | F51: Prazo | G51: 1:1 realizada?
A52: 46254 | B52: P001 | C52: Rafael Souza | D52: Incluir teste de caminho de erro nos próximos 3 PRs de rota nova. | E52: Ana Ribeiro | F52: 46356 | G52: Sim

Sheet PDI
A1: Plano de desenvolvimento
A2: No máximo 2 focos por pessoa por ciclo. Plano com 6 itens não é plano.
A3: "Melhorar em testes" não é PDI. · "Nos próximos 3 PRs de rota nova, incluir teste de caminho de erro sem que o review precise pedir — verificado por mim em 30/11" é PDI.
A4: Ciclo | B4: Pessoa | C4: Competência-alvo | D4: Nota atual | E4: Nota alvo | F4: Gap | G4: Ação concreta no trabalho real | H4: Como saberemos que fechou | I4: Apoio | J4: Prazo | K4: Último check-in | L4: Status | M4: ID_PESSOA | N4: seq
A5: 2026-Q3 | B5: Ana Ribeiro | C5: Qualidade da entrega | D5: =IF($B5="","",IF(COUNTIFS('Avaliação'!$AA$5:$AA$404,$M5&"|"&VALUE(LEFT($A5,4))*4+VALUE(RIGHT($A5,1))&"|"&$C5,'Avaliação'!$P$5:$P$404,">0")=0,"",SUMIFS('Avaliação'!$P$5:$P$404,'Avaliação'!$AA$5:$AA$404,$M5&"|"&VALUE(LEFT($A5,4))*4+VALUE(RIGHT($A5,1))&"|"&$C5))) | E5: 3 | F5: =IF(OR($D5="",$E5=""),"",$E5-$D5) | G5: Ser a dona dos testes da nova rota de resgate — escopo real, com o LT como rede de proteção. Não curso. | H5: Nos próximos 3 PRs de rota nova, teste de caminho de erro presente sem o review precisar pedir. | I5: Rafael Souza (LT), pareamento de 1h/semana | J5: 46356 | K5: 46295 | L5: Em andamento | M5: =IFERROR(INDEX(Pessoas!$A$5:$A$64,MATCH($B5,Pessoas!$B$5:$B$64,0)),"") | N5: =IF(OR($B5="",$B5<>'1a1'!$B$4,$A5<>Config!$B$4),"",COUNTIFS($B$5:$B5,'1a1'!$B$4,$A$5:$A5,Config!$B$4))
A6: 2026-Q3 | B6: Ana Ribeiro | C6: Previsibilidade | D6: =IF($B6="","",IF(COUNTIFS('Avaliação'!$AA$5:$AA$404,$M6&"|"&VALUE(LEFT($A6,4))*4+VALUE(RIGHT($A6,1))&"|"&$C6,'Avaliação'!$P$5:$P$404,">0")=0,"",SUMIFS('Avaliação'!$P$5:$P$404,'Avaliação'!$AA$5:$AA$404,$M6&"|"&VALUE(LEFT($A6,4))*4+VALUE(RIGHT($A6,1))&"|"&$C6))) | E6: 4 | F6: =IF(OR($D6="",$E6=""),"",$E6-$D6) | G6: Conduzir o refinamento do épico de cupom de ponta a ponta, incluindo a conversa com o PO. | H6: Dois refinamentos conduzidos sem o GP precisar entrar para destravar. | I6: Marcos Lima (GP), observando sem intervir | J6: 46371 | K6: 46295 | L6: Não iniciado | M6: =IFERROR(INDEX(Pessoas!$A$5:$A$64,MATCH($B6,Pessoas!$B$5:$B$64,0)),"") | N6: =IF(OR($B6="",$B6<>'1a1'!$B$4,$A6<>Config!$B$4),"",COUNTIFS($B$5:$B6,'1a1'!$B$4,$A$5:$A6,Config!$B$4))
D7: =IF($B7="","",IF(COUNTIFS('Avaliação'!$AA$5:$AA$404,$M7&"|"&VALUE(LEFT($A7,4))*4+VALUE(RIGHT($A7,1))&"|"&$C7,'Avaliação'!$P$5:$P$404,">0")=0,"",SUMIFS('Avaliação'!$P$5:$P$404,'Avaliação'!$AA$5:$AA$404,$M7&"|"&VALUE(LEFT($A7,4))*4+VALUE(RIGHT($A7,1))&"|"&$C7))) | F7: =IF(OR($D7="",$E7=""),"",$E7-$D7) | M7: =IFERROR(INDEX(Pessoas!$A$5:$A$64,MATCH($B7,Pessoas!$B$5:$B$64,0)),"") | N7: =IF(OR($B7="",$B7<>'1a1'!$B$4,$A7<>Config!$B$4),"",COUNTIFS($B$5:$B7,'1a1'!$B$4,$A$5:$A7,Config!$B$4))
D8: =IF($B8="","",IF(COUNTIFS('Avaliação'!$AA$5:$AA$404,$M8&"|"&VALUE(LEFT($A8,4))*4+VALUE(RIGHT($A8,1))&"|"&$C8,'Avaliação'!$P$5:$P$404,">0")=0,"",SUMIFS('Avaliação'!$P$5:$P$404,'Avaliação'!$AA$5:$AA$404,$M8&"|"&VALUE(LEFT($A8,4))*4+VALUE(RIGHT($A8,1))&"|"&$C8))) | F8: =IF(OR($D8="",$E8=""),"",$E8-$D8) | M8: =IFERROR(INDEX(Pessoas!$A$5:$A$64,MATCH($B8,Pessoas!$B$5:$B$64,0)),"") | N8: =IF(OR($B8="",$B8<>'1a1'!$B$4,$A8<>Config!$B$4),"",COUNTIFS($B$5:$B8,'1a1'!$B$4,$A$5:$A8,Config!$B$4))
D9: =IF($B9="","",IF(COUNTIFS('Avaliação'!$AA$5:$AA$404,$M9&"|"&VALUE(LEFT($A9,4))*4+VALUE(RIGHT($A9,1))&"|"&$C9,'Avaliação'!$P$5:$P$404,">0")=0,"",SUMIFS('Avaliação'!$P$5:$P$404,'Avaliação'!$AA$5:$AA$404,$M9&"|"&VALUE(LEFT($A9,4))*4+VALUE(RIGHT($A9,1))&"|"&$C9))) | F9: =IF(OR($D9="",$E9=""),"",$E9-$D9) | M9: =IFERROR(INDEX(Pessoas!$A$5:$A$64,MATCH($B9,Pessoas!$B$5:$B$64,0)),"") | N9: =IF(OR($B9="",$B9<>'1a1'!$B$4,$A9<>Config!$B$4),"",COUNTIFS($B$5:$B9,'1a1'!$B$4,$A$5:$A9,Config!$B$4))
D10: =IF($B10="","",IF(COUNTIFS('Avaliação'!$AA$5:$AA$404,$M10&"|"&VALUE(LEFT($A10,4))*4+VALUE(RIGHT($A10,1))&"|"&$C10,'Avaliação'!$P$5:$P$404,">0")=0,"",SUMIFS('Avaliação'!$P$5:$P$404,'Avaliação'!$AA$5:$AA$404,$M10&"|"&VALUE(LEFT($A10,4))*4+VALUE(RIGHT($A10,1))&"|"&$C10))) | F10: =IF(OR($D10="",$E10=""),"",$E10-$D10) | M10: =IFERROR(INDEX(Pessoas!$A$5:$A$64,MATCH($B10,Pessoas!$B$5:$B$64,0)),"") | N10: =IF(OR($B10="",$B10<>'1a1'!$B$4,$A10<>Config!$B$4),"",COUNTIFS($B$5:$B10,'1a1'!$B$4,$A$5:$A10,Config!$B$4))
D11: =IF($B11="","",IF(COUNTIFS('Avaliação'!$AA$5:$AA$404,$M11&"|"&VALUE(LEFT($A11,4))*4+VALUE(RIGHT($A11,1))&"|"&$C11,'Avaliação'!$P$5:$P$404,">0")=0,"",SUMIFS('Avaliação'!$P$5:$P$404,'Avaliação'!$AA$5:$AA$404,$M11&"|"&VALUE(LEFT($A11,4))*4+VALUE(RIGHT($A11,1))&"|"&$C11))) | F11: =IF(OR($D11="",$E11=""),"",$E11-$D11) | M11: =IFERROR(INDEX(Pessoas!$A$5:$A$64,MATCH($B11,Pessoas!$B$5:$B$64,0)),"") | N11: =IF(OR($B11="",$B11<>'1a1'!$B$4,$A11<>Config!$B$4),"",COUNTIFS($B$5:$B11,'1a1'!$B$4,$A$5:$A11,Config!$B$4))
D12: =IF($B12="","",IF(COUNTIFS('Avaliação'!$AA$5:$AA$404,$M12&"|"&VALUE(LEFT($A12,4))*4+VALUE(RIGHT($A12,1))&"|"&$C12,'Avaliação'!$P$5:$P$404,">0")=0,"",SUMIFS('Avaliação'!$P$5:$P$404,'Avaliação'!$AA$5:$AA$404,$M12&"|"&VALUE(LEFT($A12,4))*4+VALUE(RIGHT($A12,1))&"|"&$C12))) | F12: =IF(OR($D12="",$E12=""),"",$E12-$D12) | M12: =IFERROR(INDEX(Pessoas!$A$5:$A$64,MATCH($B12,Pessoas!$B$5:$B$64,0)),"") | N12: =IF(OR($B12="",$B12<>'1a1'!$B$4,$A12<>Config!$B$4),"",COUNTIFS($B$5:$B12,'1a1'!$B$4,$A$5:$A12,Config!$B$4))
D13: =IF($B13="","",IF(COUNTIFS('Avaliação'!$AA$5:$AA$404,$M13&"|"&VALUE(LEFT($A13,4))*4+VALUE(RIGHT($A13,1))&"|"&$C13,'Avaliação'!$P$5:$P$404,">0")=0,"",SUMIFS('Avaliação'!$P$5:$P$404,'Avaliação'!$AA$5:$AA$404,$M13&"|"&VALUE(LEFT($A13,4))*4+VALUE(RIGHT($A13,1))&"|"&$C13))) | F13: =IF(OR($D13="",$E13=""),"",$E13-$D13) | M13: =IFERROR(INDEX(Pessoas!$A$5:$A$64,MATCH($B13,Pessoas!$B$5:$B$64,0)),"") | N13: =IF(OR($B13="",$B13<>'1a1'!$B$4,$A13<>Config!$B$4),"",COUNTIFS($B$5:$B13,'1a1'!$B$4,$A$5:$A13,Config!$B$4))
D14: =IF($B14="","",IF(COUNTIFS('Avaliação'!$AA$5:$AA$404,$M14&"|"&VALUE(LEFT($A14,4))*4+VALUE(RIGHT($A14,1))&"|"&$C14,'Avaliação'!$P$5:$P$404,">0")=0,"",SUMIFS('Avaliação'!$P$5:$P$404,'Avaliação'!$AA$5:$AA$404,$M14&"|"&VALUE(LEFT($A14,4))*4+VALUE(RIGHT($A14,1))&"|"&$C14))) | F14: =IF(OR($D14="",$E14=""),"",$E14-$D14) | M14: =IFERROR(INDEX(Pessoas!$A$5:$A$64,MATCH($B14,Pessoas!$B$5:$B$64,0)),"") | N14: =IF(OR($B14="",$B14<>'1a1'!$B$4,$A14<>Config!$B$4),"",COUNTIFS($B$5:$B14,'1a1'!$B$4,$A$5:$A14,Config!$B$4))
D15: =IF($B15="","",IF(COUNTIFS('Avaliação'!$AA$5:$AA$404,$M15&"|"&VALUE(LEFT($A15,4))*4+VALUE(RIGHT($A15,1))&"|"&$C15,'Avaliação'!$P$5:$P$404,">0")=0,"",SUMIFS('Avaliação'!$P$5:$P$404,'Avaliação'!$AA$5:$AA$404,$M15&"|"&VALUE(LEFT($A15,4))*4+VALUE(RIGHT($A15,1))&"|"&$C15))) | F15: =IF(OR($D15="",$E15=""),"",$E15-$D15) | M15: =IFERROR(INDEX(Pessoas!$A$5:$A$64,MATCH($B15,Pessoas!$B$5:$B$64,0)),"") | N15: =IF(OR($B15="",$B15<>'1a1'!$B$4,$A15<>Config!$B$4),"",COUNTIFS($B$5:$B15,'1a1'!$B$4,$A$5:$A15,Config!$B$4))
D16: =IF($B16="","",IF(COUNTIFS('Avaliação'!$AA$5:$AA$404,$M16&"|"&VALUE(LEFT($A16,4))*4+VALUE(RIGHT($A16,1))&"|"&$C16,'Avaliação'!$P$5:$P$404,">0")=0,"",SUMIFS('Avaliação'!$P$5:$P$404,'Avaliação'!$AA$5:$AA$404,$M16&"|"&VALUE(LEFT($A16,4))*4+VALUE(RIGHT($A16,1))&"|"&$C16))) | F16: =IF(OR($D16="",$E16=""),"",$E16-$D16) | M16: =IFERROR(INDEX(Pessoas!$A$5:$A$64,MATCH($B16,Pessoas!$B$5:$B$64,0)),"") | N16: =IF(OR($B16="",$B16<>'1a1'!$B$4,$A16<>Config!$B$4),"",COUNTIFS($B$5:$B16,'1a1'!$B$4,$A$5:$A16,Config!$B$4))
D17: =IF($B17="","",IF(COUNTIFS('Avaliação'!$AA$5:$AA$404,$M17&"|"&VALUE(LEFT($A17,4))*4+VALUE(RIGHT($A17,1))&"|"&$C17,'Avaliação'!$P$5:$P$404,">0")=0,"",SUMIFS('Avaliação'!$P$5:$P$404,'Avaliação'!$AA$5:$AA$404,$M17&"|"&VALUE(LEFT($A17,4))*4+VALUE(RIGHT($A17,1))&"|"&$C17))) | F17: =IF(OR($D17="",$E17=""),"",$E17-$D17) | M17: =IFERROR(INDEX(Pessoas!$A$5:$A$64,MATCH($B17,Pessoas!$B$5:$B$64,0)),"") | N17: =IF(OR($B17="",$B17<>'1a1'!$B$4,$A17<>Config!$B$4),"",COUNTIFS($B$5:$B17,'1a1'!$B$4,$A$5:$A17,Config!$B$4))
D18: =IF($B18="","",IF(COUNTIFS('Avaliação'!$AA$5:$AA$404,$M18&"|"&VALUE(LEFT($A18,4))*4+VALUE(RIGHT($A18,1))&"|"&$C18,'Avaliação'!$P$5:$P$404,">0")=0,"",SUMIFS('Avaliação'!$P$5:$P$404,'Avaliação'!$AA$5:$AA$404,$M18&"|"&VALUE(LEFT($A18,4))*4+VALUE(RIGHT($A18,1))&"|"&$C18))) | F18: =IF(OR($D18="",$E18=""),"",$E18-$D18) | M18: =IFERROR(INDEX(Pessoas!$A$5:$A$64,MATCH($B18,Pessoas!$B$5:$B$64,0)),"") | N18: =IF(OR($B18="",$B18<>'1a1'!$B$4,$A18<>Config!$B$4),"",COUNTIFS($B$5:$B18,'1a1'!$B$4,$A$5:$A18,Config!$B$4))
... D104: =IF($B104="","",IF(COUNTIFS('Avaliação'!$AA$5:$AA$404,$M104&"|"&VALUE(LEFT($A104,4))*4+VALUE(RIGHT($A104,1))&"|"&$C104,'Avaliação'!$P$5:$P$404,">0")=0,"",SUMIFS('Avaliação'!$P$5:$P$404,'Avaliação'!$AA$5:$AA$404,$M104&"|"&VALUE(LEFT($A104,4))*4+VALUE(RIGHT($A104,1))&"|"&$C104))) | F104: =IF(OR($D104="",$E104=""),"",$E104-$D104) | M104: =IFERROR(INDEX(Pessoas!$A$5:$A$64,MATCH($B104,Pessoas!$B$5:$B$64,0)),"") | N104: =IF(OR($B104="",$B104<>'1a1'!$B$4,$A104<>Config!$B$4),"",COUNTIFS($B$5:$B104,'1a1'!$B$4,$A$5:$A104,Config!$B$4))

Sheet Alertas
A1: Integridade do ciclo — o que precisa estar zerado antes de fechar
A2: Oito alertas, não dezoito. Os que dependem de série histórica ficam suprimidos com '—' até haver ciclos suficientes.
A4: # | B4: Verificação | C4: Ocorrências | D4: Ciclos | E4: Por que importa / o que fazer
A5: 1 | B5: Pessoas ativas sem avaliação no ciclo | C5: =IF(Config!$B$9<1,"—",COUNTIF('Painel'!$V$7:$V$64,"Sem avaliação no ciclo")) | D5: 1 | E5: É a visão mais valiosa da planilha. Ciclo com metade da squad sem nota não vale para mérito nem para PDI.
A6: 2 | B6: Notas 1, 2 ou 5 sem ocorrência vinculada | C6: =IF(Config!$B$9<1,"—",SUM('Painel'!$T$7:$T$64)) | D6: 1 | E6: Nota sem lastro é impressão, não avaliação. Registre a ocorrência que sustenta a nota, ou mude a nota.
A7: 3 | B7: Nota sustentada por omissão (regra 9) | C7: =IF(Config!$B$9<1,"—",SUM('Painel'!$U$7:$U$64)) | D7: 1 | E7: Há ocorrência negativa não conversada E nota 3 ou mais. O GP que não deu o feedback foi obrigado a dar 3 — a omissão virou nota melhor para a pessoa. Endereçado ao gestor do GP, nunca à pessoa avaliada.
A8: 4 | B8: Ocorrências negativas nunca conversadas | C8: =IF(Config!$B$9<1,"—",SUM('Painel'!$Q$7:$Q$64)) | D8: 1 | E8: Não entram no cálculo do ciclo e não viajam no handover. Surpresa na devolutiva é falha de gestão.
A9: 5 | B9: Divergências GP × LT de 2+ pontos sem justificativa | C9: =IF(Config!$B$9<1,"—",COUNTIFS('Avaliação'!$N$5:$N$404,">=2",'Avaliação'!$S$5:$S$404,"")) | D9: 1 | E9: Divergência não é erro, é sinal. Cada lado traz uma ocorrência; se só um tem evidência, a nota dele prevalece. Nunca a média.
A10: 6 | B10: Registros de ocorrência incompletos | C10: =IF(Config!$B$9<1,"—",COUNTIF('Ocorrências'!$W$5:$W$604,"Faltam*")) | D10: 1 | E10: A obrigatoriedade aqui é detectiva, não preventiva: ninguém é impedido de salvar. O que o modelo garante é que a linha incompleta não conta — não entra no lastro, não viaja no handover.
A11: 7 | B11: 1:1 atrasada há mais de 30 dias | C11: =IF(Config!$B$9<1,"—",COUNTIF('Painel'!$V$7:$V$64,"1:1 atrasada")) | D11: 1 | E11: Planilha que não vira conversa morre. Esta é a falha que mata a ferramenta — as outras são consertáveis.
A12: 8 | B12: Carga de gestão acima de 15 liderados | C12: =IF(Config!$B$9<1,"—",IF(COUNTIF(Pessoas!$I$5:$I$64,"Ativo")>15,COUNTIF(Pessoas!$I$5:$I$64,"Ativo")-15,0)) | D12: 1 | E12: Acima de 15, a nota final vira média disfarçada e ninguém percebe. É um alerta sobre a estrutura, não sobre as pessoas.
B15: Alertas deliberadamente FORA desta lista
B16: Nota chapada · concentração de registros no último mês · sem ocorrência há 45 dias · aniversário de tempo no nível · PDI sem movimento há 60 dias · 3+ negativas sem nenhuma positiva · 3 ciclos com gap ≥ 0 sem caso de promoção montado. Todos legítimos, nenhum urgente — e juntos afogam os oito que importam.
B17: Premissas desta versão: expectativas por senioridade e pesos por eixo vieram do modelo, não de medição. Os limiares (30 dias sem 1:1, divergência ≥ 2, gap −0,3, 15 liderados) são convenções editáveis. Ao mudar um limiar, mude também na fórmula do Painel que o usa.

Sheet Pessoas
A1: Cadastro de pessoas
A2: ID_PESSOA é texto, estável e imutável. Avaliação, PDI e histórico pertencem à PESSOA; squad e contrato são contexto do fato.
A4: ID_PESSOA | B4: Nome | C4: Matrícula | D4: Senioridade | E4: Admissão | F4: No nível desde | G4: Gestor de Pessoas | H4: Contratação | I4: Situação | J4: Última 1:1 | K4: Alocações ativas | L4: Papel considerado | M4: Multi-alocação | N4: Meses no nível | O4: Sem registro no ciclo | P4: seq
A5: P001 | B5: Ana Ribeiro | C5: M-1042 | D5: Pleno | E5: 45327 | F5: 45839 | G5: Marcos Lima | H5: CLT | I5: =IF($B5="","","Ativo") | J5: =IF($B5="","",IF(COUNTIFS('1a1'!$B$52:$B$111,$A5,'1a1'!$G$52:$G$111,"Sim")=0,"",_xlfn.MAXIFS('1a1'!$A$52:$A$111,'1a1'!$B$52:$B$111,$A5,'1a1'!$G$52:$G$111,"Sim"))) | K5: =IF($B5="","",COUNTIFS('Alocações'!$B$5:$B$84,$A5,'Alocações'!$N$5:$N$84,"Sim")) | L5: =IF($B5="","",IF($K5=0,"sem alocação",IF($K5=1,INDEX('Alocações'!$F$5:$F$84,MATCH($A5,'Alocações'!$O$5:$O$84,0)),"Multi"))) | M5: =IF($B5="","",IF($K5>1,"Sim","Não")) | N5: =IF(OR($B5="",$F5=""),"",ROUND((Config!$B$6-$F5)/30.4,0)) | O5: =IF($B5="","",IF(COUNTIFS('Ocorrências'!$C$5:$C$604,$A5,'Ocorrências'!$T$5:$T$604,Config!$B$7)=0,1,0)) | P5: =IF($O5=1,COUNTIF($O$5:$O5,1),"")
A6: P002 | B6: Bruno Tavares | C6: M-1188 | D6: Júnior | E6: 46188 | F6: 46188 | G6: Marcos Lima | H6: CLT | I6: =IF($B6="","","Ativo") | J6: =IF($B6="","",IF(COUNTIFS('1a1'!$B$52:$B$111,$A6,'1a1'!$G$52:$G$111,"Sim")=0,"",_xlfn.MAXIFS('1a1'!$A$52:$A$111,'1a1'!$B$52:$B$111,$A6,'1a1'!$G$52:$G$111,"Sim"))) | K6: =IF($B6="","",COUNTIFS('Alocações'!$B$5:$B$84,$A6,'Alocações'!$N$5:$N$84,"Sim")) | L6: =IF($B6="","",IF($K6=0,"sem alocação",IF($K6=1,INDEX('Alocações'!$F$5:$F$84,MATCH($A6,'Alocações'!$O$5:$O$84,0)),"Multi"))) | M6: =IF($B6="","",IF($K6>1,"Sim","Não")) | N6: =IF(OR($B6="",$F6=""),"",ROUND((Config!$B$6-$F6)/30.4,0)) | O6: =IF($B6="","",IF(COUNTIFS('Ocorrências'!$C$5:$C$604,$A6,'Ocorrências'!$T$5:$T$604,Config!$B$7)=0,1,0)) | P6: =IF($O6=1,COUNTIF($O$5:$O6,1),"")
A7: P003 | B7: Carla Nunes | C7: M-0977 | D7: Sênior | E7: 44816 | F7: 45352 | G7: Marcos Lima | H7: PJ | I7: =IF($B7="","","Ativo") | J7: =IF($B7="","",IF(COUNTIFS('1a1'!$B$52:$B$111,$A7,'1a1'!$G$52:$G$111,"Sim")=0,"",_xlfn.MAXIFS('1a1'!$A$52:$A$111,'1a1'!$B$52:$B$111,$A7,'1a1'!$G$52:$G$111,"Sim"))) | K7: =IF($B7="","",COUNTIFS('Alocações'!$B$5:$B$84,$A7,'Alocações'!$N$5:$N$84,"Sim")) | L7: =IF($B7="","",IF($K7=0,"sem alocação",IF($K7=1,INDEX('Alocações'!$F$5:$F$84,MATCH($A7,'Alocações'!$O$5:$O$84,0)),"Multi"))) | M7: =IF($B7="","",IF($K7>1,"Sim","Não")) | N7: =IF(OR($B7="",$F7=""),"",ROUND((Config!$B$6-$F7)/30.4,0)) | O7: =IF($B7="","",IF(COUNTIFS('Ocorrências'!$C$5:$C$604,$A7,'Ocorrências'!$T$5:$T$604,Config!$B$7)=0,1,0)) | P7: =IF($O7=1,COUNTIF($O$5:$O7,1),"")
I8: =IF($B8="","","Ativo") | J8: =IF($B8="","",IF(COUNTIFS('1a1'!$B$52:$B$111,$A8,'1a1'!$G$52:$G$111,"Sim")=0,"",_xlfn.MAXIFS('1a1'!$A$52:$A$111,'1a1'!$B$52:$B$111,$A8,'1a1'!$G$52:$G$111,"Sim"))) | K8: =IF($B8="","",COUNTIFS('Alocações'!$B$5:$B$84,$A8,'Alocações'!$N$5:$N$84,"Sim")) | L8: =IF($B8="","",IF($K8=0,"sem alocação",IF($K8=1,INDEX('Alocações'!$F$5:$F$84,MATCH($A8,'Alocações'!$O$5:$O$84,0)),"Multi"))) | M8: =IF($B8="","",IF($K8>1,"Sim","Não")) | N8: =IF(OR($B8="",$F8=""),"",ROUND((Config!$B$6-$F8)/30.4,0)) | O8: =IF($B8="","",IF(COUNTIFS('Ocorrências'!$C$5:$C$604,$A8,'Ocorrências'!$T$5:$T$604,Config!$B$7)=0,1,0)) | P8: =IF($O8=1,COUNTIF($O$5:$O8,1),"")
I9: =IF($B9="","","Ativo") | J9: =IF($B9="","",IF(COUNTIFS('1a1'!$B$52:$B$111,$A9,'1a1'!$G$52:$G$111,"Sim")=0,"",_xlfn.MAXIFS('1a1'!$A$52:$A$111,'1a1'!$B$52:$B$111,$A9,'1a1'!$G$52:$G$111,"Sim"))) | K9: =IF($B9="","",COUNTIFS('Alocações'!$B$5:$B$84,$A9,'Alocações'!$N$5:$N$84,"Sim")) | L9: =IF($B9="","",IF($K9=0,"sem alocação",IF($K9=1,INDEX('Alocações'!$F$5:$F$84,MATCH($A9,'Alocações'!$O$5:$O$84,0)),"Multi"))) | M9: =IF($B9="","",IF($K9>1,"Sim","Não")) | N9: =IF(OR($B9="",$F9=""),"",ROUND((Config!$B$6-$F9)/30.4,0)) | O9: =IF($B9="","",IF(COUNTIFS('Ocorrências'!$C$5:$C$604,$A9,'Ocorrências'!$T$5:$T$604,Config!$B$7)=0,1,0)) | P9: =IF($O9=1,COUNTIF($O$5:$O9,1),"")
I10: =IF($B10="","","Ativo") | J10: =IF($B10="","",IF(COUNTIFS('1a1'!$B$52:$B$111,$A10,'1a1'!$G$52:$G$111,"Sim")=0,"",_xlfn.MAXIFS('1a1'!$A$52:$A$111,'1a1'!$B$52:$B$111,$A10,'1a1'!$G$52:$G$111,"Sim"))) | K10: =IF($B10="","",COUNTIFS('Alocações'!$B$5:$B$84,$A10,'Alocações'!$N$5:$N$84,"Sim")) | L10: =IF($B10="","",IF($K10=0,"sem alocação",IF($K10=1,INDEX('Alocações'!$F$5:$F$84,MATCH($A10,'Alocações'!$O$5:$O$84,0)),"Multi"))) | M10: =IF($B10="","",IF($K10>1,"Sim","Não")) | N10: =IF(OR($B10="",$F10=""),"",ROUND((Config!$B$6-$F10)/30.4,0)) | O10: =IF($B10="","",IF(COUNTIFS('Ocorrências'!$C$5:$C$604,$A10,'Ocorrências'!$T$5:$T$604,Config!$B$7)=0,1,0)) | P10: =IF($O10=1,COUNTIF($O$5:$O10,1),"")
I11: =IF($B11="","","Ativo") | J11: =IF($B11="","",IF(COUNTIFS('1a1'!$B$52:$B$111,$A11,'1a1'!$G$52:$G$111,"Sim")=0,"",_xlfn.MAXIFS('1a1'!$A$52:$A$111,'1a1'!$B$52:$B$111,$A11,'1a1'!$G$52:$G$111,"Sim"))) | K11: =IF($B11="","",COUNTIFS('Alocações'!$B$5:$B$84,$A11,'Alocações'!$N$5:$N$84,"Sim")) | L11: =IF($B11="","",IF($K11=0,"sem alocação",IF($K11=1,INDEX('Alocações'!$F$5:$F$84,MATCH($A11,'Alocações'!$O$5:$O$84,0)),"Multi"))) | M11: =IF($B11="","",IF($K11>1,"Sim","Não")) | N11: =IF(OR($B11="",$F11=""),"",ROUND((Config!$B$6-$F11)/30.4,0)) | O11: =IF($B11="","",IF(COUNTIFS('Ocorrências'!$C$5:$C$604,$A11,'Ocorrências'!$T$5:$T$604,Config!$B$7)=0,1,0)) | P11: =IF($O11=1,COUNTIF($O$5:$O11,1),"")
I12: =IF($B12="","","Ativo") | J12: =IF($B12="","",IF(COUNTIFS('1a1'!$B$52:$B$111,$A12,'1a1'!$G$52:$G$111,"Sim")=0,"",_xlfn.MAXIFS('1a1'!$A$52:$A$111,'1a1'!$B$52:$B$111,$A12,'1a1'!$G$52:$G$111,"Sim"))) | K12: =IF($B12="","",COUNTIFS('Alocações'!$B$5:$B$84,$A12,'Alocações'!$N$5:$N$84,"Sim")) | L12: =IF($B12="","",IF($K12=0,"sem alocação",IF($K12=1,INDEX('Alocações'!$F$5:$F$84,MATCH($A12,'Alocações'!$O$5:$O$84,0)),"Multi"))) | M12: =IF($B12="","",IF($K12>1,"Sim","Não")) | N12: =IF(OR($B12="",$F12=""),"",ROUND((Config!$B$6-$F12)/30.4,0)) | O12: =IF($B12="","",IF(COUNTIFS('Ocorrências'!$C$5:$C$604,$A12,'Ocorrências'!$T$5:$T$604,Config!$B$7)=0,1,0)) | P12: =IF($O12=1,COUNTIF($O$5:$O12,1),"")
I13: =IF($B13="","","Ativo") | J13: =IF($B13="","",IF(COUNTIFS('1a1'!$B$52:$B$111,$A13,'1a1'!$G$52:$G$111,"Sim")=0,"",_xlfn.MAXIFS('1a1'!$A$52:$A$111,'1a1'!$B$52:$B$111,$A13,'1a1'!$G$52:$G$111,"Sim"))) | K13: =IF($B13="","",COUNTIFS('Alocações'!$B$5:$B$84,$A13,'Alocações'!$N$5:$N$84,"Sim")) | L13: =IF($B13="","",IF($K13=0,"sem alocação",IF($K13=1,INDEX('Alocações'!$F$5:$F$84,MATCH($A13,'Alocações'!$O$5:$O$84,0)),"Multi"))) | M13: =IF($B13="","",IF($K13>1,"Sim","Não")) | N13: =IF(OR($B13="",$F13=""),"",ROUND((Config!$B$6-$F13)/30.4,0)) | O13: =IF($B13="","",IF(COUNTIFS('Ocorrências'!$C$5:$C$604,$A13,'Ocorrências'!$T$5:$T$604,Config!$B$7)=0,1,0)) | P13: =IF($O13=1,COUNTIF($O$5:$O13,1),"")
I14: =IF($B14="","","Ativo") | J14: =IF($B14="","",IF(COUNTIFS('1a1'!$B$52:$B$111,$A14,'1a1'!$G$52:$G$111,"Sim")=0,"",_xlfn.MAXIFS('1a1'!$A$52:$A$111,'1a1'!$B$52:$B$111,$A14,'1a1'!$G$52:$G$111,"Sim"))) | K14: =IF($B14="","",COUNTIFS('Alocações'!$B$5:$B$84,$A14,'Alocações'!$N$5:$N$84,"Sim")) | L14: =IF($B14="","",IF($K14=0,"sem alocação",IF($K14=1,INDEX('Alocações'!$F$5:$F$84,MATCH($A14,'Alocações'!$O$5:$O$84,0)),"Multi"))) | M14: =IF($B14="","",IF($K14>1,"Sim","Não")) | N14: =IF(OR($B14="",$F14=""),"",ROUND((Config!$B$6-$F14)/30.4,0)) | O14: =IF($B14="","",IF(COUNTIFS('Ocorrências'!$C$5:$C$604,$A14,'Ocorrências'!$T$5:$T$604,Config!$B$7)=0,1,0)) | P14: =IF($O14=1,COUNTIF($O$5:$O14,1),"")
I15: =IF($B15="","","Ativo") | J15: =IF($B15="","",IF(COUNTIFS('1a1'!$B$52:$B$111,$A15,'1a1'!$G$52:$G$111,"Sim")=0,"",_xlfn.MAXIFS('1a1'!$A$52:$A$111,'1a1'!$B$52:$B$111,$A15,'1a1'!$G$52:$G$111,"Sim"))) | K15: =IF($B15="","",COUNTIFS('Alocações'!$B$5:$B$84,$A15,'Alocações'!$N$5:$N$84,"Sim")) | L15: =IF($B15="","",IF($K15=0,"sem alocação",IF($K15=1,INDEX('Alocações'!$F$5:$F$84,MATCH($A15,'Alocações'!$O$5:$O$84,0)),"Multi"))) | M15: =IF($B15="","",IF($K15>1,"Sim","Não")) | N15: =IF(OR($B15="",$F15=""),"",ROUND((Config!$B$6-$F15)/30.4,0)) | O15: =IF($B15="","",IF(COUNTIFS('Ocorrências'!$C$5:$C$604,$A15,'Ocorrências'!$T$5:$T$604,Config!$B$7)=0,1,0)) | P15: =IF($O15=1,COUNTIF($O$5:$O15,1),"")
I16: =IF($B16="","","Ativo") | J16: =IF($B16="","",IF(COUNTIFS('1a1'!$B$52:$B$111,$A16,'1a1'!$G$52:$G$111,"Sim")=0,"",_xlfn.MAXIFS('1a1'!$A$52:$A$111,'1a1'!$B$52:$B$111,$A16,'1a1'!$G$52:$G$111,"Sim"))) | K16: =IF($B16="","",COUNTIFS('Alocações'!$B$5:$B$84,$A16,'Alocações'!$N$5:$N$84,"Sim")) | L16: =IF($B16="","",IF($K16=0,"sem alocação",IF($K16=1,INDEX('Alocações'!$F$5:$F$84,MATCH($A16,'Alocações'!$O$5:$O$84,0)),"Multi"))) | M16: =IF($B16="","",IF($K16>1,"Sim","Não")) | N16: =IF(OR($B16="",$F16=""),"",ROUND((Config!$B$6-$F16)/30.4,0)) | O16: =IF($B16="","",IF(COUNTIFS('Ocorrências'!$C$5:$C$604,$A16,'Ocorrências'!$T$5:$T$604,Config!$B$7)=0,1,0)) | P16: =IF($O16=1,COUNTIF($O$5:$O16,1),"")
I17: =IF($B17="","","Ativo") | J17: =IF($B17="","",IF(COUNTIFS('1a1'!$B$52:$B$111,$A17,'1a1'!$G$52:$G$111,"Sim")=0,"",_xlfn.MAXIFS('1a1'!$A$52:$A$111,'1a1'!$B$52:$B$111,$A17,'1a1'!$G$52:$G$111,"Sim"))) | K17: =IF($B17="","",COUNTIFS('Alocações'!$B$5:$B$84,$A17,'Alocações'!$N$5:$N$84,"Sim")) | L17: =IF($B17="","",IF($K17=0,"sem alocação",IF($K17=1,INDEX('Alocações'!$F$5:$F$84,MATCH($A17,'Alocações'!$O$5:$O$84,0)),"Multi"))) | M17: =IF($B17="","",IF($K17>1,"Sim","Não")) | N17: =IF(OR($B17="",$F17=""),"",ROUND((Config!$B$6-$F17)/30.4,0)) | O17: =IF($B17="","",IF(COUNTIFS('Ocorrências'!$C$5:$C$604,$A17,'Ocorrências'!$T$5:$T$604,Config!$B$7)=0,1,0)) | P17: =IF($O17=1,COUNTIF($O$5:$O17,1),"")
I18: =IF($B18="","","Ativo") | J18: =IF($B18="","",IF(COUNTIFS('1a1'!$B$52:$B$111,$A18,'1a1'!$G$52:$G$111,"Sim")=0,"",_xlfn.MAXIFS('1a1'!$A$52:$A$111,'1a1'!$B$52:$B$111,$A18,'1a1'!$G$52:$G$111,"Sim"))) | K18: =IF($B18="","",COUNTIFS('Alocações'!$B$5:$B$84,$A18,'Alocações'!$N$5:$N$84,"Sim")) | L18: =IF($B18="","",IF($K18=0,"sem alocação",IF($K18=1,INDEX('Alocações'!$F$5:$F$84,MATCH($A18,'Alocações'!$O$5:$O$84,0)),"Multi"))) | M18: =IF($B18="","",IF($K18>1,"Sim","Não")) | N18: =IF(OR($B18="",$F18=""),"",ROUND((Config!$B$6-$F18)/30.4,0)) | O18: =IF($B18="","",IF(COUNTIFS('Ocorrências'!$C$5:$C$604,$A18,'Ocorrências'!$T$5:$T$604,Config!$B$7)=0,1,0)) | P18: =IF($O18=1,COUNTIF($O$5:$O18,1),"")
I19: =IF($B19="","","Ativo") | J19: =IF($B19="","",IF(COUNTIFS('1a1'!$B$52:$B$111,$A19,'1a1'!$G$52:$G$111,"Sim")=0,"",_xlfn.MAXIFS('1a1'!$A$52:$A$111,'1a1'!$B$52:$B$111,$A19,'1a1'!$G$52:$G$111,"Sim"))) | K19: =IF($B19="","",COUNTIFS('Alocações'!$B$5:$B$84,$A19,'Alocações'!$N$5:$N$84,"Sim")) | L19: =IF($B19="","",IF($K19=0,"sem alocação",IF($K19=1,INDEX('Alocações'!$F$5:$F$84,MATCH($A19,'Alocações'!$O$5:$O$84,0)),"Multi"))) | M19: =IF($B19="","",IF($K19>1,"Sim","Não")) | N19: =IF(OR($B19="",$F19=""),"",ROUND((Config!$B$6-$F19)/30.4,0)) | O19: =IF($B19="","",IF(COUNTIFS('Ocorrências'!$C$5:$C$604,$A19,'Ocorrências'!$T$5:$T$604,Config!$B$7)=0,1,0)) | P19: =IF($O19=1,COUNTIF($O$5:$O19,1),"")
... I64: =IF($B64="","","Ativo") | J64: =IF($B64="","",IF(COUNTIFS('1a1'!$B$52:$B$111,$A64,'1a1'!$G$52:$G$111,"Sim")=0,"",_xlfn.MAXIFS('1a1'!$A$52:$A$111,'1a1'!$B$52:$B$111,$A64,'1a1'!$G$52:$G$111,"Sim"))) | K64: =IF($B64="","",COUNTIFS('Alocações'!$B$5:$B$84,$A64,'Alocações'!$N$5:$N$84,"Sim")) | L64: =IF($B64="","",IF($K64=0,"sem alocação",IF($K64=1,INDEX('Alocações'!$F$5:$F$84,MATCH($A64,'Alocações'!$O$5:$O$84,0)),"Multi"))) | M64: =IF($B64="","",IF($K64>1,"Sim","Não")) | N64: =IF(OR($B64="",$F64=""),"",ROUND((Config!$B$6-$F64)/30.4,0)) | O64: =IF($B64="","",IF(COUNTIFS('Ocorrências'!$C$5:$C$604,$A64,'Ocorrências'!$T$5:$T$604,Config!$B$7)=0,1,0)) | P64: =IF($O64=1,COUNTIF($O$5:$O64,1),"")

Sheet Alocações
A1: Alocações — uma linha por alocação
A2: Quem está 50% em dois contratos ocupa duas linhas. É aqui que mora a visão por contrato: filtre por cliente e olhe a coluna Gap.
A4: ID_ALOC | B4: ID_PESSOA | C4: Squad | D4: Cliente / Contrato | E4: Projeto | F4: Papel | G4: Alocação % | H4: Entrada | I4: Saída | J4: GP | K4: Líder Técnico | L4: Handover feito em | M4: Pontos transferidos | N4: Ativa | O4: chave ativa | P4: Pessoa | Q4: Gap no ciclo
A5: A001 | B5: P001 | C5: Alfa | D5: Contrato A | E5: Portal do Cliente | F5: Dev/QA | G5: 1 | H5: 45726 | J5: Marcos Lima | K5: Rafael Souza | N5: =IF($A5="","",IF($I5="","Sim","Não")) | O5: =IF($N5="Sim",$B5,"") | P5: =IFERROR(INDEX(Pessoas!$B$5:$B$64,MATCH($B5,Pessoas!$A$5:$A$64,0)),"") | Q5: =IF($A5="","",IFERROR(INDEX('Painel'!$M$5:$M$64,MATCH($B5,'Painel'!$A$5:$A$64,0)),""))
A6: A002 | B6: P002 | C6: Alfa | D6: Contrato A | E6: Portal do Cliente | F6: Dev/QA | G6: 1 | H6: 46188 | J6: Marcos Lima | K6: Rafael Souza | N6: =IF($A6="","",IF($I6="","Sim","Não")) | O6: =IF($N6="Sim",$B6,"") | P6: =IFERROR(INDEX(Pessoas!$B$5:$B$64,MATCH($B6,Pessoas!$A$5:$A$64,0)),"") | Q6: =IF($A6="","",IFERROR(INDEX('Painel'!$M$5:$M$64,MATCH($B6,'Painel'!$A$5:$A$64,0)),""))
A7: A003 | B7: P003 | C7: Beta | D7: Contrato B | E7: Motor de Cobrança | F7: Líder Técnico | G7: 0.5 | H7: 45505 | J7: Marcos Lima | K7: Carla Nunes | N7: =IF($A7="","",IF($I7="","Sim","Não")) | O7: =IF($N7="Sim",$B7,"") | P7: =IFERROR(INDEX(Pessoas!$B$5:$B$64,MATCH($B7,Pessoas!$A$5:$A$64,0)),"") | Q7: =IF($A7="","",IFERROR(INDEX('Painel'!$M$5:$M$64,MATCH($B7,'Painel'!$A$5:$A$64,0)),""))
A8: A004 | B8: P003 | C8: Delta | D8: Contrato C | E8: Faturamento | F8: Dev/QA | G8: 0.5 | H8: 46113 | J8: Paula Reis | K8: Rafael Souza | N8: =IF($A8="","",IF($I8="","Sim","Não")) | O8: =IF($N8="Sim",$B8,"") | P8: =IFERROR(INDEX(Pessoas!$B$5:$B$64,MATCH($B8,Pessoas!$A$5:$A$64,0)),"") | Q8: =IF($A8="","",IFERROR(INDEX('Painel'!$M$5:$M$64,MATCH($B8,'Painel'!$A$5:$A$64,0)),""))
N9: =IF($A9="","",IF($I9="","Sim","Não")) | O9: =IF($N9="Sim",$B9,"") | P9: =IFERROR(INDEX(Pessoas!$B$5:$B$64,MATCH($B9,Pessoas!$A$5:$A$64,0)),"") | Q9: =IF($A9="","",IFERROR(INDEX('Painel'!$M$5:$M$64,MATCH($B9,'Painel'!$A$5:$A$64,0)),""))
N10: =IF($A10="","",IF($I10="","Sim","Não")) | O10: =IF($N10="Sim",$B10,"") | P10: =IFERROR(INDEX(Pessoas!$B$5:$B$64,MATCH($B10,Pessoas!$A$5:$A$64,0)),"") | Q10: =IF($A10="","",IFERROR(INDEX('Painel'!$M$5:$M$64,MATCH($B10,'Painel'!$A$5:$A$64,0)),""))
N11: =IF($A11="","",IF($I11="","Sim","Não")) | O11: =IF($N11="Sim",$B11,"") | P11: =IFERROR(INDEX(Pessoas!$B$5:$B$64,MATCH($B11,Pessoas!$A$5:$A$64,0)),"") | Q11: =IF($A11="","",IFERROR(INDEX('Painel'!$M$5:$M$64,MATCH($B11,'Painel'!$A$5:$A$64,0)),""))
N12: =IF($A12="","",IF($I12="","Sim","Não")) | O12: =IF($N12="Sim",$B12,"") | P12: =IFERROR(INDEX(Pessoas!$B$5:$B$64,MATCH($B12,Pessoas!$A$5:$A$64,0)),"") | Q12: =IF($A12="","",IFERROR(INDEX('Painel'!$M$5:$M$64,MATCH($B12,'Painel'!$A$5:$A$64,0)),""))
N13: =IF($A13="","",IF($I13="","Sim","Não")) | O13: =IF($N13="Sim",$B13,"") | P13: =IFERROR(INDEX(Pessoas!$B$5:$B$64,MATCH($B13,Pessoas!$A$5:$A$64,0)),"") | Q13: =IF($A13="","",IFERROR(INDEX('Painel'!$M$5:$M$64,MATCH($B13,'Painel'!$A$5:$A$64,0)),""))
N14: =IF($A14="","",IF($I14="","Sim","Não")) | O14: =IF($N14="Sim",$B14,"") | P14: =IFERROR(INDEX(Pessoas!$B$5:$B$64,MATCH($B14,Pessoas!$A$5:$A$64,0)),"") | Q14: =IF($A14="","",IFERROR(INDEX('Painel'!$M$5:$M$64,MATCH($B14,'Painel'!$A$5:$A$64,0)),""))
N15: =IF($A15="","",IF($I15="","Sim","Não")) | O15: =IF($N15="Sim",$B15,"") | P15: =IFERROR(INDEX(Pessoas!$B$5:$B$64,MATCH($B15,Pessoas!$A$5:$A$64,0)),"") | Q15: =IF($A15="","",IFERROR(INDEX('Painel'!$M$5:$M$64,MATCH($B15,'Painel'!$A$5:$A$64,0)),""))
N16: =IF($A16="","",IF($I16="","Sim","Não")) | O16: =IF($N16="Sim",$B16,"") | P16: =IFERROR(INDEX(Pessoas!$B$5:$B$64,MATCH($B16,Pessoas!$A$5:$A$64,0)),"") | Q16: =IF($A16="","",IFERROR(INDEX('Painel'!$M$5:$M$64,MATCH($B16,'Painel'!$A$5:$A$64,0)),""))
N17: =IF($A17="","",IF($I17="","Sim","Não")) | O17: =IF($N17="Sim",$B17,"") | P17: =IFERROR(INDEX(Pessoas!$B$5:$B$64,MATCH($B17,Pessoas!$A$5:$A$64,0)),"") | Q17: =IF($A17="","",IFERROR(INDEX('Painel'!$M$5:$M$64,MATCH($B17,'Painel'!$A$5:$A$64,0)),""))
N18: =IF($A18="","",IF($I18="","Sim","Não")) | O18: =IF($N18="Sim",$B18,"") | P18: =IFERROR(INDEX(Pessoas!$B$5:$B$64,MATCH($B18,Pessoas!$A$5:$A$64,0)),"") | Q18: =IF($A18="","",IFERROR(INDEX('Painel'!$M$5:$M$64,MATCH($B18,'Painel'!$A$5:$A$64,0)),""))
N19: =IF($A19="","",IF($I19="","Sim","Não")) | O19: =IF($N19="Sim",$B19,"") | P19: =IFERROR(INDEX(Pessoas!$B$5:$B$64,MATCH($B19,Pessoas!$A$5:$A$64,0)),"") | Q19: =IF($A19="","",IFERROR(INDEX('Painel'!$M$5:$M$64,MATCH($B19,'Painel'!$A$5:$A$64,0)),""))
N20: =IF($A20="","",IF($I20="","Sim","Não")) | O20: =IF($N20="Sim",$B20,"") | P20: =IFERROR(INDEX(Pessoas!$B$5:$B$64,MATCH($B20,Pessoas!$A$5:$A$64,0)),"") | Q20: =IF($A20="","",IFERROR(INDEX('Painel'!$M$5:$M$64,MATCH($B20,'Painel'!$A$5:$A$64,0)),""))
... N84: =IF($A84="","",IF($I84="","Sim","Não")) | O84: =IF($N84="Sim",$B84,"") | P84: =IFERROR(INDEX(Pessoas!$B$5:$B$64,MATCH($B84,Pessoas!$A$5:$A$64,0)),"") | Q84: =IF($A84="","",IFERROR(INDEX('Painel'!$M$5:$M$64,MATCH($B84,'Painel'!$A$5:$A$64,0)),""))

Sheet Config
A1: Configuração do modelo
A2: Ajuste aqui uma vez. Toda a planilha lê desta aba.
A4: Ciclo ativo | B4: 2026-Q3 | C4: Trimestre em avaliação. Formato AAAA-Qn.
A5: Ciclo inicial do uso | B5: 2026-Q3 | C5: Alertas que dependem de histórico ficam suprimidos até haver ciclos suficientes.
A6: Hoje | B6: =TODAY() | C6: Único TODAY() do arquivo. Toda a planilha lê desta célula — volátil por linha suja a cadeia inteira a cada digitação.
A7: Índice do ciclo ativo | B7: =VALUE(LEFT($B$4,4))*4+VALUE(RIGHT($B$4,1)) | C7: Inteiro. Nenhuma comparação temporal usa o texto do ciclo.
A8: Índice do ciclo inicial | B8: =VALUE(LEFT($B$5,4))*4+VALUE(RIGHT($B$5,1))
A9: Ciclos decorridos | B9: =$B$7-$B$8+1
A11: ESCALA — 1 a 5, sem meio ponto, com N/O obrigatório | K11: LISTAS — alimentam os menus. Acrescente valores no fim de cada coluna.
A12: Nota | B12: Rótulo | C12: O que significa | K12: Senioridade | L12: Papel | M12: Squad | N12: Contrato | O12: Tipo | P12: Impacto | Q12: Confidenc. | R12: Sim/Não | S12: Autor | T12: Base obs. | U12: Reação | V12: Prazo | W12: Status PDI | X12: Notas | Y12: Competências | Z12: Ciclos
A13: 1 | B13: Abaixo crítico | C13: Gera dano ou retrabalho recorrente. Exige plano de ação formal. | K13: Júnior | L13: Dev/QA | M13: Alfa | N13: Contrato A | O13: Reconhecimento | P13: Cliente | Q13: Squad | R13: Sim | S13: GP | T13: Diária | U13: Reconheceu | V13: 7 dias | W13: Não iniciado | X13: 1 | Y13: Previsibilidade | Z13: 2026-Q1
A14: 2 | B14: Abaixo do esperado | C14: Precisa de suporte acima do normal para o nível. | K14: Pleno | L14: Líder Técnico | M14: Beta | N14: Contrato B | O14: Positiva | P14: Equipe | Q14: Gestão | R14: Não | S14: Líder Técnico | T14: Cerimônias | U14: Discordou | V14: 14 dias | W14: Em andamento | X14: 2 | Y14: Qualidade da entrega | Z14: 2026-Q2
A15: 3 | B15: Atende | C15: Faz o esperado da senioridade, de forma consistente. É a nota saudável, não é nota ruim. | K15: Sênior | L15: PO/BA | M15: Delta | N15: Contrato C | O15: Ponto de atenção | P15: Entrega | R15: Parcial | T15: Esporádica | U15: Trouxe contexto | V15: 1 ciclo | W15: Concluído | X15: 3 | Y15: Domínio técnico | Z15: 2026-Q3
A16: 4 | B16: Supera | C16: Entrega acima do nível em situações reais e repetidas. | K16: Especialista | L16: UX | O16: Incidente | P16: Nenhum | T16: Insuficiente | W16: Cancelado | X16: 4 | Y16: Design de solução | Z16: 2026-Q4
A17: 5 | B17: Referência | C17: Vira padrão para o time; outros copiam a prática. | O17: Ausência / Disponibilidade | X17: 5 | Y17: Comunicação e colaboração | Z17: 2027-Q1
A18: N/O | B18: Não observado | C18: Sai do cálculo. Deixar em branco é resposta legítima e melhor que chutar. | O18: Contexto atenuante | X18: N/O | Y18: Autonomia e ownership | Z18: 2027-Q2
A20: PESOS POR EIXO — únicos. Papel é contexto exibido, nunca multiplicador.
A21: Eixo | B21: Peso | C21: Por que o papel não entra
A22: A — Entrega | B22: 0.35 | C22: Quem é Dev num contrato e Tech Lead em outro não tem UM papel. Peso por papel produziria número diferente conforme a alocação lida primeiro — sem avisar.
A23: B — Técnico | B23: 0.3
A24: C — Colaboração | B24: 0.2
A25: D — Autonomia | B25: 0.15
A26: Soma (deve ser 100%) | B26: =SUM($B$22:$B$25)
A28: EXPECTATIVA POR SENIORIDADE — premissa v0, NÃO CALIBRADA. Confirme antes de decidir mérito.
A29: Senioridade | B29: Expectativa | C29: Confirmado por | D29: Confirmado em
A30: Júnior | B30: 2.7
A31: Pleno | B31: 3
A32: Sênior | B32: 3.2
A33: Especialista | B33: 3.4
A35: Estes números são ponto de partida desta versão, não benchmark de mercado. Vieram do modelo, não de medição. Calibre ao fim do primeiro ciclo real e registre quem confirmou.
A38: COMPETÊNCIAS E ÂNCORAS — a nota é sempre relativa à senioridade
A39: ID | B39: Eixo | C39: Competência | D39: Avaliador dono | E39: 1 — Abaixo crítico | F39: 2 — Abaixo | G39: 3 — Atende (esperado do nível) | H39: 4 — Supera | I39: 5 — Referência
A40: C01 | B40: A — Entrega | C40: Previsibilidade | D40: GP | E40: Prazos estouram sem aviso; o time descobre na review. Compromisso assumido não é cumprido nem renegociado. | F40: Entrega, mas quase sempre depois; o aviso de atraso vem tarde demais para o PO replanejar. | G40: Cumpre o combinado na maioria das sprints; quando vai atrasar, avisa a tempo de o time reagir, com nova data. | H40: Estimativa confiável inclusive em item ambíguo; identifica risco antes de começar e negocia escopo em vez de estourar. | I40: É a referência de previsibilidade da squad; o roadmap é planejado sobre a estimativa dela sem colchão.
A41: C02 | B41: A — Entrega | C41: Qualidade da entrega | D41: Líder Técnico | E41: Entrega volta de QA ou de produção com frequência; deixa retrabalho recorrente para o próximo. | F41: Cobre o caminho feliz; falha em erro, borda e dado real. PR volta 2+ rodadas com frequência. | G41: PR passa em 1–2 rodadas; teste junto com o código, cobrindo erro e borda. Reprovação em QA é exceção. | H41: Escolhe o nível certo de teste e testa o risco; seus testes já pegaram regressão de terceiros. | I41: Melhorou a testabilidade do sistema: reduziu flaky, criou fixture ou harness que o time inteiro usa.
A42: C03 | B42: B — Técnico | C42: Domínio técnico | D42: Líder Técnico | E42: Erros conceituais recorrentes na stack principal; a mesma explicação precisa ser repetida a cada sprint. | F42: Resolve o caminho feliz; trava em erro, concorrência, performance ou dado real e depende de terceiro. | G42: Resolve sozinho problemas típicos do produto no nível dele; sabe onde o sistema quebra e onde procurar o resto. | H42: Resolve problema fora da zona conhecida; explica trade-off de custo, risco e prazo, e sustenta a escolha com dado. | I42: Referência técnica consultada por outras squads; decisões dele viram padrão ou ADR na empresa.
A43: C04 | B43: B — Técnico | C43: Design de solução | D43: Líder Técnico | E43: Cria estrutura nova sem perguntar e ignora fronteiras existentes; gera retrabalho. | F43: Copia padrão sem entender; escolhe por familiaridade, não por trade-off. | G43: Escolhe entre alternativas conhecidas e sabe dizer o que ganha e o que perde. | H43: Antecipa acoplamento e custo de reverter; escreve a decisão antes de codar. | I43: Decisão dele mudou o rumo de mais de um time e envelheceu bem.
A44: C05 | B44: C — Colaboração | C44: Comunicação e colaboração | D44: Compartilhado | E44: Status enganoso ou ausente; aprova PR sem ler; discordância técnica vira questão de ego. | F44: Comunica, mas exige garimpo; mistura nit com bloqueante e trava PR por gosto pessoal. | G44: Card, PR e mensagem que quem não estava no contexto entende; revisa em até 1 dia útil e pega problema real. | H44: Adapta a mensagem ao público; o comentário de review ensina e propõe alternativa sem assumir o teclado. | I44: A comunicação dela destrava decisão de outros times; é referência de review e medeia discordância sem escalar.
A45: C06 | B45: D — Autonomia | C45: Autonomia e ownership | D45: Compartilhado | E45: Só avança com direcionamento passo a passo; entrega a tarefa e ignora que o problema continua de pé. | F45: Precisa de acompanhamento acima do normal para o nível; escala tarde ou escala tudo, sem tentativa própria. | G45: Toca as próprias demandas com direcionamento normal; escala no momento certo, com hipótese e opções. | H45: Assume problema mal definido e devolve solução; puxa as pessoas necessárias sem precisar do gestor no meio. | I45: Assume tema crítico de ponta a ponta, técnico e stakeholder, e o gestor deixa de precisar acompanhar.
